ID,className,METHOD,callchain,score
cn.nc.issuance.dist.facade.controller.DistributionManageQueryDistInfoController#doService,cn.nc.issuance.dist.facade.controller.DistributionManageQueryDistInfoController,doService,3,3
cn.nc.user.index.facade.controller.GetStatisticsUserController#getStatisticsUserListByLogin,cn.nc.user.index.facade.controller.GetStatisticsUserController,getStatisticsUserListByLogin,1,1
cn.nc.issuance.dist.facade.controller.PreViewDistController#doService,cn.nc.issuance.dist.facade.controller.PreViewDistController,doService,8,174
cn.nc.issuance.book.dcm.facade.controller.systemadmin.BondConfigModifyController#handle,cn.nc.issuance.book.dcm.facade.controller.systemadmin.BondConfigModifyController,handle,1,1
cn.nc.issuance.book.dcm.query.facade.controller.bondAdd.BondBankAccountListController#handle,cn.nc.issuance.book.dcm.query.facade.controller.bondAdd.BondBankAccountListController,handle,1,1
cn.nc.user.inst.facade.controller.QueryListInstMaintenanceHistoryController#doService,cn.nc.user.inst.facade.controller.QueryListInstMaintenanceHistoryController,doService,4,12
cn.nc.issuance.book.dcm.query.facade.controller.purchaseManage.PurchaseOfferManageListController#doService,cn.nc.issuance.book.dcm.query.facade.controller.purchaseManage.PurchaseOfferManageListController,doService,3,12
cn.nc.pub.msg.facade.controller.outside.PubBookCrmwProductInstanceReceiveController#receiveBookCrmwProductInstance,cn.nc.pub.msg.facade.controller.outside.PubBookCrmwProductInstanceReceiveController,receiveBookCrmwProductInstance,1,1
cn.nc.issuance.book.dcm.facade.controller.publishadmin.ConsignGroupOfferReplyController#doService,cn.nc.issuance.book.dcm.facade.controller.publishadmin.ConsignGroupOfferReplyController,doService,3,3
cn.nc.operation.base.facade.controller.work.WorkGroupSaveController#doService,cn.nc.operation.base.facade.controller.work.WorkGroupSaveController,doService,4,11
cn.nc.user.reguser.facade.controller.QueryRegThirdUserRelListController#queryThirdUserRelList,cn.nc.user.reguser.facade.controller.QueryRegThirdUserRelListController,queryThirdUserRelList,1,1
cn.nc.issuance.book.dcm.query.facade.controller.pricingplacing.BondCreateReachedBookController#handle,cn.nc.issuance.book.dcm.query.facade.controller.pricingplacing.BondCreateReachedBookController,handle,1,1
cn.nc.issuance.book.dcm.query.facade.controller.systemadmin.SendPurchaseDetailQueryController#handle,cn.nc.issuance.book.dcm.query.facade.controller.systemadmin.SendPurchaseDetailQueryController,handle,1,1
cn.nc.user.reguser.facade.controller.UnbindThirdUserController#unbindThirdUserByCheckcode,cn.nc.user.reguser.facade.controller.UnbindThirdUserController,unbindThirdUserByCheckcode,1,1
cn.nc.user.ukey.facade.controller.GetUkeyExpressDetailsController#doService,cn.nc.user.ukey.facade.controller.GetUkeyExpressDetailsController,doService,2,10
cn.nc.issuance.dist.facade.controller.DistHisAgreDetailQueryController#doService,cn.nc.issuance.dist.facade.controller.DistHisAgreDetailQueryController,doService,5,9
cn.nc.user.external.facade.controller.BussRoleListController#getInstRoleList,cn.nc.user.external.facade.controller.BussRoleListController,getInstRoleList,1,1
cn.nc.pub.msg.facade.controller.outside.PubParameterRuleQueryController#getParameterRule,cn.nc.pub.msg.facade.controller.outside.PubParameterRuleQueryController,getParameterRule,1,1
cn.nc.user.reguser.facade.controller.UnbindThirdInstUserController#unbindThirdInstUserByCheckcode,cn.nc.user.reguser.facade.controller.UnbindThirdInstUserController,unbindThirdInstUserByCheckcode,1,1
cn.nc.channel.mix.controller.channel.issuedbond.QueryIssuedFinancialBondsController#queryIssuedFinancialBonds,cn.nc.channel.mix.controller.channel.issuedbond.QueryIssuedFinancialBondsController,queryIssuedFinancialBonds,1,1
cn.nc.user.xfile.facade.controller.XFileExtController#batchDeleteByIds,cn.nc.user.xfile.facade.controller.XFileExtController,batchDeleteByIds,4,19
cn.nc.issuance.bid.facade.controller.biddingManagement.bidInfoMgmt.QueryBidInfoMgmtHpController#handle,cn.nc.issuance.bid.facade.controller.biddingManagement.bidInfoMgmt.QueryBidInfoMgmtHpController,handle,1,1
cn.nc.issuance.book.dcm.query.facade.controller.hisinfoquery.RegistrationNoticeDownLoadController#handle,cn.nc.issuance.book.dcm.query.facade.controller.hisinfoquery.RegistrationNoticeDownLoadController,handle,1,1
cn.nc.issuance.book.dcm.query.facade.controller.hisinfoquery.PublishSolutionBatchDownLoadController#doService,cn.nc.issuance.book.dcm.query.facade.controller.hisinfoquery.PublishSolutionBatchDownLoadController,doService,3,19
cn.nc.pub.msg.facade.controller.parameterTemplate.ParameterTemplateDeleteController#doService,cn.nc.pub.msg.facade.controller.parameterTemplate.ParameterTemplateDeleteController,doService,7,34
cn.nc.issuance.book.dcm.query.facade.controller.bondAdd.BondBookManagerListController#doService,cn.nc.issuance.book.dcm.query.facade.controller.bondAdd.BondBookManagerListController,doService,1,1
cn.nc.issuance.book.dcm.query.facade.controller.querystatistics.PublishSuccBondQueryController#publishSuccBondInfoQuery,cn.nc.issuance.book.dcm.query.facade.controller.querystatistics.PublishSuccBondQueryController,publishSuccBondInfoQuery,1,1
cn.nc.issuance.book.dcm.facade.controller.pricingplacing.HolderAccountQueryController#handle,cn.nc.issuance.book.dcm.facade.controller.pricingplacing.HolderAccountQueryController,handle,1,1
cn.nc.issuance.book.dcm.query.facade.controller.systemadmin.PreviewLocalAppointmentListController#handle,cn.nc.issuance.book.dcm.query.facade.controller.systemadmin.PreviewLocalAppointmentListController,handle,1,1
cn.nc.issuance.dist.facade.controller.DistCheckMemController#handle,cn.nc.issuance.dist.facade.controller.DistCheckMemController,handle,1,1
cn.nc.issuance.bid.facade.controller.biddingresultMgmt.PaymentAmountEnterConfirmController#paymentAmountConfirm,cn.nc.issuance.bid.facade.controller.biddingresultMgmt.PaymentAmountEnterConfirmController,paymentAmountConfirm,1,1
cn.nc.channel.auth.outer.facade.controller.AppUserResetPwdController#doService,cn.nc.channel.auth.outer.facade.controller.AppUserResetPwdController,doService,3,11
cn.nc.user.query.facade.controller.GetUserInfoByUserIdController#doService,cn.nc.user.query.facade.controller.GetUserInfoByUserIdController,doService,4,16
cn.nc.user.archive.facade.controller.QueryArchivedSubController#queryArchivedListSub,cn.nc.user.archive.facade.controller.QueryArchivedSubController,queryArchivedListSub,1,1
cn.nc.issuance.dist.facade.controller.external.DCMForExternalSelectBondReportController#selectBondReport,cn.nc.issuance.dist.facade.controller.external.DCMForExternalSelectBondReportController,selectBondReport,1,1
cn.nc.issuance.book.dcm.query.facade.controller.querystatistics.BondPublishProcessDetailQueryController#handle,cn.nc.issuance.book.dcm.query.facade.controller.querystatistics.BondPublishProcessDetailQueryController,handle,1,1
cn.nc.user.instuser.facade.controller.RevokeApproveInstUserController#instUserApproveCancel,cn.nc.user.instuser.facade.controller.RevokeApproveInstUserController,instUserApproveCancel,1,1
cn.nc.user.staff.facade.controller.MenuOutUserMenuTreeListController#doService,cn.nc.user.staff.facade.controller.MenuOutUserMenuTreeListController,doService,4,10
cn.nc.user.external.facade.controller.BussRoleListController#doService,cn.nc.user.external.facade.controller.BussRoleListController,doService,3,2
cn.nc.operation.base.facade.controller.work.WorkGroupQueryWorkItemsController#doService,cn.nc.operation.base.facade.controller.work.WorkGroupQueryWorkItemsController,doService,5,9
cn.nc.starter.file.controller.FileStoragePresignedController#downLoad,cn.nc.starter.file.controller.FileStoragePresignedController,downLoad,1,4
cn.nc.channel.msg.facade.controller.NoticeTopToggleController#doService,cn.nc.channel.msg.facade.controller.NoticeTopToggleController,doService,2,1
cn.nc.issuance.dist.facade.controller.external.DCMForExternalSellerConfirmController#sellerConfirm,cn.nc.issuance.dist.facade.controller.external.DCMForExternalSellerConfirmController,sellerConfirm,1,1
cn.nc.user.label.facade.controller.LabelListController#doService,cn.nc.user.label.facade.controller.LabelListController,doService,4,8
cn.nc.issuance.bid.facade.controller.shchTenderMgmt.TiShchBondConfirmPublishController#publishBondInfo,cn.nc.issuance.bid.facade.controller.shchTenderMgmt.TiShchBondConfirmPublishController,publishBondInfo,1,1
cn.nc.issuance.book.dcm.facade.controller.bondadjustorder.BjBondAdjustNoticeReSendController#doService,cn.nc.issuance.book.dcm.facade.controller.bondadjustorder.BjBondAdjustNoticeReSendController,doService,3,6
cn.nc.user.cfaeacct.facade.controller.ClientCfaeAcctHisListController#doService,cn.nc.user.cfaeacct.facade.controller.ClientCfaeAcctHisListController,doService,3,4
cn.nc.pub.msg.facade.controller.parameterRule.ParameterRuleExportController#doService,cn.nc.pub.msg.facade.controller.parameterRule.ParameterRuleExportController,doService,2,19
cn.nc.issuance.book.dcm.query.facade.controller.querystatistics.BookBuildDetailDownLoadController#doService,cn.nc.issuance.book.dcm.query.facade.controller.querystatistics.BookBuildDetailDownLoadController,doService,2,1
cn.nc.user.inst.facade.controller.InstInfoAccountOpenDocDownController#instDownAccountOpenDoc,cn.nc.user.inst.facade.controller.InstInfoAccountOpenDocDownController,instDownAccountOpenDoc,3,9
cn.nc.pub.msg.facade.controller.setting.MsgTemplateSaveController#doService,cn.nc.pub.msg.facade.controller.setting.MsgTemplateSaveController,doService,5,8
cn.nc.issuance.bid.facade.controller.bondccdc.BondPublishCcdcController#handle,cn.nc.issuance.bid.facade.controller.bondccdc.BondPublishCcdcController,handle,1,1
cn.nc.issuance.book.dcm.query.facade.controller.dcmbondadmin.BondConfirmInfoController#doService,cn.nc.issuance.book.dcm.query.facade.controller.dcmbondadmin.BondConfirmInfoController,doService,2,1
cn.nc.issuance.book.dcm.query.facade.controller.DistHisResultExportController#handle,cn.nc.issuance.book.dcm.query.facade.controller.DistHisResultExportController,handle,1,1
cn.nc.user.summary.facede.comtroller.ExportUserWorkController#exportUserWorkList,cn.nc.user.summary.facede.comtroller.ExportUserWorkController,exportUserWorkList,2,10
cn.nc.channel.backend.facade.controller.ComponentConfigDelController#componentConfigDelById,cn.nc.channel.backend.facade.controller.ComponentConfigDelController,componentConfigDelById,1,1
cn.nc.issuance.book.dcm.query.facade.controller.systemadmin.RegtrationFilesToSHCHExController#doService,cn.nc.issuance.book.dcm.query.facade.controller.systemadmin.RegtrationFilesToSHCHExController,doService,2,1
cn.nc.user.staff.facade.controller.MenuPageMenuListController#handle,cn.nc.user.staff.facade.controller.MenuPageMenuListController,handle,1,1
cn.nc.user.cfaeacct.facade.controller.ClientCfaeAcctBatchDeleteController#cfaeacctBatchDeleteClient,cn.nc.user.cfaeacct.facade.controller.ClientCfaeAcctBatchDeleteController,cfaeacctBatchDeleteClient,1,1
cn.nc.issuance.common.facade.controller.query.ContactListController#doService,cn.nc.issuance.common.facade.controller.query.ContactListController,doService,2,5
cn.nc.issuance.book.dcm.facade.controller.bondauthorize.BondAuthorizeAuditController#handle,cn.nc.issuance.book.dcm.facade.controller.bondauthorize.BondAuthorizeAuditController,handle,1,1
cn.nc.channel.msg.facade.controller.NoticeTopToggleController#handle,cn.nc.channel.msg.facade.controller.NoticeTopToggleController,handle,1,1
cn.nc.starter.file.controller.FileStorageController#downloadByUrl,cn.nc.starter.file.controller.FileStorageController,downloadByUrl,1,4
cn.nc.issuance.book.dcm.facade.controller.bondadjustorder.BjBondAdjustNoticeReSendController#handle,cn.nc.issuance.book.dcm.facade.controller.bondadjustorder.BjBondAdjustNoticeReSendController,handle,1,1
cn.nc.issuance.book.dcm.query.facade.controller.dcmbondadmin.BookPrepareCompleteCheckController#doService,cn.nc.issuance.book.dcm.query.facade.controller.dcmbondadmin.BookPrepareCompleteCheckController,doService,1,1
cn.nc.user.ukey.facade.controller.UkeyMaintainHisClientBatchApprovalRefuseController#ukeyMaintainHisBatchApprovalRefuse,cn.nc.user.ukey.facade.controller.UkeyMaintainHisClientBatchApprovalRefuseController,ukeyMaintainHisBatchApprovalRefuse,1,1
cn.nc.user.inst.facade.controller.QueryInstInfoHisListController#queryInstInfoHisList,cn.nc.user.inst.facade.controller.QueryInstInfoHisListController,queryInstInfoHisList,1,1
cn.nc.issuance.common.facade.controller.SysDictionaryAuditCheckController#doService,cn.nc.issuance.common.facade.controller.SysDictionaryAuditCheckController,doService,8,22
cn.nc.user.archive.facade.controller.QueryUnArchiveListController#doService,cn.nc.user.archive.facade.controller.QueryUnArchiveListController,doService,2,1
cn.nc.issuance.bid.facade.controller.shchTenderMgmt.TiBondListQueryController#queryBondListInfo,cn.nc.issuance.bid.facade.controller.shchTenderMgmt.TiBondListQueryController,queryBondListInfo,1,1
cn.nc.issuance.common.facade.controller.SysDictionaryAuditAddController#doService,cn.nc.issuance.common.facade.controller.SysDictionaryAuditAddController,doService,9,33
cn.nc.pub.msg.facade.controller.send.StopSmsListenerController#stopListener,cn.nc.pub.msg.facade.controller.send.StopSmsListenerController,stopListener,1,1
cn.nc.issuance.book.dcm.query.facade.controller.systemadmin.BussinessAllBillsQueryController#handle,cn.nc.issuance.book.dcm.query.facade.controller.systemadmin.BussinessAllBillsQueryController,handle,1,1
cn.nc.issuance.book.dcm.query.facade.controller.bill.BillListController#doService,cn.nc.issuance.book.dcm.query.facade.controller.bill.BillListController,doService,5,12
cn.nc.issuance.book.dcm.query.facade.controller.querystatistics.ExportPublishedBondInfoController#doService,cn.nc.issuance.book.dcm.query.facade.controller.querystatistics.ExportPublishedBondInfoController,doService,1,1
cn.nc.issuance.bid.facade.controller.biddingManagement.bidSuppAdmi.QueryResLeftController#doService,cn.nc.issuance.bid.facade.controller.biddingManagement.bidSuppAdmi.QueryResLeftController,doService,9,37
cn.nc.pub.msg.facade.controller.productTag.ProductTagEnableController#doService,cn.nc.pub.msg.facade.controller.productTag.ProductTagEnableController,doService,4,13
cn.nc.issuance.book.dcm.facade.controller.systemadmin.BookLocalAppointmentAuditController#doService,cn.nc.issuance.book.dcm.facade.controller.systemadmin.BookLocalAppointmentAuditController,doService,16,195
cn.nc.operation.base.facade.controller.notice.NoticeGetByIdController#doService,cn.nc.operation.base.facade.controller.notice.NoticeGetByIdController,doService,4,6
cn.nc.issuance.common.facade.controller.BillPrintController#handle,cn.nc.issuance.common.facade.controller.BillPrintController,handle,1,0
cn.nc.pub.wkcl.facade.controller.trade.TradeCalSelectController#doService,cn.nc.pub.wkcl.facade.controller.trade.TradeCalSelectController,doService,3,2
cn.nc.user.ukey.facade.controller.QueryUkeyMaintainRecordCenterController#queryUkeyMaintainRecordListForCenter,cn.nc.user.ukey.facade.controller.QueryUkeyMaintainRecordCenterController,queryUkeyMaintainRecordListForCenter,1,1
cn.nc.issuance.book.dcm.query.facade.controller.bondAdd.BondRepaymentListController#handle,cn.nc.issuance.book.dcm.query.facade.controller.bondAdd.BondRepaymentListController,handle,1,1
cn.nc.issuance.book.dcm.query.facade.controller.querystatistics.ExportWinBiddingOrganDetailController#handle,cn.nc.issuance.book.dcm.query.facade.controller.querystatistics.ExportWinBiddingOrganDetailController,handle,1,1
cn.nc.user.query.facade.controller.SearchThirdRelDetailsController#searchThirdRelList,cn.nc.user.query.facade.controller.SearchThirdRelDetailsController,searchThirdRelList,1,1
cn.nc.user.clientorgquery.facade.controller.ClientOrgUserHisListController#clientOrgUserHisList,cn.nc.user.clientorgquery.facade.controller.ClientOrgUserHisListController,clientOrgUserHisList,1,1
cn.nc.issuance.book.dcm.facade.controller.querystatistics.BondGroupFeeAccountBookUpdateController#doService,cn.nc.issuance.book.dcm.facade.controller.querystatistics.BondGroupFeeAccountBookUpdateController,doService,8,25
cn.nc.issuance.book.dcm.facade.controller.bondallocation.BondAllocationAuditController#handle,cn.nc.issuance.book.dcm.facade.controller.bondallocation.BondAllocationAuditController,handle,1,1
cn.nc.channel.backend.facade.controller.UnLoginPageDispController#queryUnLoginPageDispInfo,cn.nc.channel.backend.facade.controller.UnLoginPageDispController,queryUnLoginPageDispInfo,1,1
cn.nc.channel.search.facade.controller.GuestFinancialSearchController#doService,cn.nc.channel.search.facade.controller.GuestFinancialSearchController,doService,3,9
cn.nc.issuance.bid.facade.controller.bill.BillListController#doService,cn.nc.issuance.bid.facade.controller.bill.BillListController,doService,5,12
cn.nc.user.cfaeacct.facade.controller.ClientCfaeAcctDeleteController#cfaeacctDeleteClient,cn.nc.user.cfaeacct.facade.controller.ClientCfaeAcctDeleteController,cfaeacctDeleteClient,1,1
cn.nc.issuance.book.dcm.query.facade.controller.querystatistics.QueryBookFlowNodeAdjustRecordsController#doService,cn.nc.issuance.book.dcm.query.facade.controller.querystatistics.QueryBookFlowNodeAdjustRecordsController,doService,2,3
cn.nc.pub.msg.facade.controller.setting.MsgTemplateDeleteController#doService,cn.nc.pub.msg.facade.controller.setting.MsgTemplateDeleteController,doService,3,6
cn.nc.channel.backend.facade.controller.ComponentUnrelEntranceController#queryCmptUnrelEntrance,cn.nc.channel.backend.facade.controller.ComponentUnrelEntranceController,queryCmptUnrelEntrance,1,1
cn.nc.issuance.book.dcm.query.facade.controller.systemadmin.BondConfigManageExportController#doService,cn.nc.issuance.book.dcm.query.facade.controller.systemadmin.BondConfigManageExportController,doService,3,10
cn.nc.issuance.book.dcm.facade.controller.directinvestor.whitelist.nx.AccountWlConfirmController#accountWhiteListConfirm,cn.nc.issuance.book.dcm.facade.controller.directinvestor.whitelist.nx.AccountWlConfirmController,accountWhiteListConfirm,1,1
cn.nc.issuance.book.dcm.facade.controller.systemadmin.ReSendNoticeToXPController#doService,cn.nc.issuance.book.dcm.facade.controller.systemadmin.ReSendNoticeToXPController,doService,1,1
cn.nc.issuance.book.dcm.query.facade.controller.unannounced.UnAnnounceBondQueryMatchController#doService,cn.nc.issuance.book.dcm.query.facade.controller.unannounced.UnAnnounceBondQueryMatchController,doService,3,6
cn.nc.channel.backend.facade.controller.PageDispOrderQueryController#doService,cn.nc.channel.backend.facade.controller.PageDispOrderQueryController,doService,4,5
cn.nc.user.external.facade.controller.DepositAccListController#getDepositAccountList,cn.nc.user.external.facade.controller.DepositAccListController,getDepositAccountList,1,1
cn.nc.pub.msg.facade.controller.productInstance.ProductInstanceExportController#doService,cn.nc.pub.msg.facade.controller.productInstance.ProductInstanceExportController,doService,2,11
cn.nc.issuance.book.dcm.query.facade.controller.bondReview.BondReviewDetailController#doService,cn.nc.issuance.book.dcm.query.facade.controller.bondReview.BondReviewDetailController,doService,1,1
cn.nc.issuance.bid.facade.controller.shchTenderMgmt.TiBillModifyController#handle,cn.nc.issuance.bid.facade.controller.shchTenderMgmt.TiBillModifyController,handle,1,1
cn.nc.user.cfaeacct.facade.controller.ClientCfaeAcctCapitalQueryListController#clientCfaeAcctCapitalQueryList,cn.nc.user.cfaeacct.facade.controller.ClientCfaeAcctCapitalQueryListController,clientCfaeAcctCapitalQueryList,1,1
cn.nc.user.inst.facade.controller.QueryInstRoleRelByInstRoleIdsController#queryInstRoleRelListByInstRoleIds,cn.nc.user.inst.facade.controller.QueryInstRoleRelByInstRoleIdsController,queryInstRoleRelListByInstRoleIds,1,1
cn.nc.user.seal.facade.controller.SealHisClientBatchDeleteController#doService,cn.nc.user.seal.facade.controller.SealHisClientBatchDeleteController,doService,4,17
cn.nc.issuance.book.dcm.query.facade.controller.bondAdd.BondPublishObjectListController#doService,cn.nc.issuance.book.dcm.query.facade.controller.bondAdd.BondPublishObjectListController,doService,1,1
cn.nc.issuance.book.dcm.query.facade.controller.bondAdd.BondIntellectAdditionController#doService,cn.nc.issuance.book.dcm.query.facade.controller.bondAdd.BondIntellectAdditionController,doService,1,1
cn.nc.issuance.book.dcm.query.facade.controller.issueamountadjust.IssueAmountAdjustDownloadFileController#doService,cn.nc.issuance.book.dcm.query.facade.controller.issueamountadjust.IssueAmountAdjustDownloadFileController,doService,3,13
cn.nc.issuance.book.dcm.facade.controller.homestart.ExerciseRemindersExportBatchController#doService,cn.nc.issuance.book.dcm.facade.controller.homestart.ExerciseRemindersExportBatchController,doService,1,1
cn.nc.user.staff.facade.controller.in.PositionPermissionListController#doService,cn.nc.user.staff.facade.controller.in.PositionPermissionListController,doService,4,7
cn.nc.user.cfaeacct.facade.controller.CenterCfaeAcctHisQueryListController#centerCfaeAcctHisQueryList,cn.nc.user.cfaeacct.facade.controller.CenterCfaeAcctHisQueryListController,centerCfaeAcctHisQueryList,1,1
cn.nc.pub.msg.facade.controller.parameterGroup.ParameterGroupListQueryController#getParameterGroups,cn.nc.pub.msg.facade.controller.parameterGroup.ParameterGroupListQueryController,getParameterGroups,1,1
cn.nc.user.position.facade.controller.client.ClientPositionHisFindInfoController#handle,cn.nc.user.position.facade.controller.client.ClientPositionHisFindInfoController,handle,1,1
cn.nc.issuance.book.dcm.facade.controller.bondallocation.BondAllocationModifyController#doService,cn.nc.issuance.book.dcm.facade.controller.bondallocation.BondAllocationModifyController,doService,2,1
cn.nc.channel.auth.outer.facade.controller.InstUserQueryController#doService,cn.nc.channel.auth.outer.facade.controller.InstUserQueryController,doService,3,13
cn.nc.issuance.book.dcm.query.facade.controller.purchaseorder.PurchaseOrderListController#handle,cn.nc.issuance.book.dcm.query.facade.controller.purchaseorder.PurchaseOrderListController,handle,1,1
cn.nc.operation.base.facade.controller.task.TaskRevokeController#revoke,cn.nc.operation.base.facade.controller.task.TaskRevokeController,revoke,1,1
cn.nc.issuance.common.facade.controller.SysConfigAuditListController#doService,cn.nc.issuance.common.facade.controller.SysConfigAuditListController,doService,4,7
cn.nc.channel.mix.controller.channel.dist.QueryCompletedDistBondController#queryCompletedDistBond,cn.nc.channel.mix.controller.channel.dist.QueryCompletedDistBondController,queryCompletedDistBond,1,1
cn.nc.issuance.dist.facade.controller.external.DCMForExternalBuyerRevokeController#buyerRevoke,cn.nc.issuance.dist.facade.controller.external.DCMForExternalBuyerRevokeController,buyerRevoke,1,1
cn.nc.issuance.book.dcm.query.facade.controller.querystatistics.OrganMonitorQueryController#doService,cn.nc.issuance.book.dcm.query.facade.controller.querystatistics.OrganMonitorQueryController,doService,3,2
cn.nc.channel.mix.controller.issuance.QueryOptionalBondController#doService,cn.nc.channel.mix.controller.issuance.QueryOptionalBondController,doService,3,2
cn.nc.user.conf.facade.controller.CenterConfBusinessRoleLinkRoleListController#confBusinessRoleLinkRoleList,cn.nc.user.conf.facade.controller.CenterConfBusinessRoleLinkRoleListController,confBusinessRoleLinkRoleList,1,1
cn.nc.user.ukey.facade.controller.QueryUkeyExpressLastExpressTypeController#doService,cn.nc.user.ukey.facade.controller.QueryUkeyExpressLastExpressTypeController,doService,4,6
cn.nc.issuance.book.dcm.query.facade.controller.directinvestor.DirectInvestorAuthQueryController#directInvestorAuthQuery,cn.nc.issuance.book.dcm.query.facade.controller.directinvestor.DirectInvestorAuthQueryController,directInvestorAuthQuery,1,1
cn.nc.pub.wkcl.facade.controller.sys.SysTradeCalDeleteController#doService,cn.nc.pub.wkcl.facade.controller.sys.SysTradeCalDeleteController,doService,3,6
cn.nc.user.initinst.facade.controller.GetInstOpenApplyDetailsController#doService,cn.nc.user.initinst.facade.controller.GetInstOpenApplyDetailsController,doService,17,51
cn.nc.operation.base.facade.controller.work.WorkingScheduleDictDeleteController#remove,cn.nc.operation.base.facade.controller.work.WorkingScheduleDictDeleteController,remove,1,1
cn.nc.user.seal.facade.controller.QuerySealController#doService,cn.nc.user.seal.facade.controller.QuerySealController,doService,4,17
cn.nc.user.xfile.facade.controller.XFileExtController#doService,cn.nc.user.xfile.facade.controller.XFileExtController,doService,4,10
cn.nc.issuance.book.dcm.query.facade.controller.modifyinterimbondinfo.ModifyInterimCheckEditController#doService,cn.nc.issuance.book.dcm.query.facade.controller.modifyinterimbondinfo.ModifyInterimCheckEditController,doService,2,1
cn.nc.issuance.book.dcm.query.facade.controller.dcmbondadmin.ExportPurchaseHisController#doService,cn.nc.issuance.book.dcm.query.facade.controller.dcmbondadmin.ExportPurchaseHisController,doService,1,1
cn.nc.issuance.book.dcm.query.facade.controller.bond.queryCanUsedBondsController#doService,cn.nc.issuance.book.dcm.query.facade.controller.bond.queryCanUsedBondsController,doService,2,1
cn.nc.channel.backend.facade.controller.IdentityRelSelectQueryController#queryPageIdentityForSelect,cn.nc.channel.backend.facade.controller.IdentityRelSelectQueryController,queryPageIdentityForSelect,1,1
cn.nc.channel.msg.facade.controller.SilentModeToggleController#doService,cn.nc.channel.msg.facade.controller.SilentModeToggleController,doService,6,11
cn.nc.user.staff.facade.controller.in.PositionUserPositionListController#handle,cn.nc.user.staff.facade.controller.in.PositionUserPositionListController,handle,1,1
cn.nc.issuance.book.dcm.query.facade.controller.directinvestor.DirectInvestorAuthQueryController#doService,cn.nc.issuance.book.dcm.query.facade.controller.directinvestor.DirectInvestorAuthQueryController,doService,2,1
cn.nc.channel.backend.facade.controller.ComponentDropdownController#doService,cn.nc.channel.backend.facade.controller.ComponentDropdownController,doService,4,6
cn.nc.pub.wkcl.facade.controller.legal.LegalCalInitController#initYear,cn.nc.pub.wkcl.facade.controller.legal.LegalCalInitController,initYear,1,1
cn.nc.user.position.facade.controller.client.ClientPositionHisOwnerListController#doService,cn.nc.user.position.facade.controller.client.ClientPositionHisOwnerListController,doService,4,11
cn.nc.user.centerorgquery.controller.QueryInstUserRoleIdListController#doService,cn.nc.user.centerorgquery.controller.QueryInstUserRoleIdListController,doService,3,8
cn.nc.user.seal.facade.controller.SealHisClientBatchApprovalRefuseController#sealHisApprovalRefuse,cn.nc.user.seal.facade.controller.SealHisClientBatchApprovalRefuseController,sealHisApprovalRefuse,1,1
cn.nc.pub.wkcl.facade.controller.trade.TradeCalSaveController#doService,cn.nc.pub.wkcl.facade.controller.trade.TradeCalSaveController,doService,7,21
cn.nc.issuance.book.dcm.query.facade.controller.querystatistics.UnderWriterStaticsByBondController#handle,cn.nc.issuance.book.dcm.query.facade.controller.querystatistics.UnderWriterStaticsByBondController,handle,1,1
cn.nc.pub.msg.facade.controller.productParameter.ProductParameterSubmitController#doService,cn.nc.pub.msg.facade.controller.productParameter.ProductParameterSubmitController,doService,4,3
cn.nc.user.summary.facede.comtroller.InnerUserWorkController#doService,cn.nc.user.summary.facede.comtroller.InnerUserWorkController,doService,2,5
cn.nc.issuance.bid.facade.controller.biddingresultMgmt.QueryBiddingResultController#doService,cn.nc.issuance.bid.facade.controller.biddingresultMgmt.QueryBiddingResultController,doService,10,61
cn.nc.pub.wkcl.facade.controller.legal.LegalCalDeleteController#delete,cn.nc.pub.wkcl.facade.controller.legal.LegalCalDeleteController,delete,1,1
cn.nc.user.staff.facade.controller.in.UserUnfreezeController#handle,cn.nc.user.staff.facade.controller.in.UserUnfreezeController,handle,1,1
cn.nc.user.staff.facade.controller.ResourceFindInfoController#doService,cn.nc.user.staff.facade.controller.ResourceFindInfoController,doService,4,6
cn.nc.pub.msg.facade.controller.product.ProductDeleteController#doService,cn.nc.pub.msg.facade.controller.product.ProductDeleteController,doService,7,40
cn.nc.issuance.book.dcm.query.facade.controller.querystatistics.QueryWinBiddingOrganDetailController#handle,cn.nc.issuance.book.dcm.query.facade.controller.querystatistics.QueryWinBiddingOrganDetailController,handle,1,1
cn.nc.issuance.dist.facade.controller.DistBondRecordsQueryController#handle,cn.nc.issuance.dist.facade.controller.DistBondRecordsQueryController,handle,1,1
cn.nc.issuance.book.dcm.query.facade.controller.querystatistics.PublishSuccBondExportController#doService,cn.nc.issuance.book.dcm.query.facade.controller.querystatistics.PublishSuccBondExportController,doService,2,1
cn.nc.issuance.book.dcm.query.facade.controller.homeStart.ExerciseRemindersRecordController#doService,cn.nc.issuance.book.dcm.query.facade.controller.homeStart.ExerciseRemindersRecordController,doService,1,1
cn.nc.user.staff.facade.controller.in.PositionListController#handle,cn.nc.user.staff.facade.controller.in.PositionListController,handle,1,1
cn.nc.issuance.common.facade.controller.SysDictionaryAuditEnableController#doService,cn.nc.issuance.common.facade.controller.SysDictionaryAuditEnableController,doService,2,1
cn.nc.issuance.book.dcm.query.facade.controller.reservationmanage.ReservationManagePrintController#handle,cn.nc.issuance.book.dcm.query.facade.controller.reservationmanage.ReservationManagePrintController,handle,1,1
cn.nc.starter.file.controller.FileStorageController#uploadProgress,cn.nc.starter.file.controller.FileStorageController,uploadProgress,1,4
cn.nc.issuance.common.facade.controller.query.ContactListController#handle,cn.nc.issuance.common.facade.controller.query.ContactListController,handle,1,1
cn.nc.issuance.book.dcm.query.facade.controller.querystatistics.QueryUnderWritingRatioStatisticsController#handle,cn.nc.issuance.book.dcm.query.facade.controller.querystatistics.QueryUnderWritingRatioStatisticsController,handle,1,1
cn.nc.user.centerorgquery.controller.CenterOrgUserListController#doService,cn.nc.user.centerorgquery.controller.CenterOrgUserListController,doService,3,4
cn.nc.operation.base.facade.controller.notice.NoticeTypeSaveController#save,cn.nc.operation.base.facade.controller.notice.NoticeTypeSaveController,save,1,1
cn.nc.user.inst.facade.controller.GetInstInfoController#doService,cn.nc.user.inst.facade.controller.GetInstInfoController,doService,3,9
cn.nc.user.cfaeacct.facade.controller.CfaeAcctCapitalQueryListController#cfaeAcctCapitalQueryList,cn.nc.user.cfaeacct.facade.controller.CfaeAcctCapitalQueryListController,cfaeAcctCapitalQueryList,1,1
cn.nc.issuance.common.facade.controller.InstitutionInfoQueryController#doService,cn.nc.issuance.common.facade.controller.InstitutionInfoQueryController,doService,3,2
cn.nc.issuance.book.dcm.facade.controller.group.GroupSetBookManagerController#handle,cn.nc.issuance.book.dcm.facade.controller.group.GroupSetBookManagerController,handle,1,1
cn.nc.user.cfaeacct.facade.controller.CfaeAcctLargeQueryListController#cfaeAcctLargeQueryList,cn.nc.user.cfaeacct.facade.controller.CfaeAcctLargeQueryListController,cfaeAcctLargeQueryList,1,1
cn.nc.pub.wkcl.facade.controller.legal.LegalCalDetailQueryController#getYearDetails,cn.nc.pub.wkcl.facade.controller.legal.LegalCalDetailQueryController,getYearDetails,1,1
cn.nc.issuance.book.dcm.query.facade.controller.bondAdd.BondSecOrgRatingListController#doService,cn.nc.issuance.book.dcm.query.facade.controller.bondAdd.BondSecOrgRatingListController,doService,1,1
cn.nc.issuance.book.dcm.query.facade.controller.bondallocation.BondAllocationAddInitController#handle,cn.nc.issuance.book.dcm.query.facade.controller.bondallocation.BondAllocationAddInitController,handle,1,1
cn.nc.pub.msg.facade.controller.parameterTemplate.ParameterTemplateGetController#doService,cn.nc.pub.msg.facade.controller.parameterTemplate.ParameterTemplateGetController,doService,11,90
cn.nc.pub.msg.facade.controller.product.ProductAddController#doService,cn.nc.pub.msg.facade.controller.product.ProductAddController,doService,2,2
cn.nc.issuance.book.dcm.facade.controller.pricingplacing.PricingPlacingLoadAdjustController#handle,cn.nc.issuance.book.dcm.facade.controller.pricingplacing.PricingPlacingLoadAdjustController,handle,1,1
cn.nc.channel.backend.facade.controller.InstitutionBondPurchaseController#doService,cn.nc.channel.backend.facade.controller.InstitutionBondPurchaseController,doService,3,6
cn.nc.channel.auth.outer.facade.controller.AppSmsVerificationCodeController#generateAndSendVerificationCode,cn.nc.channel.auth.outer.facade.controller.AppSmsVerificationCodeController,generateAndSendVerificationCode,1,1
cn.nc.user.ukey.facade.controller.UkeyMaintainHisClientApprovalPassController#ukeyMaintainHisApprovalPass,cn.nc.user.ukey.facade.controller.UkeyMaintainHisClientApprovalPassController,ukeyMaintainHisApprovalPass,1,1
cn.nc.user.ukey.facade.controller.QueryUkeyMaintainMyListCenterController#doService,cn.nc.user.ukey.facade.controller.QueryUkeyMaintainMyListCenterController,doService,2,2
cn.nc.channel.backend.facade.controller.UseStatusSelectQueryController#queryUseStatusForSelect,cn.nc.channel.backend.facade.controller.UseStatusSelectQueryController,queryUseStatusForSelect,1,1
cn.nc.issuance.book.dcm.query.facade.controller.DistHisResultQueryController#handle,cn.nc.issuance.book.dcm.query.facade.controller.DistHisResultQueryController,handle,1,1
cn.nc.user.conf.facade.controller.CenterConfDictionarySelectListController#confDictionarySelectList,cn.nc.user.conf.facade.controller.CenterConfDictionarySelectListController,confDictionarySelectList,1,1
cn.nc.pub.msg.facade.controller.outside.PubParameterTemplateQueryController#doService,cn.nc.pub.msg.facade.controller.outside.PubParameterTemplateQueryController,doService,1,1
cn.nc.issuance.bid.facade.controller.biddingManagement.queryBidding.QueryBiddingDetailController#doService,cn.nc.issuance.bid.facade.controller.biddingManagement.queryBidding.QueryBiddingDetailController,doService,5,8
cn.nc.issuance.dist.facade.controller.TemplateDetailController#doService,cn.nc.issuance.dist.facade.controller.TemplateDetailController,doService,6,20
cn.nc.user.index.facade.controller.GetStatisticsSealController#doService,cn.nc.user.index.facade.controller.GetStatisticsSealController,doService,3,2
cn.nc.channel.backend.facade.controller.DebtInstDailyIssueQueryController#doService,cn.nc.channel.backend.facade.controller.DebtInstDailyIssueQueryController,doService,3,6
cn.nc.issuance.common.facade.controller.query.RegistrationFilesDownLoadController#doService,cn.nc.issuance.common.facade.controller.query.RegistrationFilesDownLoadController,doService,3,19
cn.nc.user.staff.facade.controller.in.UserFindInfoByAccountController#handle,cn.nc.user.staff.facade.controller.in.UserFindInfoByAccountController,handle,1,1
cn.nc.user.seal.facade.controller.QuerySealHisController#querySealHisList,cn.nc.user.seal.facade.controller.QuerySealHisController,querySealHisList,1,1
cn.nc.issuance.book.dcm.query.facade.controller.purchaseOffer.PurchaseOfferImportExController#handle,cn.nc.issuance.book.dcm.query.facade.controller.purchaseOffer.PurchaseOfferImportExController,handle,1,1
cn.nc.channel.search.facade.controller.LoggedCrmwSearchController#doService,cn.nc.channel.search.facade.controller.LoggedCrmwSearchController,doService,3,11
cn.nc.starter.file.controller.FileStorageController#getFileInfoByUrl,cn.nc.starter.file.controller.FileStorageController,getFileInfoByUrl,1,4
cn.nc.user.conf.facade.controller.CenterConfBusinessRoleByIdListController#doService,cn.nc.user.conf.facade.controller.CenterConfBusinessRoleByIdListController,doService,3,6
cn.nc.user.inst.facade.controller.QueryListInstMaintenanceHistoryController#listInstMaintenanceHistory,cn.nc.user.inst.facade.controller.QueryListInstMaintenanceHistoryController,listInstMaintenanceHistory,1,1
cn.nc.channel.backend.facade.controller.InstitutionBondUnderwritingController#doService,cn.nc.channel.backend.facade.controller.InstitutionBondUnderwritingController,doService,3,6
cn.nc.issuance.book.dcm.facade.controller.bondhome.BondGenCreditReportController#doService,cn.nc.issuance.book.dcm.facade.controller.bondhome.BondGenCreditReportController,doService,1,1
cn.nc.issuance.dist.facade.controller.SimDistInfoExpController#handle,cn.nc.issuance.dist.facade.controller.SimDistInfoExpController,handle,1,1
cn.nc.issuance.book.dcm.query.service.dto.GroupCheckIsWhiteListController#doService,cn.nc.issuance.book.dcm.query.service.dto.GroupCheckIsWhiteListController,doService,1,1
cn.nc.issuance.book.dcm.query.facade.controller.purchaseManage.PurchaseOfferManageQsController#handle,cn.nc.issuance.book.dcm.query.facade.controller.purchaseManage.PurchaseOfferManageQsController,handle,1,1
cn.nc.user.cfaeacct.facade.controller.ClientCfaeAcctHisDetailListController#clientCfaeAcctHisDetailList,cn.nc.user.cfaeacct.facade.controller.ClientCfaeAcctHisDetailListController,clientCfaeAcctHisDetailList,1,1
cn.nc.pub.msg.facade.controller.outside.PubProductListQueryController#doService,cn.nc.pub.msg.facade.controller.outside.PubProductListQueryController,doService,1,1
cn.nc.issuance.common.facade.controller.RegistrationFilesToSHCHQueryController#handle,cn.nc.issuance.common.facade.controller.RegistrationFilesToSHCHQueryController,handle,1,1
cn.nc.issuance.book.dcm.facade.controller.bondhome.BondPrepareFinishController#handle,cn.nc.issuance.book.dcm.facade.controller.bondhome.BondPrepareFinishController,handle,1,1
cn.nc.channel.backend.facade.controller.DistributionRecordController#doService,cn.nc.channel.backend.facade.controller.DistributionRecordController,doService,3,6
cn.nc.user.query.facade.controller.ExportThirdRelDetailsSearchResultListController#setRespone,cn.nc.user.query.facade.controller.ExportThirdRelDetailsSearchResultListController,setRespone,1,0
cn.nc.issuance.book.dcm.facade.controller.pricingplacing.PricingPlacingPurchaseDetailController#handle,cn.nc.issuance.book.dcm.facade.controller.pricingplacing.PricingPlacingPurchaseDetailController,handle,1,1
cn.nc.issuance.bid.facade.controller.biddingresultMgmt.DownloadBidDetailController#downloadBidDetail,cn.nc.issuance.bid.facade.controller.biddingresultMgmt.DownloadBidDetailController,downloadBidDetail,1,1
cn.nc.issuance.book.dcm.query.facade.controller.querystatistics.AllocationStatisticsExportController#doService,cn.nc.issuance.book.dcm.query.facade.controller.querystatistics.AllocationStatisticsExportController,doService,2,1
cn.nc.user.openacctquery.controller.CfaeAcctOpenAcctQueryController#doService,cn.nc.user.openacctquery.controller.CfaeAcctOpenAcctQueryController,doService,3,2
cn.nc.issuance.book.dcm.query.facade.controller.querystatistics.BookBuildDetailDownLoadController#bookBuildDetailDownLoad,cn.nc.issuance.book.dcm.query.facade.controller.querystatistics.BookBuildDetailDownLoadController,bookBuildDetailDownLoad,1,1
cn.nc.issuance.bid.facade.controller.biddingManagement.bidSuppAdmiAdd.CancelAdditionAddController#doService,cn.nc.issuance.bid.facade.controller.biddingManagement.bidSuppAdmiAdd.CancelAdditionAddController,doService,8,24
cn.nc.issuance.book.dcm.query.facade.controller.dcmbondadmin.BondSubjectQueryController#doService,cn.nc.issuance.book.dcm.query.facade.controller.dcmbondadmin.BondSubjectQueryController,doService,2,1
cn.nc.channel.backend.facade.controller.InstitutionBondBookManagementController#doService,cn.nc.channel.backend.facade.controller.InstitutionBondBookManagementController,doService,3,6
cn.nc.issuance.book.dcm.facade.controller.consignpercent.ConsignPercentSaveController#doService,cn.nc.issuance.book.dcm.facade.controller.consignpercent.ConsignPercentSaveController,doService,16,63
cn.nc.user.ukey.facade.controller.UkeyMaintainHisClientApprovalRefuseController#doService,cn.nc.user.ukey.facade.controller.UkeyMaintainHisClientApprovalRefuseController,doService,2,3
cn.nc.user.inst.facade.controller.GetInfoInfoHisMaintainController#getInstInfoHisMaintain,cn.nc.user.inst.facade.controller.GetInfoInfoHisMaintainController,getInstInfoHisMaintain,1,1
cn.nc.channel.mix.controller.channel.recommend.QueryFinancialBondsController#doService,cn.nc.channel.mix.controller.channel.recommend.QueryFinancialBondsController,doService,3,2
cn.nc.user.auth.facade.controller.AuthUserPermissionMenuListController#doService,cn.nc.user.auth.facade.controller.AuthUserPermissionMenuListController,doService,5,45
cn.nc.channel.backend.facade.controller.IdentityMappingQueryController#doService,cn.nc.channel.backend.facade.controller.IdentityMappingQueryController,doService,4,19
cn.nc.issuance.book.dcm.facade.controller.directinvestor.DirectInvestorAuthCancelController#doService,cn.nc.issuance.book.dcm.facade.controller.directinvestor.DirectInvestorAuthCancelController,doService,12,160
cn.nc.issuance.dist.facade.controller.DistributionBatchDownloadFileController#doService,cn.nc.issuance.dist.facade.controller.DistributionBatchDownloadFileController,doService,1,1
cn.nc.channel.msg.facade.controller.NoticeInfoController#handle,cn.nc.channel.msg.facade.controller.NoticeInfoController,handle,1,1
cn.nc.pub.msg.facade.controller.log.EmailRecordQueryController#queryPage,cn.nc.pub.msg.facade.controller.log.EmailRecordQueryController,queryPage,1,1
cn.nc.issuance.book.dcm.query.facade.controller.PricingPlacingPlacing2Controller#handle,cn.nc.issuance.book.dcm.query.facade.controller.PricingPlacingPlacing2Controller,handle,1,1
cn.nc.user.summary.facede.comtroller.UserinfoStatisticController#doService,cn.nc.user.summary.facede.comtroller.UserinfoStatisticController,doService,3,4
cn.nc.starter.file.controller.FileStorageController#deleteFile,cn.nc.starter.file.controller.FileStorageController,deleteFile,1,4
cn.nc.issuance.book.dcm.query.facade.controller.purchaseorder.PurOrderMakeupListController#doService,cn.nc.issuance.book.dcm.query.facade.controller.purchaseorder.PurOrderMakeupListController,doService,2,1
cn.nc.issuance.book.dcm.facade.controller.enquirymanage.DeleteEnquiryManageController#doService,cn.nc.issuance.book.dcm.facade.controller.enquirymanage.DeleteEnquiryManageController,doService,5,23
cn.nc.issuance.common.facade.controller.SysConfigAuditModifyController#doService,cn.nc.issuance.common.facade.controller.SysConfigAuditModifyController,doService,5,12
cn.nc.channel.backend.facade.controller.IdentityRelSelectQueryController#doService,cn.nc.channel.backend.facade.controller.IdentityRelSelectQueryController,doService,3,5
cn.nc.user.ukey.facade.controller.UkeyMaintainHisClientRevokeController#doService,cn.nc.user.ukey.facade.controller.UkeyMaintainHisClientRevokeController,doService,5,13
cn.nc.issuance.book.dcm.facade.controller.bondadjustorder.BondAdjustOrderauditTimeController#doService,cn.nc.issuance.book.dcm.facade.controller.bondadjustorder.BondAdjustOrderauditTimeController,doService,2,1
cn.nc.user.reguser.facade.controller.EditUserInfoHisController#doService,cn.nc.user.reguser.facade.controller.EditUserInfoHisController,doService,3,20
cn.nc.channel.backend.facade.controller.PageLayoutConfigCopyController#doService,cn.nc.channel.backend.facade.controller.PageLayoutConfigCopyController,doService,6,16
cn.nc.channel.backend.facade.controller.PageSettingConfigDelController#doService,cn.nc.channel.backend.facade.controller.PageSettingConfigDelController,doService,5,39
cn.nc.issuance.book.dcm.facade.controller.pricingplacing.PricingPlacingAuditController#doService,cn.nc.issuance.book.dcm.facade.controller.pricingplacing.PricingPlacingAuditController,doService,40,315
cn.nc.issuance.book.dcm.query.facade.controller.querystatistics.QueryBookFlowNodeAdjustRecordsController#handle,cn.nc.issuance.book.dcm.query.facade.controller.querystatistics.QueryBookFlowNodeAdjustRecordsController,handle,1,1
cn.nc.issuance.book.dcm.facade.controller.unAnnounced.UnAnnounceBondUnionController#doService,cn.nc.issuance.book.dcm.facade.controller.unAnnounced.UnAnnounceBondUnionController,doService,2,1
cn.nc.issuance.book.dcm.facade.controller.informationservice.SmartDocumentInterFlowPlatformLinkController#handle,cn.nc.issuance.book.dcm.facade.controller.informationservice.SmartDocumentInterFlowPlatformLinkController,handle,1,1
cn.nc.channel.auth.outer.facade.controller.LoginSessionQueryController#doService,cn.nc.channel.auth.outer.facade.controller.LoginSessionQueryController,doService,3,6
cn.nc.pub.msg.facade.controller.outside.PubParameterGroupListQueryController#getParameterGroups,cn.nc.pub.msg.facade.controller.outside.PubParameterGroupListQueryController,getParameterGroups,1,1
cn.nc.user.query.facade.controller.QueryUserInfoHisController#queryUserInfoHisList,cn.nc.user.query.facade.controller.QueryUserInfoHisController,queryUserInfoHisList,1,1
cn.nc.channel.backend.facade.controller.InstitutionCrmwPurchaseController#doService,cn.nc.channel.backend.facade.controller.InstitutionCrmwPurchaseController,doService,3,6
cn.nc.issuance.book.dcm.query.facade.controller.unannounced.UnAnnounceBondQueryController#doService,cn.nc.issuance.book.dcm.query.facade.controller.unannounced.UnAnnounceBondQueryController,doService,3,4
cn.nc.issuance.bid.facade.controller.shchTenderMgmt.TiShchBondEnableOrDiscontinueController#enableOrDiscontinueBond,cn.nc.issuance.bid.facade.controller.shchTenderMgmt.TiShchBondEnableOrDiscontinueController,enableOrDiscontinueBond,1,1
cn.nc.issuance.bid.facade.controller.biddingManagement.bidSuppAdmiAdd.DownLoadRightAdditionAddController#doService,cn.nc.issuance.bid.facade.controller.biddingManagement.bidSuppAdmiAdd.DownLoadRightAdditionAddController,doService,2,13
cn.nc.channel.backend.facade.controller.PageLayoutRelSelectQueryController#queryPageLayoutForSelect,cn.nc.channel.backend.facade.controller.PageLayoutRelSelectQueryController,queryPageLayoutForSelect,1,1
cn.nc.user.staff.facade.controller.in.PositionModifyController#doService,cn.nc.user.staff.facade.controller.in.PositionModifyController,doService,10,30
cn.nc.channel.mix.controller.channel.subscribe.QueryGroupBondsController#doService,cn.nc.channel.mix.controller.channel.subscribe.QueryGroupBondsController,doService,3,2
cn.nc.issuance.book.dcm.facade.controller.unAnnounced.UnAnnounceBondImportController#handle,cn.nc.issuance.book.dcm.facade.controller.unAnnounced.UnAnnounceBondImportController,handle,1,1
cn.nc.issuance.common.facade.controller.BondKindConfigListController#handle,cn.nc.issuance.common.facade.controller.BondKindConfigListController,handle,1,1
cn.nc.issuance.book.dcm.facade.controller.homestart.AddOptionalBondController#handle,cn.nc.issuance.book.dcm.facade.controller.homestart.AddOptionalBondController,handle,1,1
cn.nc.user.summary.facede.comtroller.InnerUserWorkController#getInnerUserList,cn.nc.user.summary.facede.comtroller.InnerUserWorkController,getInnerUserList,1,1
cn.nc.user.conf.facade.controller.CenterConfAccountDynamicFieldsByInstIdController#confAccountDynamicFieldsByInstId,cn.nc.user.conf.facade.controller.CenterConfAccountDynamicFieldsByInstIdController,confAccountDynamicFieldsByInstId,1,1
cn.nc.pub.msg.facade.controller.outside.PubBookDcmProductInstanceReceiveController#receiveBookDcmProductInstance,cn.nc.pub.msg.facade.controller.outside.PubBookDcmProductInstanceReceiveController,receiveBookDcmProductInstance,1,1
cn.nc.issuance.book.dcm.facade.controller.purchaseorder.PurOrderMakeupModifyController#handle,cn.nc.issuance.book.dcm.facade.controller.purchaseorder.PurOrderMakeupModifyController,handle,1,1
cn.nc.user.ind.facade.controller.InitUserDataHandlerController#doService,cn.nc.user.ind.facade.controller.InitUserDataHandlerController,doService,5,23
cn.nc.issuance.book.dcm.query.facade.controller.systemadmin.BondModifyApplyDetailController#handle,cn.nc.issuance.book.dcm.query.facade.controller.systemadmin.BondModifyApplyDetailController,handle,1,1
cn.nc.channel.auth.outer.facade.controller.ImageKaptchaShowController#doService,cn.nc.channel.auth.outer.facade.controller.ImageKaptchaShowController,doService,2,6
cn.nc.issuance.book.dcm.query.facade.controller.dcmbondadmin.BondConfirmInfoController#handle,cn.nc.issuance.book.dcm.query.facade.controller.dcmbondadmin.BondConfirmInfoController,handle,1,1
cn.nc.user.cfaeacct.facade.controller.CenterCfaeAcctHisListController#centerCfaeAcctHisList,cn.nc.user.cfaeacct.facade.controller.CenterCfaeAcctHisListController,centerCfaeAcctHisList,1,1
cn.nc.channel.mix.controller.channel.dist.QueryTodayDistBondController#doService,cn.nc.channel.mix.controller.channel.dist.QueryTodayDistBondController,doService,4,14
cn.nc.user.position.facade.controller.center.CenterPositionFindInfoController#handle,cn.nc.user.position.facade.controller.center.CenterPositionFindInfoController,handle,1,1
cn.nc.user.instacct.controller.QueryInstCapitalAcctListController#doService,cn.nc.user.instacct.controller.QueryInstCapitalAcctListController,doService,3,19
cn.nc.issuance.common.facade.controller.RoleMenuRelationSelectController#doService,cn.nc.issuance.common.facade.controller.RoleMenuRelationSelectController,doService,4,3
cn.nc.user.cfaeacct.facade.controller.ClientCfaeAcctHisQueryListController#doService,cn.nc.user.cfaeacct.facade.controller.ClientCfaeAcctHisQueryListController,doService,3,4
cn.nc.issuance.book.dcm.query.facade.controller.AutomaticDisclosurePreViewController#doService,cn.nc.issuance.book.dcm.query.facade.controller.AutomaticDisclosurePreViewController,doService,1,1
cn.nc.issuance.book.dcm.query.facade.controller.querystatistics.BookProcessAdjustDetailExportController#doService,cn.nc.issuance.book.dcm.query.facade.controller.querystatistics.BookProcessAdjustDetailExportController,doService,3,4
cn.nc.issuance.book.dcm.query.facade.controller.querystatistics.BookProcessAdjustDetailExportController#handle,cn.nc.issuance.book.dcm.query.facade.controller.querystatistics.BookProcessAdjustDetailExportController,handle,1,1
cn.nc.issuance.book.dcm.query.facade.controller.systemadmin.RegistrationFilesPreviewController#doService,cn.nc.issuance.book.dcm.query.facade.controller.systemadmin.RegistrationFilesPreviewController,doService,4,8
cn.nc.pub.msg.facade.controller.setting.MsgBizSystemQueryController#queryPage,cn.nc.pub.msg.facade.controller.setting.MsgBizSystemQueryController,queryPage,1,1
cn.nc.pub.wkcl.facade.controller.sys.SysTradeCalQueryController#doService,cn.nc.pub.wkcl.facade.controller.sys.SysTradeCalQueryController,doService,3,2
cn.nc.issuance.book.dcm.facade.controller.pricingplacing.PricingPlacingUpdateDetailConfirmController#doService,cn.nc.issuance.book.dcm.facade.controller.pricingplacing.PricingPlacingUpdateDetailConfirmController,doService,1,1
cn.nc.issuance.book.dcm.query.facade.controller.systemadmin.CurrentWeekConditionQueryController#doService,cn.nc.issuance.book.dcm.query.facade.controller.systemadmin.CurrentWeekConditionQueryController,doService,4,2
cn.nc.issuance.book.dcm.facade.controller.querystatistics.UnderWritingRatioProcessController#doService,cn.nc.issuance.book.dcm.facade.controller.querystatistics.UnderWritingRatioProcessController,doService,13,39
cn.nc.issuance.book.dcm.facade.controller.homestart.ExerciseRemindersConfirmSubscribeController#handle,cn.nc.issuance.book.dcm.facade.controller.homestart.ExerciseRemindersConfirmSubscribeController,handle,1,1
cn.nc.issuance.book.dcm.query.facade.controller.bondAdd.BondHoldModeListController#doService,cn.nc.issuance.book.dcm.query.facade.controller.bondAdd.BondHoldModeListController,doService,1,1
cn.nc.issuance.book.dcm.facade.controller.modifyinterimbondinfo.ModifyInterimBondAuditYesController#doService,cn.nc.issuance.book.dcm.facade.controller.modifyinterimbondinfo.ModifyInterimBondAuditYesController,doService,29,136
cn.nc.pub.msg.facade.controller.outside.PubParameterRuleQueryController#doService,cn.nc.pub.msg.facade.controller.outside.PubParameterRuleQueryController,doService,1,1
cn.nc.issuance.book.dcm.facade.controller.enquirymanage.SaveEnquiryManageController#doService,cn.nc.issuance.book.dcm.facade.controller.enquirymanage.SaveEnquiryManageController,doService,13,102
cn.nc.user.ukey.facade.controller.QueryUkeyCenterController#doService,cn.nc.user.ukey.facade.controller.QueryUkeyCenterController,doService,4,7
cn.nc.pub.msg.facade.controller.parameterRule.ParameterRuleEnableController#enable,cn.nc.pub.msg.facade.controller.parameterRule.ParameterRuleEnableController,enable,1,1
cn.nc.issuance.book.dcm.query.facade.controller.querystatistics.QueryPublishedBondInfoController#handle,cn.nc.issuance.book.dcm.query.facade.controller.querystatistics.QueryPublishedBondInfoController,handle,1,1
cn.nc.issuance.book.dcm.facade.controller.pricingplacing.PricingPlacingGenPublishNoticeController#handle,cn.nc.issuance.book.dcm.facade.controller.pricingplacing.PricingPlacingGenPublishNoticeController,handle,1,1
cn.nc.issuance.book.dcm.query.facade.controller.systemadmin.SendNoticeToXPExportController#doService,cn.nc.issuance.book.dcm.query.facade.controller.systemadmin.SendNoticeToXPExportController,doService,3,11
cn.nc.user.instuser.facade.controller.ApproveCancelInstUserController#instUserApproveCancel,cn.nc.user.instuser.facade.controller.ApproveCancelInstUserController,instUserApproveCancel,1,1
cn.nc.issuance.book.dcm.query.facade.controller.querystatistics.UnderWritingRatioChangeExportController#doService,cn.nc.issuance.book.dcm.query.facade.controller.querystatistics.UnderWritingRatioChangeExportController,doService,2,1
cn.nc.user.instacct.controller.CapitalAccountPushController#doService,cn.nc.user.instacct.controller.CapitalAccountPushController,doService,8,19
cn.nc.channel.auth.outer.facade.controller.AppQrResultController#doService,cn.nc.channel.auth.outer.facade.controller.AppQrResultController,doService,1,1
cn.nc.channel.auth.outer.facade.controller.WebMobileRegistrationController#doService,cn.nc.channel.auth.outer.facade.controller.WebMobileRegistrationController,doService,11,61
cn.nc.issuance.book.dcm.facade.controller.bondAdd.BondSubmitController#doService,cn.nc.issuance.book.dcm.facade.controller.bondAdd.BondSubmitController,doService,2,2
cn.nc.operation.base.facade.controller.task.TaskDeleteController#delete,cn.nc.operation.base.facade.controller.task.TaskDeleteController,delete,1,1
cn.nc.issuance.book.dcm.query.facade.controller.groupSet.GroupLoadingRepeatGroupController#handle,cn.nc.issuance.book.dcm.query.facade.controller.groupSet.GroupLoadingRepeatGroupController,handle,1,1
cn.nc.user.external.facade.controller.InstOperPositionController#getInstUserPositionList,cn.nc.user.external.facade.controller.InstOperPositionController,getInstUserPositionList,1,1
cn.nc.issuance.common.facade.controller.VerFormsToSendSHCHExController#doService,cn.nc.issuance.common.facade.controller.VerFormsToSendSHCHExController,doService,1,1
cn.nc.issuance.book.dcm.query.facade.controller.bond.BondHomeInitQueryController#doService,cn.nc.issuance.book.dcm.query.facade.controller.bond.BondHomeInitQueryController,doService,6,20
cn.nc.pub.wkcl.facade.controller.legal.LegalCalImportController#importLegalCalExcel,cn.nc.pub.wkcl.facade.controller.legal.LegalCalImportController,importLegalCalExcel,1,1
cn.nc.issuance.book.dcm.query.facade.controller.hisinfoquery.RegistrationNoticeQueryController#doService,cn.nc.issuance.book.dcm.query.facade.controller.hisinfoquery.RegistrationNoticeQueryController,doService,3,4
cn.nc.user.reguser.facade.controller.ApprovalCancelUserInfoHisController#doService,cn.nc.user.reguser.facade.controller.ApprovalCancelUserInfoHisController,doService,3,21
cn.nc.issuance.book.dcm.query.facade.controller.systemadmin.BussinessAllBillsPrintController#handle,cn.nc.issuance.book.dcm.query.facade.controller.systemadmin.BussinessAllBillsPrintController,handle,4,17
cn.nc.issuance.common.facade.controller.OrgEnglishNameSaveController#doService,cn.nc.issuance.common.facade.controller.OrgEnglishNameSaveController,doService,3,2
cn.nc.issuance.book.dcm.facade.controller.pricingplacing.PricingPlacingQueryPurchaseListController#doService,cn.nc.issuance.book.dcm.facade.controller.pricingplacing.PricingPlacingQueryPurchaseListController,doService,14,109
cn.nc.pub.msg.facade.controller.log.SendRecordExportController#excelExport,cn.nc.pub.msg.facade.controller.log.SendRecordExportController,excelExport,1,1
cn.nc.issuance.book.dcm.query.facade.controller.PricingPlacingQueryController#handle,cn.nc.issuance.book.dcm.query.facade.controller.PricingPlacingQueryController,handle,1,1
cn.nc.operation.base.facade.controller.work.WorkMemberAccessibleWorkItemsController#doService,cn.nc.operation.base.facade.controller.work.WorkMemberAccessibleWorkItemsController,doService,5,9
cn.nc.user.reguser.facade.controller.ChangeMobileOrEmailByCheckcodeController#changeMobileOrEmailByCheckcode,cn.nc.user.reguser.facade.controller.ChangeMobileOrEmailByCheckcodeController,changeMobileOrEmailByCheckcode,1,1
cn.nc.issuance.common.facade.controller.query.BussinessAllBillsPrintController#doService,cn.nc.issuance.common.facade.controller.query.BussinessAllBillsPrintController,doService,4,15
cn.nc.issuance.book.dcm.query.facade.controller.AutomaticDisclosureQueryController#handle,cn.nc.issuance.book.dcm.query.facade.controller.AutomaticDisclosureQueryController,handle,1,1
cn.nc.user.template.facade.controller.CenterApproveTemplateMagnifierListController#doService,cn.nc.user.template.facade.controller.CenterApproveTemplateMagnifierListController,doService,3,7
cn.nc.issuance.book.dcm.query.facade.controller.querystatistics.BondPlacingResultQueryController#doService,cn.nc.issuance.book.dcm.query.facade.controller.querystatistics.BondPlacingResultQueryController,doService,10,42
cn.nc.pub.msg.facade.controller.parameterRule.ParameterRuleRefuseController#refuse,cn.nc.pub.msg.facade.controller.parameterRule.ParameterRuleRefuseController,refuse,1,1
cn.nc.user.centerorgquery.controller.CenterOrgHisListController#doService,cn.nc.user.centerorgquery.controller.CenterOrgHisListController,doService,3,6
cn.nc.user.position.facade.controller.center.CenterPositionHisOwnerListController#doService,cn.nc.user.position.facade.controller.center.CenterPositionHisOwnerListController,doService,4,9
cn.nc.pub.msg.facade.controller.send.QueryEmailMessageController#doService,cn.nc.pub.msg.facade.controller.send.QueryEmailMessageController,doService,3,6
cn.nc.issuance.book.dcm.query.facade.controller.issueamountadjust.IssueAmountAdjustPreviewFileController#handle,cn.nc.issuance.book.dcm.query.facade.controller.issueamountadjust.IssueAmountAdjustPreviewFileController,handle,1,1
cn.nc.user.staff.facade.controller.in.UserForgetController#doService,cn.nc.user.staff.facade.controller.in.UserForgetController,doService,13,39
cn.nc.user.staff.facade.controller.PermissionAddController#handle,cn.nc.user.staff.facade.controller.PermissionAddController,handle,1,1
cn.nc.issuance.book.dcm.query.facade.controller.bondAdd.BondYearDayModeListController#handle,cn.nc.issuance.book.dcm.query.facade.controller.bondAdd.BondYearDayModeListController,handle,1,1
cn.nc.issuance.common.facade.controller.RoleMenuRelationAddController#doService,cn.nc.issuance.common.facade.controller.RoleMenuRelationAddController,doService,5,16
cn.nc.channel.backend.facade.controller.ComponentQueryFilterController#doService,cn.nc.channel.backend.facade.controller.ComponentQueryFilterController,doService,2,2
cn.nc.issuance.book.dcm.query.facade.controller.directinvestor.whitelist.AccountWlSendHisRecordsController#accountWhiteListSendHisRecords,cn.nc.issuance.book.dcm.query.facade.controller.directinvestor.whitelist.AccountWlSendHisRecordsController,accountWhiteListSendHisRecords,1,1
cn.nc.issuance.book.dcm.facade.controller.directinvestor.whitelist.nx.AccountWlConfirmController#doService,cn.nc.issuance.book.dcm.facade.controller.directinvestor.whitelist.nx.AccountWlConfirmController,doService,22,154
cn.nc.issuance.book.dcm.query.facade.controller.querystatistics.QueryCurrentDateBondStaticsController#handle,cn.nc.issuance.book.dcm.query.facade.controller.querystatistics.QueryCurrentDateBondStaticsController,handle,1,1
cn.nc.channel.mix.controller.channel.subscribe.QueryFinancialInvestorPurchasedBondsController#queryFinancialInvestorPurchasedBonds,cn.nc.channel.mix.controller.channel.subscribe.QueryFinancialInvestorPurchasedBondsController,queryFinancialInvestorPurchasedBonds,1,1
cn.nc.user.ukey.facade.controller.UkeyApplyHisClientAddSaveController#doService,cn.nc.user.ukey.facade.controller.UkeyApplyHisClientAddSaveController,doService,2,11
cn.nc.channel.mix.controller.issuance.QueryPurchaseContactInfoController#queryPurchaseContactInfo,cn.nc.channel.mix.controller.issuance.QueryPurchaseContactInfoController,queryPurchaseContactInfo,1,1
cn.nc.issuance.dist.facade.controller.TemplateHisQueryController#templateQuery,cn.nc.issuance.dist.facade.controller.TemplateHisQueryController,templateQuery,1,1
cn.nc.issuance.dist.facade.controller.SimDistInfoQueryController#handle,cn.nc.issuance.dist.facade.controller.SimDistInfoQueryController,handle,1,1
cn.nc.user.cfaeacct.facade.controller.ClientCfaeAcctQueryListExportController#clientCfaeAcctQueryListExport,cn.nc.user.cfaeacct.facade.controller.ClientCfaeAcctQueryListExportController,clientCfaeAcctQueryListExport,3,0
cn.nc.channel.msg.facade.controller.NoticeSendController#handle,cn.nc.channel.msg.facade.controller.NoticeSendController,handle,1,1
cn.nc.user.cfaeacct.facade.controller.ClientCfaeAcctAddSubmitController#cfaeacctAddSubmitClient,cn.nc.user.cfaeacct.facade.controller.ClientCfaeAcctAddSubmitController,cfaeacctAddSubmitClient,1,1
cn.nc.issuance.book.dcm.query.facade.controller.publishadmin.ConsignGroupOfferQueryController#doService,cn.nc.issuance.book.dcm.query.facade.controller.publishadmin.ConsignGroupOfferQueryController,doService,3,5
cn.nc.issuance.book.dcm.facade.controller.bondadjustorder.BondAdjustOrderModifyAdjustRateController#handle,cn.nc.issuance.book.dcm.facade.controller.bondadjustorder.BondAdjustOrderModifyAdjustRateController,handle,1,1
cn.nc.issuance.book.dcm.query.facade.controller.hisinfoquery.TemplateDownLoadController#doService,cn.nc.issuance.book.dcm.query.facade.controller.hisinfoquery.TemplateDownLoadController,doService,2,1
cn.nc.issuance.book.dcm.query.facade.controller.dcmbondadmin.BondQueryAllController#handle,cn.nc.issuance.book.dcm.query.facade.controller.dcmbondadmin.BondQueryAllController,handle,1,1
cn.nc.user.magnifier.facade.controller.DepositAccountMagnifierListController#depositAccountMagnifierList,cn.nc.user.magnifier.facade.controller.DepositAccountMagnifierListController,depositAccountMagnifierList,1,1
cn.nc.user.conf.facade.controller.CenterConfDictionaryListController#doService,cn.nc.user.conf.facade.controller.CenterConfDictionaryListController,doService,3,2
cn.nc.issuance.book.dcm.facade.controller.unAnnounced.CreditReportGenerateController#handle,cn.nc.issuance.book.dcm.facade.controller.unAnnounced.CreditReportGenerateController,handle,1,1
cn.nc.user.seal.facade.controller.SealHisClientApprovalPassController#doService,cn.nc.user.seal.facade.controller.SealHisClientApprovalPassController,doService,2,3
cn.nc.channel.mix.controller.channel.statistic.QueryInstitutionFinancialBondIssuanceStatsController#queryInstitutionFinancialBondIssuanceStats,cn.nc.channel.mix.controller.channel.statistic.QueryInstitutionFinancialBondIssuanceStatsController,queryInstitutionFinancialBondIssuanceStats,1,1
cn.nc.user.conf.facade.controller.CenterConfBusinessRoleTreeController#doService,cn.nc.user.conf.facade.controller.CenterConfBusinessRoleTreeController,doService,3,2
cn.nc.issuance.book.dcm.query.facade.controller.querystatistics.OrganMonitorQueryController#handle,cn.nc.issuance.book.dcm.query.facade.controller.querystatistics.OrganMonitorQueryController,handle,1,1
cn.nc.user.position.facade.controller.client.ClientPositionHisCodeController#doService,cn.nc.user.position.facade.controller.client.ClientPositionHisCodeController,doService,2,2
cn.nc.issuance.common.facade.controller.operation.ContactPortAddController#doService,cn.nc.issuance.common.facade.controller.operation.ContactPortAddController,doService,8,26
cn.nc.issuance.book.dcm.query.facade.controller.purchaseorder.PurOrderMakeupSelectController#doService,cn.nc.issuance.book.dcm.query.facade.controller.purchaseorder.PurOrderMakeupSelectController,doService,2,1
cn.nc.pub.wkcl.facade.controller.log.AuditLogQueryController#doService,cn.nc.pub.wkcl.facade.controller.log.AuditLogQueryController,doService,3,6
cn.nc.user.position.facade.controller.center.CenterPositionHisApprovalInfoController#doService,cn.nc.user.position.facade.controller.center.CenterPositionHisApprovalInfoController,doService,4,14
cn.nc.channel.backend.facade.controller.PageDispOrderQueryController#queryPageDispOrder,cn.nc.channel.backend.facade.controller.PageDispOrderQueryController,queryPageDispOrder,1,1
cn.nc.issuance.book.dcm.query.facade.controller.bondadjustorder.BondAdjustOrderTimeInitController#handle,cn.nc.issuance.book.dcm.query.facade.controller.bondadjustorder.BondAdjustOrderTimeInitController,handle,1,1
cn.nc.user.initinst.facade.controller.UpdateInstOpenApplyController#doService,cn.nc.user.initinst.facade.controller.UpdateInstOpenApplyController,doService,27,208
cn.nc.issuance.book.dcm.query.facade.controller.bondadjustorder.BondAdjustOrderTimeDetailController#handle,cn.nc.issuance.book.dcm.query.facade.controller.bondadjustorder.BondAdjustOrderTimeDetailController,handle,1,1
cn.nc.issuance.dist.facade.controller.external.DCMForExternalTransReceptionBackController#recShchBondDistributeDataResultInfo,cn.nc.issuance.dist.facade.controller.external.DCMForExternalTransReceptionBackController,recShchBondDistributeDataResultInfo,1,1
cn.nc.user.cfaeacct.facade.controller.CenterCfaeAcctHisListController#doService,cn.nc.user.cfaeacct.facade.controller.CenterCfaeAcctHisListController,doService,3,2
cn.nc.issuance.book.dcm.facade.controller.pricingplacing.PricingPlacingTryCalculate#handle,cn.nc.issuance.book.dcm.facade.controller.pricingplacing.PricingPlacingTryCalculate,handle,1,1
cn.nc.channel.backend.facade.controller.PageSettingConfigSaveController#doService,cn.nc.channel.backend.facade.controller.PageSettingConfigSaveController,doService,9,87
cn.nc.user.initinst.facade.controller.AddInstOpenApplyController#doService,cn.nc.user.initinst.facade.controller.AddInstOpenApplyController,doService,20,174
cn.nc.pub.msg.facade.controller.productParameter.ProductParameterDisableController#disable,cn.nc.pub.msg.facade.controller.productParameter.ProductParameterDisableController,disable,1,1
cn.nc.user.position.facade.controller.client.ClientPositionHisFindInfoController#doService,cn.nc.user.position.facade.controller.client.ClientPositionHisFindInfoController,doService,4,8
cn.nc.user.cfaeacct.facade.controller.CenterCfaeAcctApproveRefuseController#doService,cn.nc.user.cfaeacct.facade.controller.CenterCfaeAcctApproveRefuseController,doService,2,3
cn.nc.operation.base.facade.controller.notice.NoticeStickTopController#doService,cn.nc.operation.base.facade.controller.notice.NoticeStickTopController,doService,5,10
cn.nc.user.external.facade.controller.InstUserListController#getInstUserList,cn.nc.user.external.facade.controller.InstUserListController,getInstUserList,1,1
cn.nc.pub.wkcl.facade.controller.legal.LegalCalTemplateController#templateExport,cn.nc.pub.wkcl.facade.controller.legal.LegalCalTemplateController,templateExport,1,1
cn.nc.user.conf.facade.controller.CenterConfAccountTabFieldListController#doService,cn.nc.user.conf.facade.controller.CenterConfAccountTabFieldListController,doService,3,2
cn.nc.user.staff.facade.controller.PermissionMenuListController#handle,cn.nc.user.staff.facade.controller.PermissionMenuListController,handle,1,1
cn.nc.issuance.book.dcm.facade.controller.bondadjustorder.BondAdjustOrderAddTimeController#handle,cn.nc.issuance.book.dcm.facade.controller.bondadjustorder.BondAdjustOrderAddTimeController,handle,1,1
cn.nc.issuance.book.dcm.query.facade.controller.querystatistics.QueryUnderWritingRatioStatisticsController#doService,cn.nc.issuance.book.dcm.query.facade.controller.querystatistics.QueryUnderWritingRatioStatisticsController,doService,2,3
cn.nc.user.initinst.facade.controller.ApprovalPassInstOpenApplyController#approvalPassInstOpenApply,cn.nc.user.initinst.facade.controller.ApprovalPassInstOpenApplyController,approvalPassInstOpenApply,1,1
cn.nc.issuance.book.dcm.facade.controller.external.DCMForExternalGroupRefuseController#send,cn.nc.issuance.book.dcm.facade.controller.external.DCMForExternalGroupRefuseController,send,1,1
cn.nc.issuance.book.dcm.facade.controller.pricingplacing.UpdatePrePlacingFlagController#doService,cn.nc.issuance.book.dcm.facade.controller.pricingplacing.UpdatePrePlacingFlagController,doService,3,2
cn.nc.channel.backend.facade.controller.ConcernFinancialBondQueryController#concernFinancialQuery,cn.nc.channel.backend.facade.controller.ConcernFinancialBondQueryController,concernFinancialQuery,1,1
cn.nc.operation.base.facade.controller.work.WorkGroupQueryWorkItemsPageController#doService,cn.nc.operation.base.facade.controller.work.WorkGroupQueryWorkItemsPageController,doService,5,17
cn.nc.issuance.book.dcm.facade.controller.modifyinterimbondinfo.ModifyInterimBondSaveController#handle,cn.nc.issuance.book.dcm.facade.controller.modifyinterimbondinfo.ModifyInterimBondSaveController,handle,1,1
cn.nc.issuance.bid.facade.controller.regfile.RegFileDownloadController#doService,cn.nc.issuance.bid.facade.controller.regfile.RegFileDownloadController,doService,3,13
cn.nc.pub.msg.facade.controller.outside.PubBiddingShchProductInstanceReceiveController#doService,cn.nc.pub.msg.facade.controller.outside.PubBiddingShchProductInstanceReceiveController,doService,1,1
cn.nc.issuance.book.dcm.query.facade.controller.bond.BondFullInfoController#doService,cn.nc.issuance.book.dcm.query.facade.controller.bond.BondFullInfoController,doService,2,1
cn.nc.issuance.common.facade.controller.RegistrationFilesToSHCHQueryController#doService,cn.nc.issuance.common.facade.controller.RegistrationFilesToSHCHQueryController,doService,4,7
cn.nc.operation.base.facade.controller.notice.NoticeSaveController#saveNotice,cn.nc.operation.base.facade.controller.notice.NoticeSaveController,saveNotice,1,1
cn.nc.user.query.facade.controller.QueryUserPermInfoController#doService,cn.nc.user.query.facade.controller.QueryUserPermInfoController,doService,4,44
cn.nc.issuance.common.facade.controller.SysConfigAuditModifyController#handle,cn.nc.issuance.common.facade.controller.SysConfigAuditModifyController,handle,1,1
cn.nc.user.ukey.facade.controller.UkeyBindHisCenterModifySaveController#doService,cn.nc.user.ukey.facade.controller.UkeyBindHisCenterModifySaveController,doService,5,22
cn.nc.issuance.dist.facade.controller.external.DCMForExternalSellerRevokeController#doService,cn.nc.issuance.dist.facade.controller.external.DCMForExternalSellerRevokeController,doService,2,2
cn.nc.user.staff.facade.controller.in.UserLoginController#handle,cn.nc.user.staff.facade.controller.in.UserLoginController,handle,1,1
cn.nc.channel.backend.facade.controller.InstitutionHistoricalFinancialController#institutionHistoricalFinancial,cn.nc.channel.backend.facade.controller.InstitutionHistoricalFinancialController,institutionHistoricalFinancial,1,1
cn.nc.issuance.book.dcm.query.facade.controller.homeStart.OptionExerciseNoticeLinkController#doService,cn.nc.issuance.book.dcm.query.facade.controller.homeStart.OptionExerciseNoticeLinkController,doService,1,1
cn.nc.user.inst.facade.controller.InstInfoHisCenterBatchApprovalCancelController#instMaintainHisBatchApprovalCancel,cn.nc.user.inst.facade.controller.InstInfoHisCenterBatchApprovalCancelController,instMaintainHisBatchApprovalCancel,1,1
cn.nc.channel.msg.facade.controller.MessageSendBatchController#doService,cn.nc.channel.msg.facade.controller.MessageSendBatchController,doService,2,1
cn.nc.issuance.common.facade.controller.query.RegistrationFilesPreviewController#doService,cn.nc.issuance.common.facade.controller.query.RegistrationFilesPreviewController,doService,4,8
cn.nc.issuance.book.dcm.facade.controller.pricingplacing.BondPreviewRegFileController#handle,cn.nc.issuance.book.dcm.facade.controller.pricingplacing.BondPreviewRegFileController,handle,1,1
cn.nc.issuance.book.dcm.facade.controller.group.InvestorDeleteController#handle,cn.nc.issuance.book.dcm.facade.controller.group.InvestorDeleteController,handle,1,1
cn.nc.issuance.common.facade.controller.PublisherSubscribeWhiteAddController#doService,cn.nc.issuance.common.facade.controller.PublisherSubscribeWhiteAddController,doService,7,32
cn.nc.pub.msg.facade.controller.parameterTemplate.ParameterTemplateRefuseController#refuse,cn.nc.pub.msg.facade.controller.parameterTemplate.ParameterTemplateRefuseController,refuse,1,1
cn.nc.user.query.facade.controller.QueryInstThirdUserRelApplyController#queryThirdUserRelList,cn.nc.user.query.facade.controller.QueryInstThirdUserRelApplyController,queryThirdUserRelList,1,1
cn.nc.issuance.bid.facade.controller.shchTenderMgmt.GenBondPriceInfoController#genBondPriceInfo,cn.nc.issuance.bid.facade.controller.shchTenderMgmt.GenBondPriceInfoController,genBondPriceInfo,1,1
cn.nc.issuance.book.dcm.query.facade.controller.consignpercent.ConsignPercentQueryController#doService,cn.nc.issuance.book.dcm.query.facade.controller.consignpercent.ConsignPercentQueryController,doService,2,1
cn.nc.issuance.book.dcm.facade.controller.external.DCMForExternalReplyEnquiryController#doService,cn.nc.issuance.book.dcm.facade.controller.external.DCMForExternalReplyEnquiryController,doService,2,2
cn.nc.issuance.book.dcm.query.facade.controller.groupSet.GroupRefreshInvitationStatusController#handle,cn.nc.issuance.book.dcm.query.facade.controller.groupSet.GroupRefreshInvitationStatusController,handle,1,1
cn.nc.issuance.book.dcm.facade.controller.bondAdmin.BondPublishEnableController#handle,cn.nc.issuance.book.dcm.facade.controller.bondAdmin.BondPublishEnableController,handle,1,1
cn.nc.operation.base.facade.controller.task.TaskQueryTodoController#doService,cn.nc.operation.base.facade.controller.task.TaskQueryTodoController,doService,5,24
cn.nc.pub.msg.facade.controller.outside.PubProductParameterDetailQueryController#doService,cn.nc.pub.msg.facade.controller.outside.PubProductParameterDetailQueryController,doService,1,1
cn.nc.user.position.facade.controller.client.ClientPositionHisDeleteController#doService,cn.nc.user.position.facade.controller.client.ClientPositionHisDeleteController,doService,2,2
cn.nc.channel.backend.facade.controller.PageLayoutConfigSaveController#layoutConfigSaveOrUpdate,cn.nc.channel.backend.facade.controller.PageLayoutConfigSaveController,layoutConfigSaveOrUpdate,1,1
cn.nc.issuance.book.dcm.query.facade.controller.bondauthorize.BondAuthorizeListController#doService,cn.nc.issuance.book.dcm.query.facade.controller.bondauthorize.BondAuthorizeListController,doService,2,1
cn.nc.user.ukey.facade.controller.GetUkeyMaintainHisDetailsController#doService,cn.nc.user.ukey.facade.controller.GetUkeyMaintainHisDetailsController,doService,5,11
cn.nc.issuance.dist.facade.controller.external.DCMForExternalSellerRevokeController#sellerRevoke,cn.nc.issuance.dist.facade.controller.external.DCMForExternalSellerRevokeController,sellerRevoke,1,1
cn.nc.user.conf.facade.CenterSysConfigFieldSaveController#sysConfigFieldSave,cn.nc.user.conf.facade.CenterSysConfigFieldSaveController,sysConfigFieldSave,1,1
cn.nc.issuance.book.dcm.query.facade.controller.PricingPlacingSendSupplementFileController#handle,cn.nc.issuance.book.dcm.query.facade.controller.PricingPlacingSendSupplementFileController,handle,1,1
cn.nc.issuance.book.dcm.query.facade.controller.purchaseOffer.PurchaseOfferExprotExController#handle,cn.nc.issuance.book.dcm.query.facade.controller.purchaseOffer.PurchaseOfferExprotExController,handle,1,1
cn.nc.user.staff.facade.controller.in.OrgAddController#doService,cn.nc.user.staff.facade.controller.in.OrgAddController,doService,4,6
cn.nc.user.cfaeacct.facade.controller.CfaeAcctMagnifierController#cfaeAcctMagnifier,cn.nc.user.cfaeacct.facade.controller.CfaeAcctMagnifierController,cfaeAcctMagnifier,1,1
cn.nc.issuance.book.dcm.query.facade.controller.pricingplacing.BondCreateReachedBookController#doService,cn.nc.issuance.book.dcm.query.facade.controller.pricingplacing.BondCreateReachedBookController,doService,1,1
cn.nc.issuance.bid.facade.controller.biddingresultMgmt.GenPublishFundsConfirmationController#genPublishFundsConfirmation,cn.nc.issuance.bid.facade.controller.biddingresultMgmt.GenPublishFundsConfirmationController,genPublishFundsConfirmation,1,1
cn.nc.pub.msg.facade.controller.log.AuditLogQueryController#doService,cn.nc.pub.msg.facade.controller.log.AuditLogQueryController,doService,3,6
cn.nc.pub.msg.facade.controller.setting.MsgEmailServerDeleteController#delete,cn.nc.pub.msg.facade.controller.setting.MsgEmailServerDeleteController,delete,1,1
cn.nc.issuance.book.dcm.query.facade.controller.pricingplacing.BondQueryRegFileController#doService,cn.nc.issuance.book.dcm.query.facade.controller.pricingplacing.BondQueryRegFileController,doService,1,1
cn.nc.pub.msg.facade.controller.productParameter.ProductParameterImportController#doService,cn.nc.pub.msg.facade.controller.productParameter.ProductParameterImportController,doService,2,15
cn.nc.operation.base.facade.controller.work.WorkingScheduleDeleteByIdsController#delete,cn.nc.operation.base.facade.controller.work.WorkingScheduleDeleteByIdsController,delete,1,1
cn.nc.user.thirduser.facade.controller.QueryInstThirdUserRelListController#doService,cn.nc.user.thirduser.facade.controller.QueryInstThirdUserRelListController,doService,3,2
cn.nc.user.seal.facade.controller.SealHisClientBatchApprovalCancelController#sealHisApprovalCancel,cn.nc.user.seal.facade.controller.SealHisClientBatchApprovalCancelController,sealHisApprovalCancel,1,1
cn.nc.user.position.facade.controller.client.ClientPositionHisListController#doService,cn.nc.user.position.facade.controller.client.ClientPositionHisListController,doService,4,9
cn.nc.channel.mix.controller.issuance.QueryUnannounceBondController#doService,cn.nc.channel.mix.controller.issuance.QueryUnannounceBondController,doService,3,2
cn.nc.user.task.facade.controller.CenterBusinessTaskByBusinessKeyController#businessTaskByBusinessKey,cn.nc.user.task.facade.controller.CenterBusinessTaskByBusinessKeyController,businessTaskByBusinessKey,1,1
cn.nc.issuance.book.dcm.facade.controller.pricingplacing.PrintCenterUploadSubmitController#handle,cn.nc.issuance.book.dcm.facade.controller.pricingplacing.PrintCenterUploadSubmitController,handle,1,1
cn.nc.user.reguser.facade.controller.ModifyUserBaseInfoByIdController#doService,cn.nc.user.reguser.facade.controller.ModifyUserBaseInfoByIdController,doService,2,1
cn.nc.issuance.book.dcm.query.facade.controller.hisinfoquery.TemplateViewController#templateView,cn.nc.issuance.book.dcm.query.facade.controller.hisinfoquery.TemplateViewController,templateView,1,1
cn.nc.issuance.book.dcm.query.facade.controller.modifyinterimbondinfo.ModifyInterimCheckController#doService,cn.nc.issuance.book.dcm.query.facade.controller.modifyinterimbondinfo.ModifyInterimCheckController,doService,5,25
cn.nc.issuance.book.dcm.query.facade.controller.bond.HisBondQueryController#handle,cn.nc.issuance.book.dcm.query.facade.controller.bond.HisBondQueryController,handle,1,1
cn.nc.issuance.book.dcm.query.facade.controller.bond.queryCanUsedBondsController#handle,cn.nc.issuance.book.dcm.query.facade.controller.bond.queryCanUsedBondsController,handle,1,1
cn.nc.pub.msg.facade.controller.productParameter.ProductParameterAddController#doService,cn.nc.pub.msg.facade.controller.productParameter.ProductParameterAddController,doService,2,2
cn.nc.channel.backend.facade.controller.QuickEntranceDelController#doService,cn.nc.channel.backend.facade.controller.QuickEntranceDelController,doService,4,8
cn.nc.user.instacct.controller.AddInstCapitalAcctController#addInstCapitalAcct,cn.nc.user.instacct.controller.AddInstCapitalAcctController,addInstCapitalAcct,1,1
cn.nc.user.inst.facade.controller.GetInstInfoHisController#getInstInfoHis,cn.nc.user.inst.facade.controller.GetInstInfoHisController,getInstInfoHis,1,1
cn.nc.issuance.bid.facade.controller.submitPurchaseOffer.TiPurchaseOfferHisDetailQueryController#handle,cn.nc.issuance.bid.facade.controller.submitPurchaseOffer.TiPurchaseOfferHisDetailQueryController,handle,1,1
cn.nc.issuance.book.dcm.query.facade.controller.directinvestor.whitelist.AccountWlSendHisDetailController#doService,cn.nc.issuance.book.dcm.query.facade.controller.directinvestor.whitelist.AccountWlSendHisDetailController,doService,3,2
cn.nc.pub.msg.facade.controller.outside.PubBiddingCcdcProductInstanceReceiveController#doService,cn.nc.pub.msg.facade.controller.outside.PubBiddingCcdcProductInstanceReceiveController,doService,1,1
cn.nc.issuance.bid.facade.controller.shchTenderMgmt.ExportBondPriceInfoController#exportBondPriceInfo,cn.nc.issuance.bid.facade.controller.shchTenderMgmt.ExportBondPriceInfoController,exportBondPriceInfo,1,1
cn.nc.issuance.bid.facade.controller.biddingresultMgmt.InvoicingConfirmController#doService,cn.nc.issuance.bid.facade.controller.biddingresultMgmt.InvoicingConfirmController,doService,4,11
cn.nc.issuance.book.dcm.query.facade.controller.purchaseorder.PurchaseOrderSelectController#doService,cn.nc.issuance.book.dcm.query.facade.controller.purchaseorder.PurchaseOrderSelectController,doService,2,1
cn.nc.user.conf.facade.CenterSysConfigFieldBatchDeleteController#doService,cn.nc.user.conf.facade.CenterSysConfigFieldBatchDeleteController,doService,3,6
cn.nc.user.cfaeacct.facade.controller.CfaeAcctMagnifierController#doService,cn.nc.user.cfaeacct.facade.controller.CfaeAcctMagnifierController,doService,3,2
cn.nc.issuance.bid.facade.controller.shchTenderMgmt.QueryFileInfoController#doService,cn.nc.issuance.bid.facade.controller.shchTenderMgmt.QueryFileInfoController,doService,3,2
cn.nc.pub.msg.facade.controller.parameterRule.ParameterRuleBatchAgreeController#agree,cn.nc.pub.msg.facade.controller.parameterRule.ParameterRuleBatchAgreeController,agree,1,1
cn.nc.issuance.book.dcm.query.facade.controller.homeStart.GroupBondQueryController#doService,cn.nc.issuance.book.dcm.query.facade.controller.homeStart.GroupBondQueryController,doService,2,1
cn.nc.user.staff.facade.controller.in.UserFindListController#doService,cn.nc.user.staff.facade.controller.in.UserFindListController,doService,6,15
cn.nc.user.summary.facede.comtroller.SelectDetailController#getInstDetailByInstId,cn.nc.user.summary.facede.comtroller.SelectDetailController,getInstDetailByInstId,1,1
cn.nc.channel.backend.facade.controller.PageSettingCurLayoutQueryController#doService,cn.nc.channel.backend.facade.controller.PageSettingCurLayoutQueryController,doService,10,67
cn.nc.pub.msg.facade.controller.productTag.ProductTagSubmitController#doService,cn.nc.pub.msg.facade.controller.productTag.ProductTagSubmitController,doService,3,2
cn.nc.issuance.book.dcm.query.facade.controller.pricingplacing.PricingPlacingQueryDetailListController#doService,cn.nc.issuance.book.dcm.query.facade.controller.pricingplacing.PricingPlacingQueryDetailListController,doService,1,1
cn.nc.user.dict.facade.CenterSysDictionarySaveController#doService,cn.nc.user.dict.facade.CenterSysDictionarySaveController,doService,9,38
cn.nc.issuance.book.dcm.facade.controller.uploadfile.XFileExtController#downloadXFileById,cn.nc.issuance.book.dcm.facade.controller.uploadfile.XFileExtController,downloadXFileById,4,18
cn.nc.starter.file.controller.FileStoragePresignedController#upload,cn.nc.starter.file.controller.FileStoragePresignedController,upload,1,9
cn.nc.issuance.book.dcm.query.facade.controller.purchaseOffer.PurchaseOfferViewController#handle,cn.nc.issuance.book.dcm.query.facade.controller.purchaseOffer.PurchaseOfferViewController,handle,1,1
cn.nc.issuance.book.dcm.query.facade.controller.groupSet.GroupQueryQualifiedInvestorController#handle,cn.nc.issuance.book.dcm.query.facade.controller.groupSet.GroupQueryQualifiedInvestorController,handle,1,1
cn.nc.operation.base.facade.controller.notice.NoticeTypeQueryController#query,cn.nc.operation.base.facade.controller.notice.NoticeTypeQueryController,query,1,1
cn.nc.issuance.common.facade.controller.operation.ContactPortListController#doService,cn.nc.issuance.common.facade.controller.operation.ContactPortListController,doService,4,11
cn.nc.channel.auth.outer.facade.controller.UserChangePwdController#doService,cn.nc.channel.auth.outer.facade.controller.UserChangePwdController,doService,5,25
cn.nc.user.staff.facade.controller.MenuPageMenuListController#doService,cn.nc.user.staff.facade.controller.MenuPageMenuListController,doService,7,23
cn.nc.user.seal.facade.controller.SealHisClientRevokeController#sealHisRevoke,cn.nc.user.seal.facade.controller.SealHisClientRevokeController,sealHisRevoke,1,1
cn.nc.user.staff.facade.controller.MenuUserRouteListController#handle,cn.nc.user.staff.facade.controller.MenuUserRouteListController,handle,1,1
cn.nc.issuance.common.facade.controller.ErrorInfoAddController#handle,cn.nc.issuance.common.facade.controller.ErrorInfoAddController,handle,1,1
cn.nc.user.clientinstuseroperator.controller.OuterInstOperListController#outerInstOperList,cn.nc.user.clientinstuseroperator.controller.OuterInstOperListController,outerInstOperList,1,1
cn.nc.pub.msg.facade.controller.outside.PubProductTagCacheController#doService,cn.nc.pub.msg.facade.controller.outside.PubProductTagCacheController,doService,2,14
cn.nc.issuance.book.dcm.facade.controller.issueamountadjust.IssueAmountAdjustSaveController#handle,cn.nc.issuance.book.dcm.facade.controller.issueamountadjust.IssueAmountAdjustSaveController,handle,1,1
cn.nc.issuance.book.dcm.query.facade.controller.issueamountadjustquery.IssueAmountAdjustQueryListController#handle,cn.nc.issuance.book.dcm.query.facade.controller.issueamountadjustquery.IssueAmountAdjustQueryListController,handle,1,1
cn.nc.operation.base.facade.controller.task.TaskDeleteController#doService,cn.nc.operation.base.facade.controller.task.TaskDeleteController,doService,9,5
cn.nc.issuance.book.dcm.facade.controller.bondauthorize.BondAuthorizeUpdateController#doService,cn.nc.issuance.book.dcm.facade.controller.bondauthorize.BondAuthorizeUpdateController,doService,23,158
cn.nc.user.staff.facade.controller.in.UserNoPageListController#doService,cn.nc.user.staff.facade.controller.in.UserNoPageListController,doService,5,13
cn.nc.issuance.book.dcm.facade.controller.informationservice.SmartDocumentInterFlowPlatformLinkController#doService,cn.nc.issuance.book.dcm.facade.controller.informationservice.SmartDocumentInterFlowPlatformLinkController,doService,1,1
cn.nc.issuance.book.dcm.query.facade.controller.AutomaticDisclosureQueryBillInfoController#doService,cn.nc.issuance.book.dcm.query.facade.controller.AutomaticDisclosureQueryBillInfoController,doService,1,1
cn.nc.channel.backend.facade.controller.InstitutionBondIssuanceController#institutionBondIssuance,cn.nc.channel.backend.facade.controller.InstitutionBondIssuanceController,institutionBondIssuance,1,1
cn.nc.issuance.bid.facade.controller.biddingresultMgmt.QueryPlacingResultAdjustPageInfoController#queryAdjustPageInfo,cn.nc.issuance.bid.facade.controller.biddingresultMgmt.QueryPlacingResultAdjustPageInfoController,queryAdjustPageInfo,1,1
cn.nc.user.instuser.facade.controller.BatchDeleteInstUserHisController#approveRefuseInstThirdUserApply,cn.nc.user.instuser.facade.controller.BatchDeleteInstUserHisController,approveRefuseInstThirdUserApply,1,1
cn.nc.issuance.book.dcm.query.facade.controller.groupSet.GroupTeamMemberExportController#doService,cn.nc.issuance.book.dcm.query.facade.controller.groupSet.GroupTeamMemberExportController,doService,1,1
cn.nc.channel.auth.inner.facade.controller.AuthPubFindLoginSessionController#handle,cn.nc.channel.auth.inner.facade.controller.AuthPubFindLoginSessionController,handle,1,1
cn.nc.issuance.dist.facade.controller.SendDistInfoController#handle,cn.nc.issuance.dist.facade.controller.SendDistInfoController,handle,1,1
cn.nc.pub.msg.facade.controller.productParameter.ProductParameterDisableController#doService,cn.nc.pub.msg.facade.controller.productParameter.ProductParameterDisableController,doService,6,16
cn.nc.issuance.book.dcm.facade.controller.FileAuthConfigModifyController#doService,cn.nc.issuance.book.dcm.facade.controller.FileAuthConfigModifyController,doService,3,38
cn.nc.channel.backend.facade.controller.InstitutionFinancialPurchaseController#doService,cn.nc.channel.backend.facade.controller.InstitutionFinancialPurchaseController,doService,3,6
cn.nc.issuance.book.dcm.facade.controller.querystatistics.UnderWritingRatioProcessController#underWritingRatioProcess,cn.nc.issuance.book.dcm.facade.controller.querystatistics.UnderWritingRatioProcessController,underWritingRatioProcess,1,1
cn.nc.issuance.book.dcm.facade.controller.PrintCenterUploadFileQueryController#doService,cn.nc.issuance.book.dcm.facade.controller.PrintCenterUploadFileQueryController,doService,7,32
cn.nc.channel.mix.controller.channel.issuedbond.QueryIssuedBondsController#queryIssuedBonds,cn.nc.channel.mix.controller.channel.issuedbond.QueryIssuedBondsController,queryIssuedBonds,1,1
cn.nc.pub.msg.facade.controller.productParameter.ProductParameterGetController#get,cn.nc.pub.msg.facade.controller.productParameter.ProductParameterGetController,get,1,1
cn.nc.issuance.dist.facade.controller.DistributionDetailController#handle,cn.nc.issuance.dist.facade.controller.DistributionDetailController,handle,1,1
cn.nc.operation.base.facade.controller.work.WorkingScheduleDeleteByIdsController#doService,cn.nc.operation.base.facade.controller.work.WorkingScheduleDeleteByIdsController,doService,3,5
cn.nc.pub.msg.facade.controller.parameterTemplate.ParameterTemplateAgreeController#doService,cn.nc.pub.msg.facade.controller.parameterTemplate.ParameterTemplateAgreeController,doService,18,181
cn.nc.user.conf.facade.controller.CenterConfFileFieldListController#doService,cn.nc.user.conf.facade.controller.CenterConfFileFieldListController,doService,3,2
cn.nc.user.ukey.facade.controller.GetUkeyApplyHisDetailsController#doService,cn.nc.user.ukey.facade.controller.GetUkeyApplyHisDetailsController,doService,2,9
cn.nc.pub.msg.facade.controller.outside.PubParameterGroupDetailQueryController#getParameterGroup,cn.nc.pub.msg.facade.controller.outside.PubParameterGroupDetailQueryController,getParameterGroup,1,1
cn.nc.issuance.book.dcm.query.facade.controller.querystatistics.ExportPDFBondOfferedController#doService,cn.nc.issuance.book.dcm.query.facade.controller.querystatistics.ExportPDFBondOfferedController,doService,1,1
cn.nc.issuance.book.dcm.query.facade.controller.systemadmin.BondConfigManageQueryController#handle,cn.nc.issuance.book.dcm.query.facade.controller.systemadmin.BondConfigManageQueryController,handle,1,1
cn.nc.issuance.book.dcm.query.facade.controller.purchaseManage.PurchaseOfferManageQtController#handle,cn.nc.issuance.book.dcm.query.facade.controller.purchaseManage.PurchaseOfferManageQtController,handle,1,1
cn.nc.issuance.book.dcm.query.facade.controller.purchaseManage.PurchaseOfferManageQcController#doService,cn.nc.issuance.book.dcm.query.facade.controller.purchaseManage.PurchaseOfferManageQcController,doService,4,33
cn.nc.user.conf.facade.controller.CenterConfDictionarySelectListController#doService,cn.nc.user.conf.facade.controller.CenterConfDictionarySelectListController,doService,3,5
cn.nc.issuance.dist.facade.controller.DistBondsConfirmQueryController#handle,cn.nc.issuance.dist.facade.controller.DistBondsConfirmQueryController,handle,1,1
cn.nc.issuance.book.dcm.query.facade.controller.IsemUserInfoConfirmListController#doService,cn.nc.issuance.book.dcm.query.facade.controller.IsemUserInfoConfirmListController,doService,3,3
cn.nc.channel.msg.facade.controller.MessageInfoController#doService,cn.nc.channel.msg.facade.controller.MessageInfoController,doService,2,1
cn.nc.issuance.dist.facade.controller.DistributionManageQueryDistInfoController#handle,cn.nc.issuance.dist.facade.controller.DistributionManageQueryDistInfoController,handle,1,1
cn.nc.issuance.book.dcm.query.facade.controller.bondallocation.BondCanAllocationQueryController#doService,cn.nc.issuance.book.dcm.query.facade.controller.bondallocation.BondCanAllocationQueryController,doService,4,7
cn.nc.issuance.book.dcm.query.facade.controller.dcmbondadmin.BondAdditionalPdfViewController#doService,cn.nc.issuance.book.dcm.query.facade.controller.dcmbondadmin.BondAdditionalPdfViewController,doService,3,2
cn.nc.issuance.book.dcm.query.facade.controller.publishadmin.ConsignGroupOfferPreviewController#doService,cn.nc.issuance.book.dcm.query.facade.controller.publishadmin.ConsignGroupOfferPreviewController,doService,1,1
cn.nc.operation.base.facade.controller.notice.NoticeAuditQueryController#queryNotice,cn.nc.operation.base.facade.controller.notice.NoticeAuditQueryController,queryNotice,1,1
cn.nc.issuance.book.dcm.facade.controller.modifyinterimbondinfo.ModifyInterimBondSubmitModifyApplyController#handle,cn.nc.issuance.book.dcm.facade.controller.modifyinterimbondinfo.ModifyInterimBondSubmitModifyApplyController,handle,1,1
cn.nc.issuance.book.dcm.facade.controller.purchaseorder.PurchaseOrderModifyController#doService,cn.nc.issuance.book.dcm.facade.controller.purchaseorder.PurchaseOrderModifyController,doService,2,1
cn.nc.operation.base.facade.controller.task.TaskQueryCompletedController#queryCompleted,cn.nc.operation.base.facade.controller.task.TaskQueryCompletedController,queryCompleted,1,1
cn.nc.pub.msg.facade.controller.parameterRule.ParameterRuleExportController#export,cn.nc.pub.msg.facade.controller.parameterRule.ParameterRuleExportController,export,1,1
cn.nc.channel.backend.facade.controller.InstitutionCrmwUnderwritingController#doService,cn.nc.channel.backend.facade.controller.InstitutionCrmwUnderwritingController,doService,3,6
cn.nc.user.clientinstuseroperator.controller.ClientInstOperHisRecodeController#doService,cn.nc.user.clientinstuseroperator.controller.ClientInstOperHisRecodeController,doService,5,17
cn.nc.user.external.facade.controller.InstOperAccountController#getInstUserByAccnoList,cn.nc.user.external.facade.controller.InstOperAccountController,getInstUserByAccnoList,1,1
cn.nc.pub.wkcl.facade.controller.trade.TradeCalDetailQueryController#getYearDetails,cn.nc.pub.wkcl.facade.controller.trade.TradeCalDetailQueryController,getYearDetails,1,1
cn.nc.issuance.book.dcm.facade.controller.homestart.CancelOptionalBondController#handle,cn.nc.issuance.book.dcm.facade.controller.homestart.CancelOptionalBondController,handle,1,1
cn.nc.issuance.book.dcm.query.facade.controller.issueamountadjustquery.IssueAmountAdjustQueryListController#doService,cn.nc.issuance.book.dcm.query.facade.controller.issueamountadjustquery.IssueAmountAdjustQueryListController,doService,1,1
cn.nc.issuance.book.dcm.facade.controller.homestart.ExerciseRemindersCancelSubscribeController#handle,cn.nc.issuance.book.dcm.facade.controller.homestart.ExerciseRemindersCancelSubscribeController,handle,1,1
cn.nc.user.label.facade.controller.LabelModifyController#handle,cn.nc.user.label.facade.controller.LabelModifyController,handle,1,1
cn.nc.operation.base.facade.controller.work.WorkingScheduleAuditQueryController#query,cn.nc.operation.base.facade.controller.work.WorkingScheduleAuditQueryController,query,1,1
cn.nc.issuance.book.dcm.query.facade.controller.unannounced.UnAnnounceQueryInquireController#doService,cn.nc.issuance.book.dcm.query.facade.controller.unannounced.UnAnnounceQueryInquireController,doService,6,20
cn.nc.issuance.book.dcm.facade.controller.enquirymanage.ModifyEnquiryManageController#handle,cn.nc.issuance.book.dcm.facade.controller.enquirymanage.ModifyEnquiryManageController,handle,1,1
cn.nc.user.label.facade.controller.LabelListController#handle,cn.nc.user.label.facade.controller.LabelListController,handle,1,1
cn.nc.user.centerorgquery.controller.CenterInstOperHisRecodeController#centerInstOperHisRecodeList,cn.nc.user.centerorgquery.controller.CenterInstOperHisRecodeController,centerInstOperHisRecodeList,1,1
cn.nc.channel.backend.facade.controller.InstitutionFinancialBookManagementController#doService,cn.nc.channel.backend.facade.controller.InstitutionFinancialBookManagementController,doService,3,6
cn.nc.user.staff.facade.controller.MenuPubUserApiListController#doService,cn.nc.user.staff.facade.controller.MenuPubUserApiListController,doService,2,2
cn.nc.issuance.book.dcm.query.facade.controller.querystatistics.QueryBondStatisticsAnalysisController#handle,cn.nc.issuance.book.dcm.query.facade.controller.querystatistics.QueryBondStatisticsAnalysisController,handle,1,1
cn.nc.issuance.book.dcm.facade.controller.pricingplacing.PricingPlacingReCreatePurchaseExpController#handle,cn.nc.issuance.book.dcm.facade.controller.pricingplacing.PricingPlacingReCreatePurchaseExpController,handle,1,1
cn.nc.issuance.book.dcm.query.facade.controller.purchaseOffer.PurchaseOfferExprotExcelController#doService,cn.nc.issuance.book.dcm.query.facade.controller.purchaseOffer.PurchaseOfferExprotExcelController,doService,3,13
cn.nc.issuance.book.dcm.query.facade.controller.bondAdd.BondAssignModeListController#handle,cn.nc.issuance.book.dcm.query.facade.controller.bondAdd.BondAssignModeListController,handle,1,1
cn.nc.issuance.book.dcm.query.facade.controller.querystatistics.DownLoadFilesController#downLoadFiles,cn.nc.issuance.book.dcm.query.facade.controller.querystatistics.DownLoadFilesController,downLoadFiles,1,1
cn.nc.operation.task.engine.controller.CompletedHisQueryController#claim,cn.nc.operation.task.engine.controller.CompletedHisQueryController,claim,1,1
cn.nc.pub.msg.facade.controller.productParameter.ProductParameterDeleteController#delete,cn.nc.pub.msg.facade.controller.productParameter.ProductParameterDeleteController,delete,1,1
cn.nc.issuance.dist.facade.controller.TemplateDetailController#templateQuery,cn.nc.issuance.dist.facade.controller.TemplateDetailController,templateQuery,1,1
cn.nc.issuance.dist.facade.controller.PreViewDistController#handle,cn.nc.issuance.dist.facade.controller.PreViewDistController,handle,1,1
cn.nc.user.ukey.facade.controller.GetUkeyBindDetailsController#doService,cn.nc.user.ukey.facade.controller.GetUkeyBindDetailsController,doService,2,10
cn.nc.pub.msg.facade.controller.parameterRule.ParameterRuleCopyController#doService,cn.nc.pub.msg.facade.controller.parameterRule.ParameterRuleCopyController,doService,4,6
cn.nc.pub.msg.facade.controller.parameterGroup.ParameterGroupAddController#doService,cn.nc.pub.msg.facade.controller.parameterGroup.ParameterGroupAddController,doService,2,2
cn.nc.issuance.common.facade.controller.operation.ContactModifyController#handle,cn.nc.issuance.common.facade.controller.operation.ContactModifyController,handle,1,1
cn.nc.issuance.dist.facade.controller.DistributionModifyAfterCompleteController#doService,cn.nc.issuance.dist.facade.controller.DistributionModifyAfterCompleteController,doService,27,44
cn.nc.issuance.book.dcm.facade.controller.informationservice.HolderMeetingDisPlayController#doService,cn.nc.issuance.book.dcm.facade.controller.informationservice.HolderMeetingDisPlayController,doService,1,1
cn.nc.user.ukey.facade.controller.QueryUkeyMaintainMyListCenterController#queryUkeyMaintainListMyForCenter,cn.nc.user.ukey.facade.controller.QueryUkeyMaintainMyListCenterController,queryUkeyMaintainListMyForCenter,1,1
cn.nc.issuance.book.dcm.query.facade.controller.magnifier.ApplicantAccountQueryController#doService,cn.nc.issuance.book.dcm.query.facade.controller.magnifier.ApplicantAccountQueryController,doService,3,8
cn.nc.issuance.book.dcm.query.facade.controller.purchaseorder.PurchaseConfirmAcceptController#doService,cn.nc.issuance.book.dcm.query.facade.controller.purchaseorder.PurchaseConfirmAcceptController,doService,2,1
cn.nc.user.conf.facade.controller.CenterConfBusinessRoleLinkRoleListController#doService,cn.nc.user.conf.facade.controller.CenterConfBusinessRoleLinkRoleListController,doService,3,5
cn.nc.issuance.book.dcm.query.facade.controller.systemadmin.AdvertisingPositionClickDetailQueryController#doService,cn.nc.issuance.book.dcm.query.facade.controller.systemadmin.AdvertisingPositionClickDetailQueryController,doService,4,12
cn.nc.issuance.book.dcm.facade.controller.systemadmin.AdvertisingPositionTempSaveController#handle,cn.nc.issuance.book.dcm.facade.controller.systemadmin.AdvertisingPositionTempSaveController,handle,1,1
cn.nc.issuance.book.dcm.query.facade.controller.bondAdd.BondYearDayRuleListController#handle,cn.nc.issuance.book.dcm.query.facade.controller.bondAdd.BondYearDayRuleListController,handle,1,1
cn.nc.issuance.book.dcm.query.facade.controller.querystatistics.UnderWritingRatioChangeOptQueryController#underWritingRatioChangeOptQuery,cn.nc.issuance.book.dcm.query.facade.controller.querystatistics.UnderWritingRatioChangeOptQueryController,underWritingRatioChangeOptQuery,1,1
cn.nc.pub.msg.facade.controller.productTag.ProductTagAddController#doService,cn.nc.pub.msg.facade.controller.productTag.ProductTagAddController,doService,2,2
cn.nc.issuance.book.dcm.facade.controller.directinvestor.whitelist.nx.AccountWlReSendController#accountWhiteListReSend,cn.nc.issuance.book.dcm.facade.controller.directinvestor.whitelist.nx.AccountWlReSendController,accountWhiteListReSend,1,1
cn.nc.channel.auth.outer.facade.controller.WebMobileLoginController#loginWebMobileUser,cn.nc.channel.auth.outer.facade.controller.WebMobileLoginController,loginWebMobileUser,1,1
cn.nc.user.staff.facade.controller.MenuEmergencyPageMenuListController#handle,cn.nc.user.staff.facade.controller.MenuEmergencyPageMenuListController,handle,1,1
cn.nc.operation.base.facade.controller.statistic.WorkloadChartStatisticController#doService,cn.nc.operation.base.facade.controller.statistic.WorkloadChartStatisticController,doService,3,8
cn.nc.pub.msg.facade.controller.productParameter.ProductParameterAgreeController#agree,cn.nc.pub.msg.facade.controller.productParameter.ProductParameterAgreeController,agree,1,1
cn.nc.issuance.common.facade.controller.operation.BondAuthorizeAuditController#doService,cn.nc.issuance.common.facade.controller.operation.BondAuthorizeAuditController,doService,2,1
cn.nc.pub.msg.facade.controller.parameterRule.ParameterRuleRefuseController#doService,cn.nc.pub.msg.facade.controller.parameterRule.ParameterRuleRefuseController,doService,5,13
cn.nc.user.task.facade.controller.CenterBusinessTaskByBusinessKeyController#doService,cn.nc.user.task.facade.controller.CenterBusinessTaskByBusinessKeyController,doService,3,5
cn.nc.issuance.book.dcm.query.facade.controller.hisinfoquery.PublishSolutionPreviewController#doService,cn.nc.issuance.book.dcm.query.facade.controller.hisinfoquery.PublishSolutionPreviewController,doService,2,2
cn.nc.issuance.book.dcm.query.facade.controller.hisinfoquery.TemplatePreviewController#doService,cn.nc.issuance.book.dcm.query.facade.controller.hisinfoquery.TemplatePreviewController,doService,2,2
cn.nc.issuance.book.dcm.facade.controller.external.DCMForExternalGroupCheckController#doService,cn.nc.issuance.book.dcm.facade.controller.external.DCMForExternalGroupCheckController,doService,2,2
cn.nc.user.inst.facade.controller.InstInfoHisCenterApprovalCancelController#doService,cn.nc.user.inst.facade.controller.InstInfoHisCenterApprovalCancelController,doService,2,3
cn.nc.pub.wkcl.facade.controller.legal.LegalCalDeleteController#doService,cn.nc.pub.wkcl.facade.controller.legal.LegalCalDeleteController,doService,4,6
cn.nc.channel.log.AuditLogExportController#doService,cn.nc.channel.log.AuditLogExportController,doService,4,25
cn.nc.user.openacctquery.controller.CfaeAcctOpenAcctQueryController#queryCfaeAcctList,cn.nc.user.openacctquery.controller.CfaeAcctOpenAcctQueryController,queryCfaeAcctList,1,1
cn.nc.user.centerorgquery.controller.CenterInstOperHisRecodeController#doService,cn.nc.user.centerorgquery.controller.CenterInstOperHisRecodeController,doService,5,17
cn.nc.channel.backend.facade.controller.InstitutionBondIssuanceController#doService,cn.nc.channel.backend.facade.controller.InstitutionBondIssuanceController,doService,3,6
cn.nc.user.staff.facade.controller.ResourceAdminPositionSystemListController#handle,cn.nc.user.staff.facade.controller.ResourceAdminPositionSystemListController,handle,1,1
cn.nc.user.index.facade.controller.GetStatisticsInstInfoController#doService,cn.nc.user.index.facade.controller.GetStatisticsInstInfoController,doService,4,10
cn.nc.pub.msg.facade.controller.setting.MsgSendOperatorQueryController#doService,cn.nc.pub.msg.facade.controller.setting.MsgSendOperatorQueryController,doService,3,3
cn.nc.user.staff.facade.controller.ResourceAddController#doService,cn.nc.user.staff.facade.controller.ResourceAddController,doService,8,20
cn.nc.channel.mix.controller.channel.subscribe.QueryFinancialPurchasedBondsController#doService,cn.nc.channel.mix.controller.channel.subscribe.QueryFinancialPurchasedBondsController,doService,3,2
cn.nc.issuance.book.dcm.facade.controller.external.DCMForExternalGroupInvitationController#send,cn.nc.issuance.book.dcm.facade.controller.external.DCMForExternalGroupInvitationController,send,1,1
cn.nc.user.ukey.facade.controller.UkeyBindHisCenterBatchApprovalCancelController#ukeyBindHisBatchApprovalCancel,cn.nc.user.ukey.facade.controller.UkeyBindHisCenterBatchApprovalCancelController,ukeyBindHisBatchApprovalCancel,1,1
cn.nc.user.ukey.facade.controller.UkeyBindHisCenterRevokeController#ukeyBindHisRevoke,cn.nc.user.ukey.facade.controller.UkeyBindHisCenterRevokeController,ukeyBindHisRevoke,1,1
cn.nc.issuance.book.dcm.facade.controller.group.InvestorCancelAssignLinkManagerController#handle,cn.nc.issuance.book.dcm.facade.controller.group.InvestorCancelAssignLinkManagerController,handle,1,1
cn.nc.user.auth.facade.controller.AuthUserPermissionMenuGroupListController#handle,cn.nc.user.auth.facade.controller.AuthUserPermissionMenuGroupListController,handle,1,1
cn.nc.issuance.book.dcm.query.facade.controller.hisinfoquery.SearchNxMessageListController#doService,cn.nc.issuance.book.dcm.query.facade.controller.hisinfoquery.SearchNxMessageListController,doService,4,9
cn.nc.user.inst.facade.controller.InstInfoHisRevokeController#doService,cn.nc.user.inst.facade.controller.InstInfoHisRevokeController,doService,3,13
cn.nc.user.auth.facade.controller.AuthOneCacheController#handle,cn.nc.user.auth.facade.controller.AuthOneCacheController,handle,1,1
cn.nc.issuance.book.dcm.query.facade.controller.querystatistics.UnderWriterStaticsByOrgController#handle,cn.nc.issuance.book.dcm.query.facade.controller.querystatistics.UnderWriterStaticsByOrgController,handle,1,1
cn.nc.channel.backend.facade.controller.ConcernBondController#concernBond,cn.nc.channel.backend.facade.controller.ConcernBondController,concernBond,1,1
cn.nc.user.ukey.facade.controller.UkeyApplyHisClientModifySaveController#doService,cn.nc.user.ukey.facade.controller.UkeyApplyHisClientModifySaveController,doService,2,10
cn.nc.channel.mix.controller.issuance.QueryTodayPublishBondsController#doService,cn.nc.channel.mix.controller.issuance.QueryTodayPublishBondsController,doService,3,2
cn.nc.pub.msg.facade.controller.setting.MsgSendOperatorSaveController#doService,cn.nc.pub.msg.facade.controller.setting.MsgSendOperatorSaveController,doService,5,8
cn.nc.issuance.book.dcm.facade.controller.bondAdd.BondManageModifyController#handle,cn.nc.issuance.book.dcm.facade.controller.bondAdd.BondManageModifyController,handle,1,1
cn.nc.pub.msg.facade.controller.parameterTemplate.ParameterTemplateListQueryController#getList,cn.nc.pub.msg.facade.controller.parameterTemplate.ParameterTemplateListQueryController,getList,1,1
cn.nc.issuance.book.dcm.query.facade.controller.bond.BondHomeBookQueryController#handle,cn.nc.issuance.book.dcm.query.facade.controller.bond.BondHomeBookQueryController,handle,1,1
cn.nc.user.reguser.facade.controller.UnbindThirdInstUserController#doService,cn.nc.user.reguser.facade.controller.UnbindThirdInstUserController,doService,2,3
cn.nc.issuance.book.dcm.query.facade.controller.purchaseorder.PurchaseConfirmAcceptController#handle,cn.nc.issuance.book.dcm.query.facade.controller.purchaseorder.PurchaseConfirmAcceptController,handle,1,1
cn.nc.issuance.dist.facade.controller.DistDetailQueryController#doService,cn.nc.issuance.dist.facade.controller.DistDetailQueryController,doService,4,12
cn.nc.channel.backend.facade.controller.CrmwOnSaleQueryController#doService,cn.nc.channel.backend.facade.controller.CrmwOnSaleQueryController,doService,3,6
cn.nc.issuance.book.dcm.query.facade.controller.querystatistics.QueryUserRelationLinkController#doService,cn.nc.issuance.book.dcm.query.facade.controller.querystatistics.QueryUserRelationLinkController,doService,1,1
cn.nc.user.ukey.facade.controller.UkeyApplyHisCenterApprovalRefuseController#ukeyApplyHisApprovalRefuse,cn.nc.user.ukey.facade.controller.UkeyApplyHisCenterApprovalRefuseController,ukeyApplyHisApprovalRefuse,1,1
cn.nc.user.reguser.facade.controller.UnRegisterUserController#doService,cn.nc.user.reguser.facade.controller.UnRegisterUserController,doService,2,1
cn.nc.channel.msg.facade.controller.NoticeListController#handle,cn.nc.channel.msg.facade.controller.NoticeListController,handle,1,1
cn.nc.user.external.facade.controller.QueryCapitalAccountController#doService,cn.nc.user.external.facade.controller.QueryCapitalAccountController,doService,2,2
cn.nc.user.reguser.facade.controller.ApprovalPassUserInfoHisController#doService,cn.nc.user.reguser.facade.controller.ApprovalPassUserInfoHisController,doService,4,103
cn.nc.pub.msg.facade.controller.parameterRule.ParameterRuleAddController#add,cn.nc.pub.msg.facade.controller.parameterRule.ParameterRuleAddController,add,1,1
cn.nc.issuance.book.dcm.query.facade.controller.bondAdd.BondBenRateKindListController#handle,cn.nc.issuance.book.dcm.query.facade.controller.bondAdd.BondBenRateKindListController,handle,1,1
cn.nc.channel.msg.facade.controller.NoticeInfoController#doService,cn.nc.channel.msg.facade.controller.NoticeInfoController,doService,2,1
cn.nc.issuance.book.dcm.query.facade.controller.systemadmin.SendNoticeToXPQueryController#handle,cn.nc.issuance.book.dcm.query.facade.controller.systemadmin.SendNoticeToXPQueryController,handle,1,1
cn.nc.issuance.book.dcm.facade.controller.bondAdd.BondAdditionSubmitController#doService,cn.nc.issuance.book.dcm.facade.controller.bondAdd.BondAdditionSubmitController,doService,2,2
cn.nc.channel.mix.controller.channel.selfbond.QueryInstitutionBondBookManagementController#doService,cn.nc.channel.mix.controller.channel.selfbond.QueryInstitutionBondBookManagementController,doService,3,2
cn.nc.issuance.bid.facade.controller.submitPurchaseOffer.ImportPurchaseController#handle,cn.nc.issuance.bid.facade.controller.submitPurchaseOffer.ImportPurchaseController,handle,2,29
cn.nc.pub.msg.facade.controller.setting.MsgBizSystemCheckController#checkSysNo,cn.nc.pub.msg.facade.controller.setting.MsgBizSystemCheckController,checkSysNo,1,1
cn.nc.user.external.facade.controller.InstOperPositionController#doService,cn.nc.user.external.facade.controller.InstOperPositionController,doService,4,11
cn.nc.issuance.book.dcm.facade.controller.pricingplacing.PrintCenterUploadSubmitController#doService,cn.nc.issuance.book.dcm.facade.controller.pricingplacing.PrintCenterUploadSubmitController,doService,5,16
cn.nc.operation.base.facade.controller.notice.NoticeSendController#sendNotice,cn.nc.operation.base.facade.controller.notice.NoticeSendController,sendNotice,1,1
cn.nc.channel.backend.facade.controller.DistributingBondController#doService,cn.nc.channel.backend.facade.controller.DistributingBondController,doService,3,6
cn.nc.channel.mix.controller.channel.issuedbond.QueryIssuedCrmwController#queryIssuedCrmw,cn.nc.channel.mix.controller.channel.issuedbond.QueryIssuedCrmwController,queryIssuedCrmw,1,1
cn.nc.issuance.book.dcm.query.facade.controller.systemadmin.SendNoticeToXPQueryController#doService,cn.nc.issuance.book.dcm.query.facade.controller.systemadmin.SendNoticeToXPQueryController,doService,3,4
cn.nc.user.conf.facade.CenterSysBusinessRoleFieldBatchDeleteController#doService,cn.nc.user.conf.facade.CenterSysBusinessRoleFieldBatchDeleteController,doService,3,5
cn.nc.issuance.common.facade.controller.RoleMenuRelationDeleteController#handle,cn.nc.issuance.common.facade.controller.RoleMenuRelationDeleteController,handle,1,1
cn.nc.user.archive.facade.controller.FileArchiveModifySaveController#fileArchiveModifySave,cn.nc.user.archive.facade.controller.FileArchiveModifySaveController,fileArchiveModifySave,1,1
cn.nc.channel.backend.facade.controller.ComponentSizeController#doService,cn.nc.channel.backend.facade.controller.ComponentSizeController,doService,2,3
cn.nc.issuance.dist.facade.controller.DistributionSaveController#handle,cn.nc.issuance.dist.facade.controller.DistributionSaveController,handle,1,1
cn.nc.user.conf.facade.controller.CenterConfAccountTabFieldListController#confAccountTabFieldList,cn.nc.user.conf.facade.controller.CenterConfAccountTabFieldListController,confAccountTabFieldList,1,1
cn.nc.user.conf.facade.controller.CenterConfBusinessRoleSelectListController#confBusinessRoleSelectList,cn.nc.user.conf.facade.controller.CenterConfBusinessRoleSelectListController,confBusinessRoleSelectList,1,1
cn.nc.issuance.book.dcm.facade.controller.bondAdmin.ReSendProducutInfoController#handle,cn.nc.issuance.book.dcm.facade.controller.bondAdmin.ReSendProducutInfoController,handle,1,1
cn.nc.user.external.facade.controller.ThirdUserRelQueryController#getInstThirdUserRelList,cn.nc.user.external.facade.controller.ThirdUserRelQueryController,getInstThirdUserRelList,1,1
cn.nc.pub.msg.facade.controller.outside.PubBiddingCcdcProductInstanceReceiveController#receiveBiddingCcdcProductInstance,cn.nc.pub.msg.facade.controller.outside.PubBiddingCcdcProductInstanceReceiveController,receiveBiddingCcdcProductInstance,1,1
cn.nc.issuance.book.dcm.query.facade.controller.bondAdd.BondIntellectAdditionController#handle,cn.nc.issuance.book.dcm.query.facade.controller.bondAdd.BondIntellectAdditionController,handle,1,1
cn.nc.issuance.book.dcm.facade.controller.job.threepartyunannouncedbond.IsemUnPublishBondMatchTypeController#doService,cn.nc.issuance.book.dcm.facade.controller.job.threepartyunannouncedbond.IsemUnPublishBondMatchTypeController,doService,2,2
cn.nc.issuance.book.dcm.query.facade.controller.OfferedRequestCheckInfoController#handle,cn.nc.issuance.book.dcm.query.facade.controller.OfferedRequestCheckInfoController,handle,1,1
cn.nc.issuance.book.dcm.query.facade.controller.bond.BondInfoQueryListController#handle,cn.nc.issuance.book.dcm.query.facade.controller.bond.BondInfoQueryListController,handle,1,1
cn.nc.user.position.facade.controller.center.CenterPositionHisCodeController#handle,cn.nc.user.position.facade.controller.center.CenterPositionHisCodeController,handle,1,1
cn.nc.issuance.book.dcm.facade.controller.external.DCMForExternalCallbackReportController#doService,cn.nc.issuance.book.dcm.facade.controller.external.DCMForExternalCallbackReportController,doService,4,10
cn.nc.issuance.book.dcm.query.facade.controller.homeStart.OfficialBondInfoQueryController#handle,cn.nc.issuance.book.dcm.query.facade.controller.homeStart.OfficialBondInfoQueryController,handle,1,1
cn.nc.issuance.book.dcm.facade.controller.job.threepartyunannouncedbond.IsemUnPublishBondRepeateController#handle,cn.nc.issuance.book.dcm.facade.controller.job.threepartyunannouncedbond.IsemUnPublishBondRepeateController,handle,1,1
cn.nc.user.ukey.facade.controller.QueryUkeyClientController#queryUkeyListClient,cn.nc.user.ukey.facade.controller.QueryUkeyClientController,queryUkeyListClient,1,1
cn.nc.channel.backend.facade.controller.IdentityMappingSaveController#identityMappingSaveOrUpdate,cn.nc.channel.backend.facade.controller.IdentityMappingSaveController,identityMappingSaveOrUpdate,1,1
cn.nc.issuance.book.dcm.facade.controller.group.InvestorModifyController#doService,cn.nc.issuance.book.dcm.facade.controller.group.InvestorModifyController,doService,2,1
cn.nc.user.label.facade.controller.LabelFindInfoController#doService,cn.nc.user.label.facade.controller.LabelFindInfoController,doService,4,6
cn.nc.user.index.facade.controller.GetStatisticsInstInfoController#getStatisticsInstInfo,cn.nc.user.index.facade.controller.GetStatisticsInstInfoController,getStatisticsInstInfo,1,1
cn.nc.operation.base.facade.controller.work.OnDutyMembersQueryController#queryOnDutyMembers,cn.nc.operation.base.facade.controller.work.OnDutyMembersQueryController,queryOnDutyMembers,1,1
cn.nc.user.centerorgquery.controller.CenterOrgUserHisListController#centerOrgUserHisList,cn.nc.user.centerorgquery.controller.CenterOrgUserHisListController,centerOrgUserHisList,1,1
cn.nc.channel.backend.facade.controller.QuickEntranceQueryController#doService,cn.nc.channel.backend.facade.controller.QuickEntranceQueryController,doService,5,47
cn.nc.issuance.book.dcm.query.facade.controller.purchaseorder.PurchaseOrderListController#doService,cn.nc.issuance.book.dcm.query.facade.controller.purchaseorder.PurchaseOrderListController,doService,2,1
cn.nc.channel.backend.facade.controller.QuickEntranceSaveController#quickEntranceSaveOrUpdate,cn.nc.channel.backend.facade.controller.QuickEntranceSaveController,quickEntranceSaveOrUpdate,1,1
cn.nc.user.conf.facade.controller.CenterConfInstDynamicFieldsByInstIdController#doService,cn.nc.user.conf.facade.controller.CenterConfInstDynamicFieldsByInstIdController,doService,3,8
cn.nc.user.staff.facade.controller.ResourceDeleteController#doService,cn.nc.user.staff.facade.controller.ResourceDeleteController,doService,7,12
cn.nc.operation.base.facade.controller.statistic.WorkloadChartStatisticController#workloadChartQuery,cn.nc.operation.base.facade.controller.statistic.WorkloadChartStatisticController,workloadChartQuery,1,1
cn.nc.pub.wkcl.facade.controller.legal.SwitchHolidayController#doService,cn.nc.pub.wkcl.facade.controller.legal.SwitchHolidayController,doService,7,18
cn.nc.issuance.bid.facade.controller.biddingresultMgmt.QueryBiddingResultDetailController#queryBiddingResultDetail,cn.nc.issuance.bid.facade.controller.biddingresultMgmt.QueryBiddingResultDetailController,queryBiddingResultDetail,1,1
cn.nc.issuance.book.dcm.facade.controller.FileAuthConfigModifyController#handle,cn.nc.issuance.book.dcm.facade.controller.FileAuthConfigModifyController,handle,1,1
cn.nc.issuance.book.dcm.facade.controller.automaticDisclosure.AutomaticDisclosureCheckController#doService,cn.nc.issuance.book.dcm.facade.controller.automaticDisclosure.AutomaticDisclosureCheckController,doService,2,1
cn.nc.issuance.book.dcm.facade.controller.issueamountadjust.IssueAmountAdjustGenAndPushController#doService,cn.nc.issuance.book.dcm.facade.controller.issueamountadjust.IssueAmountAdjustGenAndPushController,doService,10,5
cn.nc.issuance.book.dcm.facade.controller.bill.BillGenController#handle,cn.nc.issuance.book.dcm.facade.controller.bill.BillGenController,handle,1,1
cn.nc.issuance.bid.facade.controller.biddingresultMgmt.SendSCHProductInfoController#doService,cn.nc.issuance.bid.facade.controller.biddingresultMgmt.SendSCHProductInfoController,doService,1,1
cn.nc.channel.backend.facade.controller.IdentityMappingClPublishController#cancelPublishIdentityMapping,cn.nc.channel.backend.facade.controller.IdentityMappingClPublishController,cancelPublishIdentityMapping,1,1
cn.nc.channel.mix.controller.issuance.QueryBasicInfoController#doService,cn.nc.channel.mix.controller.issuance.QueryBasicInfoController,doService,3,2
cn.nc.operation.base.facade.controller.work.WorkingScheduleDeleteController#delete,cn.nc.operation.base.facade.controller.work.WorkingScheduleDeleteController,delete,1,1
cn.nc.issuance.bid.facade.controller.biddingresultMgmt.QueryBiddingResultController#queryBiddingResult,cn.nc.issuance.bid.facade.controller.biddingresultMgmt.QueryBiddingResultController,queryBiddingResult,1,1
cn.nc.issuance.book.dcm.query.facade.controller.directinvestor.PreviewDirectInvestorAuthFileController#handle,cn.nc.issuance.book.dcm.query.facade.controller.directinvestor.PreviewDirectInvestorAuthFileController,handle,1,1
cn.nc.user.cfaeacct.facade.controller.CenterCfaeAcctChangeSubmitController#doService,cn.nc.user.cfaeacct.facade.controller.CenterCfaeAcctChangeSubmitController,doService,2,3
cn.nc.issuance.book.dcm.facade.controller.pricingplacing.PreGeneratePlacingResultController#doService,cn.nc.issuance.book.dcm.facade.controller.pricingplacing.PreGeneratePlacingResultController,doService,2,2
cn.nc.issuance.book.dcm.query.facade.controller.bond.BondFullInfoController#handle,cn.nc.issuance.book.dcm.query.facade.controller.bond.BondFullInfoController,handle,1,1
cn.nc.issuance.book.dcm.query.facade.controller.bond.BondHomeBookQueryController#doService,cn.nc.issuance.book.dcm.query.facade.controller.bond.BondHomeBookQueryController,doService,5,7
cn.nc.issuance.book.dcm.query.facade.controller.querystatistics.ExportUnderWritingRatioDetailController#doService,cn.nc.issuance.book.dcm.query.facade.controller.querystatistics.ExportUnderWritingRatioDetailController,doService,1,1
cn.nc.channel.msg.facade.controller.NoticeTypeListController#doService,cn.nc.channel.msg.facade.controller.NoticeTypeListController,doService,2,1
cn.nc.issuance.book.dcm.query.facade.controller.purchaseOffer.ContactMagnifyController#handle,cn.nc.issuance.book.dcm.query.facade.controller.purchaseOffer.ContactMagnifyController,handle,1,1
cn.nc.operation.base.facade.controller.work.WorkingScheduleQueryLoginUserMembersUnclaimedDashboardController#doService,cn.nc.operation.base.facade.controller.work.WorkingScheduleQueryLoginUserMembersUnclaimedDashboardController,doService,8,13
cn.nc.issuance.book.dcm.query.facade.controller.querystatistics.BondPublishProcessDetailQueryController#doService,cn.nc.issuance.book.dcm.query.facade.controller.querystatistics.BondPublishProcessDetailQueryController,doService,3,10
cn.nc.issuance.book.dcm.query.facade.controller.bond.BondHomeQueryController#handle,cn.nc.issuance.book.dcm.query.facade.controller.bond.BondHomeQueryController,handle,1,1
cn.nc.issuance.book.dcm.facade.controller.pricingplacing.PricingPlacingModifyController#doService,cn.nc.issuance.book.dcm.facade.controller.pricingplacing.PricingPlacingModifyController,doService,19,99
cn.nc.issuance.book.dcm.facade.controller.group.InvestorSaveAssignMainManagerController#handle,cn.nc.issuance.book.dcm.facade.controller.group.InvestorSaveAssignMainManagerController,handle,1,1
cn.nc.issuance.book.dcm.query.facade.controller.bondAdd.BondTrustOrgListController#doService,cn.nc.issuance.book.dcm.query.facade.controller.bondAdd.BondTrustOrgListController,doService,1,1
cn.nc.issuance.book.dcm.query.facade.controller.purchaseOffer.PurchaseOfferMidHisListController#doService,cn.nc.issuance.book.dcm.query.facade.controller.purchaseOffer.PurchaseOfferMidHisListController,doService,2,6
cn.nc.pub.msg.facade.controller.send.SendEmailController#sendEmail,cn.nc.pub.msg.facade.controller.send.SendEmailController,sendEmail,1,1
cn.nc.issuance.book.dcm.facade.controller.external.DCMForExternalAutoCreateBondController#doService,cn.nc.issuance.book.dcm.facade.controller.external.DCMForExternalAutoCreateBondController,doService,2,5
cn.nc.pub.msg.facade.controller.setting.MsgTemplateDeleteController#delete,cn.nc.pub.msg.facade.controller.setting.MsgTemplateDeleteController,delete,1,1
cn.nc.channel.backend.facade.controller.ComponentQueryByIdController#queryComponentConfigById,cn.nc.channel.backend.facade.controller.ComponentQueryByIdController,queryComponentConfigById,1,1
cn.nc.user.sync.facade.controller.QueryCfaeRegisterUserController#queryCfaeUser,cn.nc.user.sync.facade.controller.QueryCfaeRegisterUserController,queryCfaeUser,1,1
cn.nc.user.reguser.facade.controller.QueryPersonalCenterController#queryPersonalCenterDetails,cn.nc.user.reguser.facade.controller.QueryPersonalCenterController,queryPersonalCenterDetails,1,1
cn.nc.user.position.facade.controller.client.ClientPositionPermissionListController#handle,cn.nc.user.position.facade.controller.client.ClientPositionPermissionListController,handle,1,1
cn.nc.user.staff.facade.controller.ResourceFindInfoController#handle,cn.nc.user.staff.facade.controller.ResourceFindInfoController,handle,1,1
cn.nc.issuance.book.dcm.facade.controller.systemadmin.AdvertisingPositionStatusModifyController#doService,cn.nc.issuance.book.dcm.facade.controller.systemadmin.AdvertisingPositionStatusModifyController,doService,7,38
cn.nc.user.clientorgquery.facade.controller.ClientOrgUserSelectViewController#clientOrgUserDetail,cn.nc.user.clientorgquery.facade.controller.ClientOrgUserSelectViewController,clientOrgUserDetail,1,1
cn.nc.operation.base.facade.controller.notice.NoticeGetByCodeController#doService,cn.nc.operation.base.facade.controller.notice.NoticeGetByCodeController,doService,4,7
cn.nc.issuance.book.dcm.facade.controller.bondadjustorder.BondAdjustOrderauditAgencyTailRateController#doService,cn.nc.issuance.book.dcm.facade.controller.bondadjustorder.BondAdjustOrderauditAgencyTailRateController,doService,2,1
cn.nc.issuance.book.dcm.query.facade.controller.querystatistics.ExportUnderWritingRatioDetailController#handle,cn.nc.issuance.book.dcm.query.facade.controller.querystatistics.ExportUnderWritingRatioDetailController,handle,1,1
cn.nc.pub.msg.facade.controller.setting.MsgSendOperatorQueryController#queryPage,cn.nc.pub.msg.facade.controller.setting.MsgSendOperatorQueryController,queryPage,1,1
cn.nc.issuance.book.dcm.query.facade.controller.querystatistics.GetAccountLargeController#bondGroupFeeQuery,cn.nc.issuance.book.dcm.query.facade.controller.querystatistics.GetAccountLargeController,bondGroupFeeQuery,1,1
cn.nc.issuance.common.facade.controller.operation.ContactSelectController#handle,cn.nc.issuance.common.facade.controller.operation.ContactSelectController,handle,1,1
cn.nc.pub.msg.facade.controller.setting.MsgEmailServerQueryController#queryPage,cn.nc.pub.msg.facade.controller.setting.MsgEmailServerQueryController,queryPage,1,1
cn.nc.pub.msg.facade.controller.setting.MsgTemplateCheckCodeController#checkCode,cn.nc.pub.msg.facade.controller.setting.MsgTemplateCheckCodeController,checkCode,1,1
cn.nc.user.ukey.facade.controller.UkeyApplyHisCenterBatchApprovalRefuseController#doService,cn.nc.user.ukey.facade.controller.UkeyApplyHisCenterBatchApprovalRefuseController,doService,2,13
cn.nc.issuance.book.dcm.query.facade.controller.issueamountadjust.AmountAdjustQueryListController#doService,cn.nc.issuance.book.dcm.query.facade.controller.issueamountadjust.AmountAdjustQueryListController,doService,8,90
cn.nc.issuance.bid.facade.controller.submitPurchaseOffer.TiPurchaseOfferHisDetailQueryController#doService,cn.nc.issuance.bid.facade.controller.submitPurchaseOffer.TiPurchaseOfferHisDetailQueryController,doService,3,3
cn.nc.user.staff.facade.controller.ResourceTreeListController#doService,cn.nc.user.staff.facade.controller.ResourceTreeListController,doService,4,7
cn.nc.channel.mix.controller.channel.subscribe.QueryInvestorBondsController#doService,cn.nc.channel.mix.controller.channel.subscribe.QueryInvestorBondsController,doService,3,2
cn.nc.pub.msg.facade.controller.product.ProductRefuseController#refuseProduct,cn.nc.pub.msg.facade.controller.product.ProductRefuseController,refuseProduct,1,1
cn.nc.issuance.book.dcm.facade.controller.bondAdd.BondCheckModifyController#handle,cn.nc.issuance.book.dcm.facade.controller.bondAdd.BondCheckModifyController,handle,1,1
cn.nc.pub.msg.facade.controller.setting.MsgSendOperatorCheckController#checkDefaultAllow,cn.nc.pub.msg.facade.controller.setting.MsgSendOperatorCheckController,checkDefaultAllow,1,1
cn.nc.channel.auth.outer.facade.controller.ImageKaptchaShowController#queryImageKaptchaShowInfo,cn.nc.channel.auth.outer.facade.controller.ImageKaptchaShowController,queryImageKaptchaShowInfo,1,1
cn.nc.issuance.book.dcm.facade.controller.directinvestor.DirectInvestorAuthAuditController#doService,cn.nc.issuance.book.dcm.facade.controller.directinvestor.DirectInvestorAuthAuditController,doService,14,161
cn.nc.pub.msg.facade.controller.outside.PubProductTagListQueryController#doService,cn.nc.pub.msg.facade.controller.outside.PubProductTagListQueryController,doService,1,1
cn.nc.user.position.facade.controller.center.CenterPositionHisModifyController#doService,cn.nc.user.position.facade.controller.center.CenterPositionHisModifyController,doService,2,2
cn.nc.issuance.book.dcm.facade.controller.bondallocation.BondAllocationSaveController#handle,cn.nc.issuance.book.dcm.facade.controller.bondallocation.BondAllocationSaveController,handle,1,1
cn.nc.issuance.book.dcm.facade.controller.pricingplacing.PricingPlacingGenPlacingConfirmBillController#doService,cn.nc.issuance.book.dcm.facade.controller.pricingplacing.PricingPlacingGenPlacingConfirmBillController,doService,2,1
cn.nc.issuance.book.dcm.facade.controller.pricingplacing.PrintCenterUploadAuditController#doService,cn.nc.issuance.book.dcm.facade.controller.pricingplacing.PrintCenterUploadAuditController,doService,23,161
cn.nc.user.conf.facade.controller.CenterConfAccountTabListController#doService,cn.nc.user.conf.facade.controller.CenterConfAccountTabListController,doService,3,2
cn.nc.issuance.book.dcm.facade.controller.bondAdmin.ReSendProducutInfoController#doService,cn.nc.issuance.book.dcm.facade.controller.bondAdmin.ReSendProducutInfoController,doService,12,27
cn.nc.issuance.book.dcm.query.facade.controller.dcmbondadmin.BondAdditionalPdfViewController#accountWhiteListSendHisPreview,cn.nc.issuance.book.dcm.query.facade.controller.dcmbondadmin.BondAdditionalPdfViewController,accountWhiteListSendHisPreview,1,1
cn.nc.issuance.book.dcm.query.facade.controller.directinvestor.whitelist.BondWlQueryController#doService,cn.nc.issuance.book.dcm.query.facade.controller.directinvestor.whitelist.BondWlQueryController,doService,4,6
cn.nc.issuance.book.dcm.facade.controller.pricingplacing.PricingPlacingSendRegFileListController#doService,cn.nc.issuance.book.dcm.facade.controller.pricingplacing.PricingPlacingSendRegFileListController,doService,2,1
cn.nc.user.archive.facade.controller.FileArchiveModifySaveController#doService,cn.nc.user.archive.facade.controller.FileArchiveModifySaveController,doService,7,20
cn.nc.issuance.book.dcm.query.facade.controller.dcmbondadmin.BondPublishDetailController#doService,cn.nc.issuance.book.dcm.query.facade.controller.dcmbondadmin.BondPublishDetailController,doService,1,1
cn.nc.issuance.book.dcm.query.facade.controller.dcmbondadmin.PurInstructionStatusQueryController#handle,cn.nc.issuance.book.dcm.query.facade.controller.dcmbondadmin.PurInstructionStatusQueryController,handle,1,1
cn.nc.channel.msg.facade.controller.NoticeBatchSendController#handle,cn.nc.channel.msg.facade.controller.NoticeBatchSendController,handle,1,1
cn.nc.issuance.book.dcm.query.facade.controller.dcmbondadmin.QueryBondBalanceController#handle,cn.nc.issuance.book.dcm.query.facade.controller.dcmbondadmin.QueryBondBalanceController,handle,1,1
cn.nc.user.position.facade.controller.center.CenterPositionHisBatchDeleteRecordController#handle,cn.nc.user.position.facade.controller.center.CenterPositionHisBatchDeleteRecordController,handle,1,1
cn.nc.issuance.bid.facade.controller.shchTenderMgmt.QueryBidMembersController#doService,cn.nc.issuance.bid.facade.controller.shchTenderMgmt.QueryBidMembersController,doService,3,2
cn.nc.user.initinst.facade.controller.ApprovalRevokeInstOpenApplyController#doService,cn.nc.user.initinst.facade.controller.ApprovalRevokeInstOpenApplyController,doService,9,29
cn.nc.issuance.common.facade.controller.RegtrationFilesToSHCHExController#handle,cn.nc.issuance.common.facade.controller.RegtrationFilesToSHCHExController,handle,1,1
cn.nc.pub.msg.facade.controller.setting.MsgSceneConfigCheckController#doService,cn.nc.pub.msg.facade.controller.setting.MsgSceneConfigCheckController,doService,3,8
cn.nc.user.ukey.facade.controller.UkeyBindHisCenterApprovalPassController#ukeyBindHisApprovalPass,cn.nc.user.ukey.facade.controller.UkeyBindHisCenterApprovalPassController,ukeyBindHisApprovalPass,1,1
cn.nc.issuance.dist.facade.controller.DistributionNewConfirmController#doService,cn.nc.issuance.dist.facade.controller.DistributionNewConfirmController,doService,15,56
cn.nc.pub.msg.facade.controller.setting.MsgSceneConfigDeleteController#doService,cn.nc.pub.msg.facade.controller.setting.MsgSceneConfigDeleteController,doService,3,6
cn.nc.issuance.bid.facade.controller.emergencycontact.SaveOrUpdateEbcController#doService,cn.nc.issuance.bid.facade.controller.emergencycontact.SaveOrUpdateEbcController,doService,4,4
cn.nc.issuance.book.dcm.query.facade.controller.bondAdd.BondRepaymentListController#doService,cn.nc.issuance.book.dcm.query.facade.controller.bondAdd.BondRepaymentListController,doService,1,1
cn.nc.issuance.common.facade.controller.ErrorInfoAddController#doService,cn.nc.issuance.common.facade.controller.ErrorInfoAddController,doService,8,20
cn.nc.channel.mix.controller.channel.fulltext.QueryFullTextCrmwController#doService,cn.nc.channel.mix.controller.channel.fulltext.QueryFullTextCrmwController,doService,3,2
cn.nc.pub.msg.facade.controller.productTag.ProductTagEnableController#enableProductTag,cn.nc.pub.msg.facade.controller.productTag.ProductTagEnableController,enableProductTag,1,1
cn.nc.operation.base.facade.controller.support.SystemQueryController#save,cn.nc.operation.base.facade.controller.support.SystemQueryController,save,1,1
cn.nc.issuance.book.dcm.facade.controller.informationservice.SmartDocumentToReportController#doService,cn.nc.issuance.book.dcm.facade.controller.informationservice.SmartDocumentToReportController,doService,1,1
cn.nc.channel.backend.facade.controller.ConcernBondQueryController#doService,cn.nc.channel.backend.facade.controller.ConcernBondQueryController,doService,4,19
cn.nc.issuance.book.dcm.query.facade.controller.bond.PubCreditListController#handle,cn.nc.issuance.book.dcm.query.facade.controller.bond.PubCreditListController,handle,1,1
cn.nc.user.reguser.facade.controller.ChangeMobileOrEmailByCheckcodeController#doService,cn.nc.user.reguser.facade.controller.ChangeMobileOrEmailByCheckcodeController,doService,4,11
cn.nc.issuance.book.dcm.query.facade.controller.bondReview.BondReviewQueryController#doService,cn.nc.issuance.book.dcm.query.facade.controller.bondReview.BondReviewQueryController,doService,3,2
cn.nc.issuance.book.dcm.query.facade.controller.purchaseOffer.BankAccountMagnifyController#handle,cn.nc.issuance.book.dcm.query.facade.controller.purchaseOffer.BankAccountMagnifyController,handle,1,1
cn.nc.issuance.dist.facade.controller.DistributionRepealController#handle,cn.nc.issuance.dist.facade.controller.DistributionRepealController,handle,1,1
cn.nc.issuance.dist.facade.controller.DistributionModifyAfterCompleteController#handle,cn.nc.issuance.dist.facade.controller.DistributionModifyAfterCompleteController,handle,1,1
cn.nc.issuance.book.dcm.query.facade.controller.purchaseorder.PurchaseOrderDetailExportController#handle,cn.nc.issuance.book.dcm.query.facade.controller.purchaseorder.PurchaseOrderDetailExportController,handle,1,1
cn.nc.issuance.book.dcm.query.facade.controller.querystatistics.UnderWritingRatioChangeExportController#underWritingRatioChangeExport,cn.nc.issuance.book.dcm.query.facade.controller.querystatistics.UnderWritingRatioChangeExportController,underWritingRatioChangeExport,1,1
cn.nc.issuance.book.dcm.query.facade.controller.systemadmin.RateValueReferenceQueryController#doService,cn.nc.issuance.book.dcm.query.facade.controller.systemadmin.RateValueReferenceQueryController,doService,1,1
cn.nc.issuance.book.dcm.query.facade.controller.systemadmin.RegistrationFilesPreviewController#handle,cn.nc.issuance.book.dcm.query.facade.controller.systemadmin.RegistrationFilesPreviewController,handle,1,1
cn.nc.user.ukey.facade.controller.UkeyMaintainHisClientModifySaveController#doService,cn.nc.user.ukey.facade.controller.UkeyMaintainHisClientModifySaveController,doService,6,21
cn.nc.user.staff.facade.controller.in.PositionModifyController#handle,cn.nc.user.staff.facade.controller.in.PositionModifyController,handle,1,1
cn.nc.issuance.book.dcm.query.facade.controller.querystatistics.CheckBondInfoController#handle,cn.nc.issuance.book.dcm.query.facade.controller.querystatistics.CheckBondInfoController,handle,1,1
cn.nc.issuance.bid.facade.controller.shchTenderMgmt.TiBondExportExcelController#doService,cn.nc.issuance.bid.facade.controller.shchTenderMgmt.TiBondExportExcelController,doService,3,30
cn.nc.user.query.facade.controller.GetUserInfoDetailsController#getUserInfoDetails,cn.nc.user.query.facade.controller.GetUserInfoDetailsController,getUserInfoDetails,1,1
cn.nc.user.query.facade.controller.QueryUserInfoController#doService,cn.nc.user.query.facade.controller.QueryUserInfoController,doService,4,11
cn.nc.issuance.book.dcm.query.facade.controller.purchaseOffer.PurchaseOfferHisDetailQueryController#doService,cn.nc.issuance.book.dcm.query.facade.controller.purchaseOffer.PurchaseOfferHisDetailQueryController,doService,1,1
cn.nc.issuance.book.dcm.query.facade.controller.querystatistics.ExportUnderWritingRatioStatisticsController#doService,cn.nc.issuance.book.dcm.query.facade.controller.querystatistics.ExportUnderWritingRatioStatisticsController,doService,1,1
cn.nc.user.staff.facade.controller.in.UserModifyController#handle,cn.nc.user.staff.facade.controller.in.UserModifyController,handle,1,1
cn.nc.user.seal.facade.controller.SealHisClientAddSaveController#sealHisAddSave,cn.nc.user.seal.facade.controller.SealHisClientAddSaveController,sealHisAddSave,1,1
cn.nc.issuance.dist.facade.controller.external.DCMForExternalAbolitionInitiateController#abolitionInitiate,cn.nc.issuance.dist.facade.controller.external.DCMForExternalAbolitionInitiateController,abolitionInitiate,1,1
cn.nc.user.conf.facade.CenterSysBusinessRoleDeleteController#doService,cn.nc.user.conf.facade.CenterSysBusinessRoleDeleteController,doService,7,15
cn.nc.issuance.book.dcm.facade.controller.pricingplacing.PricingPlacingSendRegFileController#doService,cn.nc.issuance.book.dcm.facade.controller.pricingplacing.PricingPlacingSendRegFileController,doService,2,1
cn.nc.user.ukey.facade.controller.QueryUkeyApplyReceiverController#doService,cn.nc.user.ukey.facade.controller.QueryUkeyApplyReceiverController,doService,4,7
cn.nc.issuance.common.facade.controller.ErrorInfoAuditModifyController#doService,cn.nc.issuance.common.facade.controller.ErrorInfoAuditModifyController,doService,7,19
cn.nc.user.conf.facade.CenterSysBusinessRoleLinkBatchDeleteRoleController#sysBusinessRoleLinkBatchDeleteRole,cn.nc.user.conf.facade.CenterSysBusinessRoleLinkBatchDeleteRoleController,sysBusinessRoleLinkBatchDeleteRole,1,1
cn.nc.user.inst.facade.controller.GetInfoInfoHisMaintainController#doService,cn.nc.user.inst.facade.controller.GetInfoInfoHisMaintainController,doService,3,9
cn.nc.pub.msg.facade.controller.productParameter.ProductParameterListQueryController#doService,cn.nc.pub.msg.facade.controller.productParameter.ProductParameterListQueryController,doService,3,13
cn.nc.channel.auth.outer.facade.controller.WebMobileLoginController#doService,cn.nc.channel.auth.outer.facade.controller.WebMobileLoginController,doService,12,66
cn.nc.pub.msg.facade.controller.productParameter.ProductParameterListQueryController#getList,cn.nc.pub.msg.facade.controller.productParameter.ProductParameterListQueryController,getList,1,1
cn.nc.channel.mix.controller.channel.selfbond.QueryInstitutionCrmwBookManagementController#doService,cn.nc.channel.mix.controller.channel.selfbond.QueryInstitutionCrmwBookManagementController,doService,3,2
cn.nc.operation.base.facade.controller.notice.NoticeDeleteController#deleteNotice,cn.nc.operation.base.facade.controller.notice.NoticeDeleteController,deleteNotice,1,1
cn.nc.channel.mix.controller.channel.selfbond.QueryInstitutionFinancialBondBookManagementController#doService,cn.nc.channel.mix.controller.channel.selfbond.QueryInstitutionFinancialBondBookManagementController,doService,3,2
cn.nc.issuance.book.dcm.query.facade.controller.systemadmin.RateValueReferenceQueryController#handle,cn.nc.issuance.book.dcm.query.facade.controller.systemadmin.RateValueReferenceQueryController,handle,1,1
cn.nc.issuance.book.dcm.facade.controller.group.GroupSaveGroupClickController#handle,cn.nc.issuance.book.dcm.facade.controller.group.GroupSaveGroupClickController,handle,1,1
cn.nc.issuance.common.facade.controller.operation.BondAuthorizeSelectController#handle,cn.nc.issuance.common.facade.controller.operation.BondAuthorizeSelectController,handle,1,1
cn.nc.operation.base.facade.controller.work.WorkGroupQueryWorkItemsPageController#queryLoginUserWorkItems,cn.nc.operation.base.facade.controller.work.WorkGroupQueryWorkItemsPageController,queryLoginUserWorkItems,1,1
cn.nc.pub.msg.facade.controller.productParameter.ProductParameterEnableController#doService,cn.nc.pub.msg.facade.controller.productParameter.ProductParameterEnableController,doService,6,16
cn.nc.issuance.bid.facade.controller.emergencycontact.DeleteEbcInfoController#delEbc,cn.nc.issuance.bid.facade.controller.emergencycontact.DeleteEbcInfoController,delEbc,1,1
cn.nc.issuance.common.facade.controller.ErrorInfoSelectController#doService,cn.nc.issuance.common.facade.controller.ErrorInfoSelectController,doService,4,6
cn.nc.channel.mix.controller.channel.subscribe.QueryCrmwSaleProductsController#doService,cn.nc.channel.mix.controller.channel.subscribe.QueryCrmwSaleProductsController,doService,3,2
cn.nc.issuance.bid.facade.controller.biddingManagement.queryBidding.ExportBiddingController#doService,cn.nc.issuance.bid.facade.controller.biddingManagement.queryBidding.ExportBiddingController,doService,2,20
cn.nc.pub.msg.facade.controller.setting.MsgSceneConfigQueryController#doService,cn.nc.pub.msg.facade.controller.setting.MsgSceneConfigQueryController,doService,3,4
cn.nc.issuance.book.dcm.facade.controller.directinvestor.SaveDirectInvestorAuthController#doService,cn.nc.issuance.book.dcm.facade.controller.directinvestor.SaveDirectInvestorAuthController,doService,2,1
cn.nc.issuance.common.facade.controller.BillingInformationExternalUpdateController#doService,cn.nc.issuance.common.facade.controller.BillingInformationExternalUpdateController,doService,5,13
cn.nc.issuance.common.facade.controller.query.BondAuthorizeListController#handle,cn.nc.issuance.common.facade.controller.query.BondAuthorizeListController,handle,1,1
cn.nc.user.conf.facade.CenterSysConfigFieldSaveOrderController#sysConfigFieldSaveOrder,cn.nc.user.conf.facade.CenterSysConfigFieldSaveOrderController,sysConfigFieldSaveOrder,1,1
cn.nc.issuance.book.dcm.query.facade.controller.PricingPlacingSendAuthFileController#handle,cn.nc.issuance.book.dcm.query.facade.controller.PricingPlacingSendAuthFileController,handle,1,1
cn.nc.pub.msg.facade.controller.parameterTemplate.ParameterTemplateDisableController#doService,cn.nc.pub.msg.facade.controller.parameterTemplate.ParameterTemplateDisableController,doService,5,14
cn.nc.user.seal.facade.controller.SealHisClientApprovalCancelController#doService,cn.nc.user.seal.facade.controller.SealHisClientApprovalCancelController,doService,2,3
cn.nc.channel.log.AuditLogQueryController#doService,cn.nc.channel.log.AuditLogQueryController,doService,2,2
cn.nc.user.label.facade.controller.LabelMenuListController#doService,cn.nc.user.label.facade.controller.LabelMenuListController,doService,4,7
cn.nc.operation.base.facade.controller.work.WorkingScheduleQueryController#query,cn.nc.operation.base.facade.controller.work.WorkingScheduleQueryController,query,1,1
cn.nc.channel.msg.facade.controller.NoticeListController#doService,cn.nc.channel.msg.facade.controller.NoticeListController,doService,2,1
cn.nc.user.cfaeacct.facade.controller.CenterCfaeAcctDeregisterSubmitController#doService,cn.nc.user.cfaeacct.facade.controller.CenterCfaeAcctDeregisterSubmitController,doService,2,3
cn.nc.issuance.book.dcm.facade.controller.pricingplacing.PricingPlacingPlacingDetailQueryController#handle,cn.nc.issuance.book.dcm.facade.controller.pricingplacing.PricingPlacingPlacingDetailQueryController,handle,1,1
cn.nc.issuance.book.dcm.facade.controller.pricingplacing.GenPublishNoticeListController#doService,cn.nc.issuance.book.dcm.facade.controller.pricingplacing.GenPublishNoticeListController,doService,3,14
cn.nc.issuance.bid.facade.controller.biddingManagement.bidSuppAdmiAdd.DownLoadLeftAdditionAddController#doService,cn.nc.issuance.bid.facade.controller.biddingManagement.bidSuppAdmiAdd.DownLoadLeftAdditionAddController,doService,2,13
cn.nc.issuance.bid.facade.controller.core.QueryRightMenuParamController#doService,cn.nc.issuance.bid.facade.controller.core.QueryRightMenuParamController,doService,8,29
cn.nc.issuance.book.dcm.facade.controller.group.InvestorCancelAssignMainManagerController#handle,cn.nc.issuance.book.dcm.facade.controller.group.InvestorCancelAssignMainManagerController,handle,1,1
cn.nc.channel.backend.facade.controller.DebtInstTenderOfferQueryController#doService,cn.nc.channel.backend.facade.controller.DebtInstTenderOfferQueryController,doService,3,6
cn.nc.issuance.bid.facade.controller.submitPurchaseOffer.TiPurchaseOfferHisQueryController#doService,cn.nc.issuance.bid.facade.controller.submitPurchaseOffer.TiPurchaseOfferHisQueryController,doService,3,5
cn.nc.user.reguser.facade.controller.ModifyUserBaseInfoByIdController#modfiyUserBaseInfoById,cn.nc.user.reguser.facade.controller.ModifyUserBaseInfoByIdController,modfiyUserBaseInfoById,1,1
cn.nc.issuance.book.dcm.query.facade.controller.querystatistics.DownLoadFileController#doService,cn.nc.issuance.book.dcm.query.facade.controller.querystatistics.DownLoadFileController,doService,2,1
cn.nc.operation.base.facade.controller.task.TaskQueryToAssignController#queryToAssign,cn.nc.operation.base.facade.controller.task.TaskQueryToAssignController,queryToAssign,1,1
cn.nc.issuance.book.dcm.facade.controller.bondadjustorder.BondAdjustOrderAddTimeController#doService,cn.nc.issuance.book.dcm.facade.controller.bondadjustorder.BondAdjustOrderAddTimeController,doService,2,1
cn.nc.issuance.book.dcm.facade.controller.querystatistics.BondGroupFeeAccountBookUpdateController#bondGroupFeeAccountBookUpdate,cn.nc.issuance.book.dcm.facade.controller.querystatistics.BondGroupFeeAccountBookUpdateController,bondGroupFeeAccountBookUpdate,1,1
cn.nc.user.ukey.facade.controller.GetUkeyApplyHisDetailsController#getUkeyApplyHisDetails,cn.nc.user.ukey.facade.controller.GetUkeyApplyHisDetailsController,getUkeyApplyHisDetails,1,1
cn.nc.issuance.book.dcm.facade.controller.pricingplacing.PricingPlacingRefreshController#handle,cn.nc.issuance.book.dcm.facade.controller.pricingplacing.PricingPlacingRefreshController,handle,1,1
cn.nc.issuance.common.facade.controller.RoleMenuRelationPortListController#handle,cn.nc.issuance.common.facade.controller.RoleMenuRelationPortListController,handle,1,1
cn.nc.user.cfaeacct.facade.controller.CenterCfaeAcctModifySubmitController#doService,cn.nc.user.cfaeacct.facade.controller.CenterCfaeAcctModifySubmitController,doService,2,3
cn.nc.user.staff.facade.controller.in.OrgModifyController#doService,cn.nc.user.staff.facade.controller.in.OrgModifyController,doService,4,9
cn.nc.user.staff.facade.controller.in.UserDeleteController#doService,cn.nc.user.staff.facade.controller.in.UserDeleteController,doService,10,28
cn.nc.issuance.book.dcm.facade.controller.bondAdd.BondSaveController#doService,cn.nc.issuance.book.dcm.facade.controller.bondAdd.BondSaveController,doService,2,2
cn.nc.user.instoperuser.facade.controller.ModifyOperUserController#doService,cn.nc.user.instoperuser.facade.controller.ModifyOperUserController,doService,2,9
cn.nc.user.instuser.facade.controller.ApprovePassInstUserController#doService,cn.nc.user.instuser.facade.controller.ApprovePassInstUserController,doService,21,238
cn.nc.issuance.book.dcm.query.facade.controller.issueamountadjust.AmountAdjustAddInitController#doService,cn.nc.issuance.book.dcm.query.facade.controller.issueamountadjust.AmountAdjustAddInitController,doService,4,3
cn.nc.issuance.book.dcm.query.facade.controller.bondAdd.BondRationModeListController#handle,cn.nc.issuance.book.dcm.query.facade.controller.bondAdd.BondRationModeListController,handle,1,1
cn.nc.issuance.dist.facade.controller.PrintPdfDownloadController#proxyPdf,cn.nc.issuance.dist.facade.controller.PrintPdfDownloadController,proxyPdf,2,11
cn.nc.starter.file.controller.FileStorageController#basicUpload,cn.nc.starter.file.controller.FileStorageController,basicUpload,1,9
cn.nc.user.reguser.facade.controller.ApprovalRevokeUserInfoHisController#doService,cn.nc.user.reguser.facade.controller.ApprovalRevokeUserInfoHisController,doService,3,26
cn.nc.operation.base.facade.controller.work.WorkingScheduleSaveController#doService,cn.nc.operation.base.facade.controller.work.WorkingScheduleSaveController,doService,3,5
cn.nc.issuance.book.dcm.facade.controller.external.DCMForExternalProductInfoRegBackController#recShchBondFeedbackInfo,cn.nc.issuance.book.dcm.facade.controller.external.DCMForExternalProductInfoRegBackController,recShchBondFeedbackInfo,1,1
cn.nc.pub.wkcl.facade.controller.trade.TradeCalSelectController#select,cn.nc.pub.wkcl.facade.controller.trade.TradeCalSelectController,select,1,1
cn.nc.channel.backend.facade.controller.ComponentConfigSaveController#doService,cn.nc.channel.backend.facade.controller.ComponentConfigSaveController,doService,8,46
cn.nc.issuance.book.dcm.facade.controller.automaticDisclosure.AutomaticDisclosureCheckController#handle,cn.nc.issuance.book.dcm.facade.controller.automaticDisclosure.AutomaticDisclosureCheckController,handle,1,1
cn.nc.issuance.common.facade.controller.BillingInformationAddController#doService,cn.nc.issuance.common.facade.controller.BillingInformationAddController,doService,5,10
cn.nc.issuance.book.dcm.query.facade.controller.purchaseManage.PurchaseOfferManageDetailViewController#doService,cn.nc.issuance.book.dcm.query.facade.controller.purchaseManage.PurchaseOfferManageDetailViewController,doService,3,2
cn.nc.issuance.book.dcm.facade.controller.group.InvestorSaveAssignLinkManagerController#handle,cn.nc.issuance.book.dcm.facade.controller.group.InvestorSaveAssignLinkManagerController,handle,1,1
cn.nc.issuance.dist.facade.controller.external.DCMForExternalAbolitionConfirmController#doService,cn.nc.issuance.dist.facade.controller.external.DCMForExternalAbolitionConfirmController,doService,2,2
cn.nc.user.inst.facade.controller.QueryInstInfoHisListController#doService,cn.nc.user.inst.facade.controller.QueryInstInfoHisListController,doService,4,24
cn.nc.pub.msg.facade.controller.parameterTemplate.ParameterTemplateListQueryController#doService,cn.nc.pub.msg.facade.controller.parameterTemplate.ParameterTemplateListQueryController,doService,2,7
cn.nc.issuance.bid.facade.controller.biddingresultMgmt.PreviewRegFileController#proxyPdf,cn.nc.issuance.bid.facade.controller.biddingresultMgmt.PreviewRegFileController,proxyPdf,2,11
cn.nc.issuance.book.dcm.facade.controller.job.threepartyunannouncedbond.IsemUnPublishBondAddController#handle,cn.nc.issuance.book.dcm.facade.controller.job.threepartyunannouncedbond.IsemUnPublishBondAddController,handle,1,1
cn.nc.issuance.bid.facade.controller.biddingresultMgmt.DownloadBidDetailController#doService,cn.nc.issuance.bid.facade.controller.biddingresultMgmt.DownloadBidDetailController,doService,11,85
cn.nc.user.instuser.facade.controller.AddInstUserController#doService,cn.nc.user.instuser.facade.controller.AddInstUserController,doService,12,144
cn.nc.user.ukey.facade.controller.UkeyExpressCenterModifySaveController#ukeyExpressModifySave,cn.nc.user.ukey.facade.controller.UkeyExpressCenterModifySaveController,ukeyExpressModifySave,1,1
cn.nc.user.query.facade.controller.QueryUserInfoController#queryUserInfoList,cn.nc.user.query.facade.controller.QueryUserInfoController,queryUserInfoList,1,1
cn.nc.user.ukey.facade.controller.QueryUkeyMaintainMyListClientController#queryUkeyMaintainListMyForClient,cn.nc.user.ukey.facade.controller.QueryUkeyMaintainMyListClientController,queryUkeyMaintainListMyForClient,1,1
cn.nc.issuance.book.dcm.facade.controller.bondauthorize.BondAuthorizeUpdateController#handle,cn.nc.issuance.book.dcm.facade.controller.bondauthorize.BondAuthorizeUpdateController,handle,1,1
cn.nc.issuance.common.facade.controller.BillingInformationExternalUpdateController#handle,cn.nc.issuance.common.facade.controller.BillingInformationExternalUpdateController,handle,1,1
cn.nc.issuance.book.dcm.query.facade.controller.groupSet.GroupSettingPdfViewController#proxyPdf,cn.nc.issuance.book.dcm.query.facade.controller.groupSet.GroupSettingPdfViewController,proxyPdf,2,11
cn.nc.user.staff.facade.controller.MenuPubUserMenuListController#doService,cn.nc.user.staff.facade.controller.MenuPubUserMenuListController,doService,2,8
cn.nc.issuance.book.dcm.query.facade.controller.groupSet.GroupLoadConsignperController#doService,cn.nc.issuance.book.dcm.query.facade.controller.groupSet.GroupLoadConsignperController,doService,4,8
cn.nc.issuance.book.dcm.query.facade.controller.publishadmin.ConsignGroupOfferQueryController#handle,cn.nc.issuance.book.dcm.query.facade.controller.publishadmin.ConsignGroupOfferQueryController,handle,1,1
cn.nc.channel.auth.outer.facade.controller.RegisterUserQueryController#doService,cn.nc.channel.auth.outer.facade.controller.RegisterUserQueryController,doService,3,27
cn.nc.issuance.book.dcm.query.facade.controller.purchaseManage.PurchaseOfferManageQcController#handle,cn.nc.issuance.book.dcm.query.facade.controller.purchaseManage.PurchaseOfferManageQcController,handle,1,1
cn.nc.operation.base.facade.controller.work.WorkingScheduleQueryLoginUserScheduleController#queryLoginUserMembersSchedule,cn.nc.operation.base.facade.controller.work.WorkingScheduleQueryLoginUserScheduleController,queryLoginUserMembersSchedule,1,1
cn.nc.user.ukey.facade.controller.QueryUkeyExpressController#queryExpressList,cn.nc.user.ukey.facade.controller.QueryUkeyExpressController,queryExpressList,1,1
cn.nc.issuance.book.dcm.query.facade.controller.bondAdd.BondAssignModeListController#doService,cn.nc.issuance.book.dcm.query.facade.controller.bondAdd.BondAssignModeListController,doService,1,1
cn.nc.issuance.book.dcm.facade.controller.unAnnounced.CreditReportDownLoadController#doService,cn.nc.issuance.book.dcm.facade.controller.unAnnounced.CreditReportDownLoadController,doService,1,1
cn.nc.user.inst.facade.controller.InstInfoHisCenterBatchApprovalPassController#doService,cn.nc.user.inst.facade.controller.InstInfoHisCenterBatchApprovalPassController,doService,14,20
cn.nc.user.reguser.facade.controller.UpdateUserBaseInfoController#updateUserBaseInfo,cn.nc.user.reguser.facade.controller.UpdateUserBaseInfoController,updateUserBaseInfo,1,1
cn.nc.issuance.bid.facade.controller.regfile.RegFilePreviewController#previewFile,cn.nc.issuance.bid.facade.controller.regfile.RegFilePreviewController,previewFile,1,1
cn.nc.user.staff.facade.controller.in.UserModifyUserInfoController#doService,cn.nc.user.staff.facade.controller.in.UserModifyUserInfoController,doService,5,29
cn.nc.issuance.book.dcm.facade.controller.modifyinterimbondinfo.ModifyInterimBondCancleModifyApplyController#doService,cn.nc.issuance.book.dcm.facade.controller.modifyinterimbondinfo.ModifyInterimBondCancleModifyApplyController,doService,8,6
cn.nc.channel.mix.controller.channel.statistic.QueryInstitutionCrmwPurchaseStatsController#queryInstitutionCrmwPurchaseStats,cn.nc.channel.mix.controller.channel.statistic.QueryInstitutionCrmwPurchaseStatsController,queryInstitutionCrmwPurchaseStats,1,1
cn.nc.issuance.bid.facade.controller.shchTenderMgmt.QueryTiBondFullNameMagnifierController#queryTiBondFullNameMagnifier,cn.nc.issuance.bid.facade.controller.shchTenderMgmt.QueryTiBondFullNameMagnifierController,queryTiBondFullNameMagnifier,1,1
cn.nc.channel.backend.facade.controller.ConcernCrmwQueryController#doService,cn.nc.channel.backend.facade.controller.ConcernCrmwQueryController,doService,4,19
cn.nc.issuance.book.dcm.facade.controller.inquiry.ReplyInquiryController#doService,cn.nc.issuance.book.dcm.facade.controller.inquiry.ReplyInquiryController,doService,5,21
cn.nc.pub.wkcl.facade.controller.core.NextDayQueryController#nextDayQuery,cn.nc.pub.wkcl.facade.controller.core.NextDayQueryController,nextDayQuery,1,1
cn.nc.issuance.book.dcm.query.facade.controller.purchaseManage.PurchaseOfferManageDetailViewController#handle,cn.nc.issuance.book.dcm.query.facade.controller.purchaseManage.PurchaseOfferManageDetailViewController,handle,1,1
cn.nc.issuance.book.dcm.facade.controller.group.GroupCompleteGroupConfirmController#handle,cn.nc.issuance.book.dcm.facade.controller.group.GroupCompleteGroupConfirmController,handle,1,1
cn.nc.issuance.book.dcm.facade.controller.consignpercent.ConsignPercentSaveController#handle,cn.nc.issuance.book.dcm.facade.controller.consignpercent.ConsignPercentSaveController,handle,1,1
cn.nc.user.reguser.facade.controller.IdentifyRegistrationUserController#doService,cn.nc.user.reguser.facade.controller.IdentifyRegistrationUserController,doService,2,1
cn.nc.user.reguser.facade.controller.UnbindThirdUserRelInstUserController#unbindThirdUserAndInstUser,cn.nc.user.reguser.facade.controller.UnbindThirdUserRelInstUserController,unbindThirdUserAndInstUser,1,1
cn.nc.user.clientorgquery.facade.controller.ClientOrgHisRecodeController#doService,cn.nc.user.clientorgquery.facade.controller.ClientOrgHisRecodeController,doService,5,17
cn.nc.user.conf.facade.CenterSysBusinessRoleDeleteController#sysBusinessRoleDelete,cn.nc.user.conf.facade.CenterSysBusinessRoleDeleteController,sysBusinessRoleDelete,1,1
cn.nc.issuance.bid.facade.controller.biddingresultMgmt.DownloadBiddingResultController#doService,cn.nc.issuance.bid.facade.controller.biddingresultMgmt.DownloadBiddingResultController,doService,11,85
cn.nc.issuance.book.dcm.query.facade.controller.bond.BondRoleQueryController#doService,cn.nc.issuance.book.dcm.query.facade.controller.bond.BondRoleQueryController,doService,2,8
cn.nc.operation.base.facade.controller.notice.NoticeTypeAccessibleQueryController#query,cn.nc.operation.base.facade.controller.notice.NoticeTypeAccessibleQueryController,query,1,1
cn.nc.channel.backend.facade.controller.InstitutionFinancialUnderwritingController#doService,cn.nc.channel.backend.facade.controller.InstitutionFinancialUnderwritingController,doService,3,6
cn.nc.user.cfaeacct.facade.controller.CenterCfaeAcctListController#centerCfaeAcctList,cn.nc.user.cfaeacct.facade.controller.CenterCfaeAcctListController,centerCfaeAcctList,1,1
cn.nc.user.staff.facade.controller.in.OrgDeleteController#doService,cn.nc.user.staff.facade.controller.in.OrgDeleteController,doService,3,5
cn.nc.issuance.dist.facade.controller.DistributionBatchDownloadFileController#handle,cn.nc.issuance.dist.facade.controller.DistributionBatchDownloadFileController,handle,1,1
cn.nc.user.reguser.facade.controller.DeRegisterUserByPhoneOrEmailController#doService,cn.nc.user.reguser.facade.controller.DeRegisterUserByPhoneOrEmailController,doService,2,1
cn.nc.channel.backend.facade.controller.PageSettingCurLayoutQueryController#queryCurLayoutByCondition,cn.nc.channel.backend.facade.controller.PageSettingCurLayoutQueryController,queryCurLayoutByCondition,1,1
cn.nc.pub.msg.facade.controller.send.QueryEmailMessageController#queryEmailMessage,cn.nc.pub.msg.facade.controller.send.QueryEmailMessageController,queryEmailMessage,1,1
cn.nc.issuance.book.dcm.facade.controller.bondAdmin.PlacingAdjustModifyController#doService,cn.nc.issuance.book.dcm.facade.controller.bondAdmin.PlacingAdjustModifyController,doService,4,10
cn.nc.channel.mix.controller.channel.statistic.QueryInstitutionBondUnderwritingStatsController#queryInstitutionBondUnderwritingStats,cn.nc.channel.mix.controller.channel.statistic.QueryInstitutionBondUnderwritingStatsController,queryInstitutionBondUnderwritingStats,1,1
cn.nc.user.comfile.facade.controller.FileDownCenterController#saveFile,cn.nc.user.comfile.facade.controller.FileDownCenterController,saveFile,3,6
cn.nc.issuance.book.dcm.query.facade.controller.bookkeepingprocessiinfo.PurchaseViewDetailController#handle,cn.nc.issuance.book.dcm.query.facade.controller.bookkeepingprocessiinfo.PurchaseViewDetailController,handle,1,1
cn.nc.channel.mix.controller.issuance.QueryOptionalBondController#queryOptionalBond,cn.nc.channel.mix.controller.issuance.QueryOptionalBondController,queryOptionalBond,1,1
cn.nc.user.cfaeacct.facade.controller.ClientCfaeAcctAddSaveController#cfaeAcctAddSaveClient,cn.nc.user.cfaeacct.facade.controller.ClientCfaeAcctAddSaveController,cfaeAcctAddSaveClient,1,1
cn.nc.user.ukey.facade.controller.UkeyBindHisCenterDeleteController#ukeyBindHisDelete,cn.nc.user.ukey.facade.controller.UkeyBindHisCenterDeleteController,ukeyBindHisDelete,1,1
cn.nc.issuance.book.dcm.query.facade.controller.querystatistics.QueryBondOfferedController#handle,cn.nc.issuance.book.dcm.query.facade.controller.querystatistics.QueryBondOfferedController,handle,1,1
cn.nc.channel.backend.facade.controller.InstitutionCrmwPurchaseController#institutionCrmwPurchase,cn.nc.channel.backend.facade.controller.InstitutionCrmwPurchaseController,institutionCrmwPurchase,1,1
cn.nc.user.reguser.facade.controller.AddUserInfoHisController#doService,cn.nc.user.reguser.facade.controller.AddUserInfoHisController,doService,3,26
cn.nc.issuance.book.dcm.query.facade.controller.purchaseorder.PurchaseConfirmDetailController#handle,cn.nc.issuance.book.dcm.query.facade.controller.purchaseorder.PurchaseConfirmDetailController,handle,1,1
cn.nc.channel.backend.facade.controller.InstitutionFinancialIssuanceController#doService,cn.nc.channel.backend.facade.controller.InstitutionFinancialIssuanceController,doService,3,6
cn.nc.user.conf.facade.controller.QueryDictionaryCascaderTreeController#queryDictionaryCascaderTree,cn.nc.user.conf.facade.controller.QueryDictionaryCascaderTreeController,queryDictionaryCascaderTree,1,1
cn.nc.user.clientinstuseroperator.controller.ClientInstOperListHisController#clientInstOperHisList,cn.nc.user.clientinstuseroperator.controller.ClientInstOperListHisController,clientInstOperHisList,1,1
cn.nc.issuance.bid.facade.controller.submitPurchaseOffer.TiPurchaseOfferAuditController#doService,cn.nc.issuance.bid.facade.controller.submitPurchaseOffer.TiPurchaseOfferAuditController,doService,8,40
cn.nc.issuance.book.dcm.facade.controller.pricingplacing.PricingPlacingTryCalculate#doService,cn.nc.issuance.book.dcm.facade.controller.pricingplacing.PricingPlacingTryCalculate,doService,3,30
cn.nc.channel.backend.facade.controller.LoginHomePageDispController#queryLoginHomePageDispInfo,cn.nc.channel.backend.facade.controller.LoginHomePageDispController,queryLoginHomePageDispInfo,1,1
cn.nc.issuance.book.dcm.facade.controller.PrintCenterUploadFileQueryController#handle,cn.nc.issuance.book.dcm.facade.controller.PrintCenterUploadFileQueryController,handle,1,1
cn.nc.user.reguser.facade.controller.ApprovalRevokeUserInfoHisController#approvalRejectUserInfoHis,cn.nc.user.reguser.facade.controller.ApprovalRevokeUserInfoHisController,approvalRejectUserInfoHis,1,1
cn.nc.issuance.book.dcm.query.facade.controller.hisinfoquery.PlanPublishItemsQueryController#doService,cn.nc.issuance.book.dcm.query.facade.controller.hisinfoquery.PlanPublishItemsQueryController,doService,3,3
cn.nc.issuance.book.dcm.query.facade.controller.querystatistics.ExportThirdRelationStaticsController#doService,cn.nc.issuance.book.dcm.query.facade.controller.querystatistics.ExportThirdRelationStaticsController,doService,1,1
cn.nc.channel.mix.controller.channel.subscribe.QueryIssuableBondsController#queryIssuableBonds,cn.nc.channel.mix.controller.channel.subscribe.QueryIssuableBondsController,queryIssuableBonds,1,1
cn.nc.issuance.book.dcm.facade.controller.directinvestor.ModifyDirectInvestorAuthController#handle,cn.nc.issuance.book.dcm.facade.controller.directinvestor.ModifyDirectInvestorAuthController,handle,1,1
cn.nc.issuance.book.dcm.query.facade.controller.purchaseOffer.PurchaseOfferDetailController#doService,cn.nc.issuance.book.dcm.query.facade.controller.purchaseOffer.PurchaseOfferDetailController,doService,12,86
cn.nc.channel.mix.controller.channel.fulltext.QueryFullTextBondsController#doService,cn.nc.channel.mix.controller.channel.fulltext.QueryFullTextBondsController,doService,3,2
cn.nc.issuance.bid.facade.controller.shchTenderMgmt.QueryEmergencyContactController#doService,cn.nc.issuance.bid.facade.controller.shchTenderMgmt.QueryEmergencyContactController,doService,3,3
cn.nc.issuance.dist.facade.controller.QueryDistInstanceInfoController#handle,cn.nc.issuance.dist.facade.controller.QueryDistInstanceInfoController,handle,1,1
cn.nc.operation.base.facade.controller.task.TaskClaimController#claim,cn.nc.operation.base.facade.controller.task.TaskClaimController,claim,1,1
cn.nc.issuance.book.dcm.query.facade.controller.hisinfoquery.PublishSolutionPreviewController#handle,cn.nc.issuance.book.dcm.query.facade.controller.hisinfoquery.PublishSolutionPreviewController,handle,1,1
cn.nc.issuance.book.dcm.facade.controller.reservationmanage.ReservationManageModifyController#doService,cn.nc.issuance.book.dcm.facade.controller.reservationmanage.ReservationManageModifyController,doService,2,1
cn.nc.channel.mix.controller.channel.selfbond.QueryInstitutionFinancialBondBookManagementController#queryInstitutionFinancialBondBookManagement,cn.nc.channel.mix.controller.channel.selfbond.QueryInstitutionFinancialBondBookManagementController,queryInstitutionFinancialBondBookManagement,1,1
cn.nc.issuance.book.dcm.query.facade.controller.homeStart.EndTenderInfoQueryController#handle,cn.nc.issuance.book.dcm.query.facade.controller.homeStart.EndTenderInfoQueryController,handle,1,1
cn.nc.user.cfaeacct.facade.controller.CenterCfaeAcctCapitalQueryListController#doService,cn.nc.user.cfaeacct.facade.controller.CenterCfaeAcctCapitalQueryListController,doService,2,2
cn.nc.issuance.bid.facade.controller.shchTenderMgmt.TiBondListQueryController#doService,cn.nc.issuance.bid.facade.controller.shchTenderMgmt.TiBondListQueryController,doService,6,46
cn.nc.issuance.book.dcm.query.facade.controller.querystatistics.CheckBondInfoExportController#doService,cn.nc.issuance.book.dcm.query.facade.controller.querystatistics.CheckBondInfoExportController,doService,1,1
cn.nc.issuance.book.dcm.query.facade.controller.dcmbondadmin.BookPrepareCompleteQueryController#doService,cn.nc.issuance.book.dcm.query.facade.controller.dcmbondadmin.BookPrepareCompleteQueryController,doService,1,1
cn.nc.channel.mix.controller.issuance.QueryConsignGroupListController#queryConsignGroupList,cn.nc.channel.mix.controller.issuance.QueryConsignGroupListController,queryConsignGroupList,1,1
cn.nc.issuance.book.dcm.query.facade.controller.systemadmin.AdvertisingPositionBannerQueryController#handle,cn.nc.issuance.book.dcm.query.facade.controller.systemadmin.AdvertisingPositionBannerQueryController,handle,1,1
cn.nc.user.ukey.facade.controller.QueryUkeyMaintainRecordCenterController#doService,cn.nc.user.ukey.facade.controller.QueryUkeyMaintainRecordCenterController,doService,4,7
cn.nc.pub.msg.facade.controller.parameterTemplate.ParameterTemplateSubmitController#submit,cn.nc.pub.msg.facade.controller.parameterTemplate.ParameterTemplateSubmitController,submit,1,1
cn.nc.issuance.bid.facade.controller.biddingresultMgmt.SendRegFileController#doService,cn.nc.issuance.bid.facade.controller.biddingresultMgmt.SendRegFileController,doService,5,6
cn.nc.issuance.book.dcm.query.facade.controller.groupSet.GroupRefreshInvitationStatusController#doService,cn.nc.issuance.book.dcm.query.facade.controller.groupSet.GroupRefreshInvitationStatusController,doService,4,7
cn.nc.user.reguser.facade.controller.ThawRegistrationUserController#doService,cn.nc.user.reguser.facade.controller.ThawRegistrationUserController,doService,2,1
cn.nc.issuance.dist.facade.controller.DistributionSingleDownloadFileController#handle,cn.nc.issuance.dist.facade.controller.DistributionSingleDownloadFileController,handle,1,1
cn.nc.issuance.book.dcm.facade.controller.purchaseOffer.PurchaseOfferAuditController#doService,cn.nc.issuance.book.dcm.facade.controller.purchaseOffer.PurchaseOfferAuditController,doService,1,1
cn.nc.issuance.book.dcm.query.facade.controller.magnifier.BankListQueryController#doService,cn.nc.issuance.book.dcm.query.facade.controller.magnifier.BankListQueryController,doService,2,11
cn.nc.user.cfaeacct.facade.controller.CfaeAcctCapitalQueryListController#doService,cn.nc.user.cfaeacct.facade.controller.CfaeAcctCapitalQueryListController,doService,4,3
cn.nc.issuance.dist.facade.controller.ExportDistRecordController#handle,cn.nc.issuance.dist.facade.controller.ExportDistRecordController,handle,1,1
cn.nc.channel.mix.controller.channel.recommend.QueryDcmPurchasedBondsController#doService,cn.nc.channel.mix.controller.channel.recommend.QueryDcmPurchasedBondsController,doService,3,2
cn.nc.pub.msg.facade.controller.productTag.ProductTagRefuseController#doService,cn.nc.pub.msg.facade.controller.productTag.ProductTagRefuseController,doService,4,13
cn.nc.user.staff.facade.controller.PermissionAddController#doService,cn.nc.user.staff.facade.controller.PermissionAddController,doService,10,27
cn.nc.issuance.common.facade.controller.BillingInformationDeleteController#handle,cn.nc.issuance.common.facade.controller.BillingInformationDeleteController,handle,1,1
cn.nc.issuance.book.dcm.facade.controller.pricingplacing.CheckPlacingAllExclusiveSalesController#doService,cn.nc.issuance.book.dcm.facade.controller.pricingplacing.CheckPlacingAllExclusiveSalesController,doService,3,23
cn.nc.user.cfaeacct.facade.controller.ClientCfaeAcctHisQueryListController#clientCfaeAcctHisQueryList,cn.nc.user.cfaeacct.facade.controller.ClientCfaeAcctHisQueryListController,clientCfaeAcctHisQueryList,1,1
cn.nc.issuance.book.dcm.query.facade.controller.querystatistics.ExportBondOfferedController#doService,cn.nc.issuance.book.dcm.query.facade.controller.querystatistics.ExportBondOfferedController,doService,2,10
cn.nc.issuance.common.facade.controller.SysDictionaryGetValuePortController#doService,cn.nc.issuance.common.facade.controller.SysDictionaryGetValuePortController,doService,2,2
cn.nc.issuance.dist.facade.controller.TemplateQueryController#templateQuery,cn.nc.issuance.dist.facade.controller.TemplateQueryController,templateQuery,1,1
cn.nc.pub.msg.facade.controller.productTag.ProductTagExportController#exportProductTag,cn.nc.pub.msg.facade.controller.productTag.ProductTagExportController,exportProductTag,1,1
cn.nc.user.position.facade.controller.center.CenterPositionHisApproveRejectedController#handle,cn.nc.user.position.facade.controller.center.CenterPositionHisApproveRejectedController,handle,1,1
cn.nc.pub.msg.facade.controller.productTag.ProductTagDeleteController#deleteProductTag,cn.nc.pub.msg.facade.controller.productTag.ProductTagDeleteController,deleteProductTag,1,1
cn.nc.channel.search.facade.controller.LoggedCrmwSearchController#search,cn.nc.channel.search.facade.controller.LoggedCrmwSearchController,search,1,1
cn.nc.issuance.bid.facade.controller.biddingresultMgmt.QueryAppendBiddingResultController#doService,cn.nc.issuance.bid.facade.controller.biddingresultMgmt.QueryAppendBiddingResultController,doService,3,3
cn.nc.starter.file.controller.FileStorageController#batchDownloadProgress,cn.nc.starter.file.controller.FileStorageController,batchDownloadProgress,1,4
cn.nc.user.position.facade.controller.client.ClientPositionHisAddController#handle,cn.nc.user.position.facade.controller.client.ClientPositionHisAddController,handle,1,1
cn.nc.starter.file.controller.FileStorageController#selectFilesInfo,cn.nc.starter.file.controller.FileStorageController,selectFilesInfo,1,4
cn.nc.issuance.book.dcm.facade.controller.group.GroupStopGroupClickController#doService,cn.nc.issuance.book.dcm.facade.controller.group.GroupStopGroupClickController,doService,17,57
cn.nc.issuance.book.dcm.facade.controller.purchaseOffer.PurchaseOfferAddController#handle,cn.nc.issuance.book.dcm.facade.controller.purchaseOffer.PurchaseOfferAddController,handle,1,1
cn.nc.issuance.common.facade.controller.operation.ContactPortQueryController#handle,cn.nc.issuance.common.facade.controller.operation.ContactPortQueryController,handle,1,1
cn.nc.issuance.book.dcm.query.facade.controller.bondAdd.BondPublishGroundListController#handle,cn.nc.issuance.book.dcm.query.facade.controller.bondAdd.BondPublishGroundListController,handle,1,1
cn.nc.user.seal.facade.controller.GetSealCompareController#doService,cn.nc.user.seal.facade.controller.GetSealCompareController,doService,3,19
cn.nc.user.position.facade.controller.client.ClientPositionHisDeleteController#handle,cn.nc.user.position.facade.controller.client.ClientPositionHisDeleteController,handle,1,1
cn.nc.user.query.facade.controller.QueryUserHasRoleController#queryUserHasRoleList,cn.nc.user.query.facade.controller.QueryUserHasRoleController,queryUserHasRoleList,1,1
cn.nc.issuance.common.facade.controller.BillingInformationModifyController#handle,cn.nc.issuance.common.facade.controller.BillingInformationModifyController,handle,1,1
cn.nc.operation.base.facade.controller.work.WorkingScheduleQueryLoginUserMembersDashboardController#queryLoginUserMembersDashboard,cn.nc.operation.base.facade.controller.work.WorkingScheduleQueryLoginUserMembersDashboardController,queryLoginUserMembersDashboard,1,1
cn.nc.issuance.book.dcm.query.facade.controller.bondAdd.BondValueCurrencyListController#doService,cn.nc.issuance.book.dcm.query.facade.controller.bondAdd.BondValueCurrencyListController,doService,1,1
cn.nc.issuance.book.dcm.query.facade.controller.bondAdd.BondSecOrgListController#doService,cn.nc.issuance.book.dcm.query.facade.controller.bondAdd.BondSecOrgListController,doService,1,1
cn.nc.issuance.book.dcm.facade.controller.modifyinterimbondinfo.ModifyInterimBondCancleModifyApplyController#handle,cn.nc.issuance.book.dcm.facade.controller.modifyinterimbondinfo.ModifyInterimBondCancleModifyApplyController,handle,1,1
cn.nc.pub.msg.facade.controller.productParameter.ProductParameterBatchAgreeController#agree,cn.nc.pub.msg.facade.controller.productParameter.ProductParameterBatchAgreeController,agree,1,1
cn.nc.pub.msg.facade.controller.setting.MsgTemplateCheckCodeController#doService,cn.nc.pub.msg.facade.controller.setting.MsgTemplateCheckCodeController,doService,3,8
cn.nc.channel.backend.facade.controller.LoggedDcmSearchController#loggedDcmSearch,cn.nc.channel.backend.facade.controller.LoggedDcmSearchController,loggedDcmSearch,1,1
cn.nc.issuance.book.dcm.facade.controller.bondauthorize.BackFileController#handle,cn.nc.issuance.book.dcm.facade.controller.bondauthorize.BackFileController,handle,1,1
cn.nc.operation.base.facade.controller.file.FileController#downloadById,cn.nc.operation.base.facade.controller.file.FileController,downloadById,3,8
cn.nc.issuance.common.facade.controller.SysDictionarySubSelectController#handle,cn.nc.issuance.common.facade.controller.SysDictionarySubSelectController,handle,1,1
cn.nc.user.position.facade.controller.center.CenterPositionHisApproveReturnController#doService,cn.nc.user.position.facade.controller.center.CenterPositionHisApproveReturnController,doService,3,13
cn.nc.issuance.book.dcm.query.facade.controller.modifyinterimbondinfo.ModifyInterimCheckEditController#handle,cn.nc.issuance.book.dcm.query.facade.controller.modifyinterimbondinfo.ModifyInterimCheckEditController,handle,1,1
cn.nc.issuance.book.dcm.query.facade.controller.dcmbondadmin.BondPublishModifyController#doService,cn.nc.issuance.book.dcm.query.facade.controller.dcmbondadmin.BondPublishModifyController,doService,1,1
cn.nc.channel.mix.controller.channel.subscribe.QueryPurchasedBondsController#doService,cn.nc.channel.mix.controller.channel.subscribe.QueryPurchasedBondsController,doService,3,2
cn.nc.user.summary.facede.comtroller.AreaInfoController#doService,cn.nc.user.summary.facede.comtroller.AreaInfoController,doService,3,2
cn.nc.user.query.facade.controller.QueryUserInfoHisController#doService,cn.nc.user.query.facade.controller.QueryUserInfoHisController,doService,3,11
cn.nc.issuance.book.dcm.query.facade.controller.consignpercent.ConsignPercentViewDetailController#handle,cn.nc.issuance.book.dcm.query.facade.controller.consignpercent.ConsignPercentViewDetailController,handle,1,1
cn.nc.issuance.book.dcm.query.facade.controller.directinvestor.whitelist.AccountWlViewController#accountWhiteListView,cn.nc.issuance.book.dcm.query.facade.controller.directinvestor.whitelist.AccountWlViewController,accountWhiteListView,1,1
cn.nc.user.ukey.facade.controller.GetUkeyExpressDetailsController#getUkeyExpressDetails,cn.nc.user.ukey.facade.controller.GetUkeyExpressDetailsController,getUkeyExpressDetails,1,1
cn.nc.issuance.book.dcm.query.facade.controller.directinvestor.DirectInvestorAuthDetailController#doService,cn.nc.issuance.book.dcm.query.facade.controller.directinvestor.DirectInvestorAuthDetailController,doService,2,1
cn.nc.channel.backend.facade.controller.DebtInstDailyGroupQueryController#debtInstDailyGroupQuery,cn.nc.channel.backend.facade.controller.DebtInstDailyGroupQueryController,debtInstDailyGroupQuery,1,1
cn.nc.pub.wkcl.facade.controller.legal.LegalCalDetailQueryController#doService,cn.nc.pub.wkcl.facade.controller.legal.LegalCalDetailQueryController,doService,3,2
cn.nc.issuance.book.dcm.query.facade.controller.hisinfoquery.TemplatePreviewController#templatePreview,cn.nc.issuance.book.dcm.query.facade.controller.hisinfoquery.TemplatePreviewController,templatePreview,1,1
cn.nc.issuance.book.dcm.query.facade.controller.PricingPlacingQueryController#doService,cn.nc.issuance.book.dcm.query.facade.controller.PricingPlacingQueryController,doService,1,1
cn.nc.user.reguser.facade.controller.ExportRegUserListController#exportUserInfoList,cn.nc.user.reguser.facade.controller.ExportRegUserListController,exportUserInfoList,4,14
cn.nc.pub.wkcl.facade.controller.trade.TradeCalSaveController#saveOrUpdate,cn.nc.pub.wkcl.facade.controller.trade.TradeCalSaveController,saveOrUpdate,1,1
cn.nc.issuance.book.dcm.query.facade.controller.bondAdd.BondAppTypeListController#handle,cn.nc.issuance.book.dcm.query.facade.controller.bondAdd.BondAppTypeListController,handle,1,1
cn.nc.user.position.facade.controller.center.CenterPositionHisApproveRejectedController#doService,cn.nc.user.position.facade.controller.center.CenterPositionHisApproveRejectedController,doService,3,13
cn.nc.user.task.facade.controller.CenterBusinessTaskByIdController#doService,cn.nc.user.task.facade.controller.CenterBusinessTaskByIdController,doService,3,5
cn.nc.user.staff.facade.controller.MenuFindInfoController#handle,cn.nc.user.staff.facade.controller.MenuFindInfoController,handle,1,1
cn.nc.issuance.book.dcm.query.facade.controller.systemadmin.PreviewLocalConfirmListController#doService,cn.nc.issuance.book.dcm.query.facade.controller.systemadmin.PreviewLocalConfirmListController,doService,2,2
cn.nc.issuance.book.dcm.query.facade.controller.dcmbondadmin.PurInstructionStatusQueryController#doService,cn.nc.issuance.book.dcm.query.facade.controller.dcmbondadmin.PurInstructionStatusQueryController,doService,1,1
cn.nc.issuance.book.dcm.query.facade.controller.issueamountadjust.IssueAmountAdjustDownloadFileController#handle,cn.nc.issuance.book.dcm.query.facade.controller.issueamountadjust.IssueAmountAdjustDownloadFileController,handle,1,1
cn.nc.issuance.book.dcm.facade.controller.bondAdmin.BookPrepareCompleteController#doService,cn.nc.issuance.book.dcm.facade.controller.bondAdmin.BookPrepareCompleteController,doService,23,189
cn.nc.user.position.facade.controller.client.ClientPositionHisModifyController#doService,cn.nc.user.position.facade.controller.client.ClientPositionHisModifyController,doService,2,2
cn.nc.user.inst.facade.controller.QueryInstRoleRelByInstRoleIdsController#doService,cn.nc.user.inst.facade.controller.QueryInstRoleRelByInstRoleIdsController,doService,3,5
cn.nc.issuance.book.dcm.query.facade.controller.systemadmin.BookLocalAppointmentExportController#handle,cn.nc.issuance.book.dcm.query.facade.controller.systemadmin.BookLocalAppointmentExportController,handle,1,1
cn.nc.issuance.book.dcm.query.facade.controller.purchaseorder.PurchaseOrderBondQueryController#handle,cn.nc.issuance.book.dcm.query.facade.controller.purchaseorder.PurchaseOrderBondQueryController,handle,1,1
cn.nc.issuance.book.dcm.facade.controller.unAnnounced.UnAnnounceBondUnionController#handle,cn.nc.issuance.book.dcm.facade.controller.unAnnounced.UnAnnounceBondUnionController,handle,1,1
cn.nc.user.instacct.controller.BatchDelInstCapitalAcctController#deleteInstCapitalAcct,cn.nc.user.instacct.controller.BatchDelInstCapitalAcctController,deleteInstCapitalAcct,1,1
cn.nc.user.position.facade.controller.client.ClientPositionPermissionHisListController#handle,cn.nc.user.position.facade.controller.client.ClientPositionPermissionHisListController,handle,1,1
cn.nc.user.position.facade.controller.center.CenterPositionHisDeleteRecordController#handle,cn.nc.user.position.facade.controller.center.CenterPositionHisDeleteRecordController,handle,1,1
cn.nc.user.conf.facade.CenterSysBusinessRoleLinkDeleteRoleController#sysBusinessRoleLinkDeleteRole,cn.nc.user.conf.facade.CenterSysBusinessRoleLinkDeleteRoleController,sysBusinessRoleLinkDeleteRole,1,1
cn.nc.user.initinst.facade.controller.ApprovalPassInstOpenApplyController#doService,cn.nc.user.initinst.facade.controller.ApprovalPassInstOpenApplyController,doService,49,383
cn.nc.issuance.book.dcm.facade.controller.bondAdd.BondAdditionSaveController#doService,cn.nc.issuance.book.dcm.facade.controller.bondAdd.BondAdditionSaveController,doService,2,2
cn.nc.issuance.book.dcm.query.facade.controller.bondAdd.BondInsInfoListController#handle,cn.nc.issuance.book.dcm.query.facade.controller.bondAdd.BondInsInfoListController,handle,1,1
cn.nc.issuance.dist.facade.controller.DistCheckThirdAccountController#handle,cn.nc.issuance.dist.facade.controller.DistCheckThirdAccountController,handle,1,1
cn.nc.user.instuser.facade.controller.ModifyInstUserController#instUserModify,cn.nc.user.instuser.facade.controller.ModifyInstUserController,instUserModify,1,1
cn.nc.user.conf.facade.CenterSysConfigFieldDeleteController#sysConfigFieldDelete,cn.nc.user.conf.facade.CenterSysConfigFieldDeleteController,sysConfigFieldDelete,1,1
cn.nc.user.clientorgquery.facade.controller.ClientOrgUserCompareDataController#clientOrgUserCompareData,cn.nc.user.clientorgquery.facade.controller.ClientOrgUserCompareDataController,clientOrgUserCompareData,1,1
cn.nc.channel.mix.controller.channel.subscribe.QueryCrmwPurchasedProductsController#doService,cn.nc.channel.mix.controller.channel.subscribe.QueryCrmwPurchasedProductsController,doService,3,2
cn.nc.issuance.book.dcm.facade.controller.unAnnounced.UnAnnounceBondDelController#doService,cn.nc.issuance.book.dcm.facade.controller.unAnnounced.UnAnnounceBondDelController,doService,2,1
cn.nc.pub.msg.facade.controller.parameterGroup.ParameterGroupAddController#addParameterGroup,cn.nc.pub.msg.facade.controller.parameterGroup.ParameterGroupAddController,addParameterGroup,1,1
cn.nc.user.inst.facade.controller.InstInfoHisCenterApprovalRefuseController#instMaintainHisApprovalRefuse,cn.nc.user.inst.facade.controller.InstInfoHisCenterApprovalRefuseController,instMaintainHisApprovalRefuse,1,1
cn.nc.issuance.book.dcm.facade.controller.pricingplacing.GenPublishNoticeListController#handle,cn.nc.issuance.book.dcm.facade.controller.pricingplacing.GenPublishNoticeListController,handle,1,1
cn.nc.user.openacctquery.controller.InstOperOpenAcctQueryController#queryInstOperList,cn.nc.user.openacctquery.controller.InstOperOpenAcctQueryController,queryInstOperList,1,1
cn.nc.issuance.book.dcm.query.facade.controller.purchaseOffer.PurchaseOfferListController#handle,cn.nc.issuance.book.dcm.query.facade.controller.purchaseOffer.PurchaseOfferListController,handle,1,1
cn.nc.issuance.common.facade.controller.OrgEnglishNameHisListController#handle,cn.nc.issuance.common.facade.controller.OrgEnglishNameHisListController,handle,1,1
cn.nc.issuance.dist.facade.controller.DistCheckTrustAccountController#doService,cn.nc.issuance.dist.facade.controller.DistCheckTrustAccountController,doService,4,63
cn.nc.issuance.common.facade.controller.SysDictionarySubAddController#doService,cn.nc.issuance.common.facade.controller.SysDictionarySubAddController,doService,5,10
cn.nc.pub.msg.facade.controller.log.SendRecordExportController#doService,cn.nc.pub.msg.facade.controller.log.SendRecordExportController,doService,3,14
cn.nc.user.cfaeacct.facade.controller.ClientCfaeAcctListController#clientCfaeAcctList,cn.nc.user.cfaeacct.facade.controller.ClientCfaeAcctListController,clientCfaeAcctList,1,1
cn.nc.issuance.book.dcm.facade.controller.group.GroupCheckBondPublishTypeController#doService,cn.nc.issuance.book.dcm.facade.controller.group.GroupCheckBondPublishTypeController,doService,5,14
cn.nc.pub.msg.facade.controller.product.ProductDeleteController#deleteProduct,cn.nc.pub.msg.facade.controller.product.ProductDeleteController,deleteProduct,1,1
cn.nc.user.instoperuser.facade.controller.StopOrEnableInstOperController#doService,cn.nc.user.instoperuser.facade.controller.StopOrEnableInstOperController,doService,3,17
cn.nc.user.ukey.facade.controller.UkeyApplyHisCenterBatchApprovalPassController#doService,cn.nc.user.ukey.facade.controller.UkeyApplyHisCenterBatchApprovalPassController,doService,2,24
cn.nc.user.cfaeacct.facade.controller.CfaeAcctDepositQueryListController#cfaeAcctDepositQueryList,cn.nc.user.cfaeacct.facade.controller.CfaeAcctDepositQueryListController,cfaeAcctDepositQueryList,1,1
cn.nc.user.clientorgquery.facade.controller.ClientOrgJumpAddOrModifyController#clientOrgJumpAddOrModify,cn.nc.user.clientorgquery.facade.controller.ClientOrgJumpAddOrModifyController,clientOrgJumpAddOrModify,1,1
cn.nc.issuance.book.dcm.query.facade.controller.bondAdd.BondInterestModeListController#handle,cn.nc.issuance.book.dcm.query.facade.controller.bondAdd.BondInterestModeListController,handle,1,1
cn.nc.issuance.book.dcm.facade.controller.group.InvestorCancelAssignMainManagerController#doService,cn.nc.issuance.book.dcm.facade.controller.group.InvestorCancelAssignMainManagerController,doService,2,1
cn.nc.user.cfaeacct.facade.controller.CenterCfaeAcctQueryListExportController#centerCfaeAcctQueryListExport,cn.nc.user.cfaeacct.facade.controller.CenterCfaeAcctQueryListExportController,centerCfaeAcctQueryListExport,3,0
cn.nc.user.ukey.facade.controller.QueryUkeyController#queryUkeyList,cn.nc.user.ukey.facade.controller.QueryUkeyController,queryUkeyList,1,1
cn.nc.channel.backend.facade.controller.QuickEntranceDelController#quickEntranceDelById,cn.nc.channel.backend.facade.controller.QuickEntranceDelController,quickEntranceDelById,1,1
cn.nc.user.conf.facade.controller.CenterConfBusinessRoleByIdController#doService,cn.nc.user.conf.facade.controller.CenterConfBusinessRoleByIdController,doService,4,5
cn.nc.pub.msg.facade.controller.parameterRule.ParameterRuleQueryController#get,cn.nc.pub.msg.facade.controller.parameterRule.ParameterRuleQueryController,get,1,1
cn.nc.user.instuser.facade.controller.ModifyInstUserController#doService,cn.nc.user.instuser.facade.controller.ModifyInstUserController,doService,2,9
cn.nc.channel.backend.facade.controller.UnUsedCmptQueryController#queryUnUsedCmptByCondition,cn.nc.channel.backend.facade.controller.UnUsedCmptQueryController,queryUnUsedCmptByCondition,1,1
cn.nc.pub.msg.facade.controller.log.EmailRecordExportController#excelExport,cn.nc.pub.msg.facade.controller.log.EmailRecordExportController,excelExport,1,1
cn.nc.pub.msg.facade.controller.parameterGroup.ParameterGroupExportController#doService,cn.nc.pub.msg.facade.controller.parameterGroup.ParameterGroupExportController,doService,2,18
cn.nc.user.thirduser.facade.controller.QueryInstThirdUserRelListController#queryInstThirdRelList,cn.nc.user.thirduser.facade.controller.QueryInstThirdUserRelListController,queryInstThirdRelList,1,1
cn.nc.user.ukey.facade.controller.UkeyApplyHisCenterBatchApprovalRefuseController#ukeyApplyHisBatchApprovalRefuse,cn.nc.user.ukey.facade.controller.UkeyApplyHisCenterBatchApprovalRefuseController,ukeyApplyHisBatchApprovalRefuse,1,1
cn.nc.issuance.bid.facade.controller.biddingresultMgmt.SendSCHProductInfoController#sendSchProduct,cn.nc.issuance.bid.facade.controller.biddingresultMgmt.SendSCHProductInfoController,sendSchProduct,1,1
cn.nc.issuance.book.dcm.query.facade.controller.bondadjustorder.IssueAmountAdjustHistoryController#doService,cn.nc.issuance.book.dcm.query.facade.controller.bondadjustorder.IssueAmountAdjustHistoryController,doService,10,33
cn.nc.user.seal.facade.controller.SealHisClientRevokeController#doService,cn.nc.user.seal.facade.controller.SealHisClientRevokeController,doService,5,12
cn.nc.issuance.book.dcm.query.facade.controller.purchaseOffer.PurchaseOfferImportExController#doService,cn.nc.issuance.book.dcm.query.facade.controller.purchaseOffer.PurchaseOfferImportExController,doService,1,1
cn.nc.issuance.common.facade.controller.BillingInformationSelectController#handle,cn.nc.issuance.common.facade.controller.BillingInformationSelectController,handle,1,1
cn.nc.issuance.book.dcm.facade.controller.unAnnounced.UnAnnounceBondMateController#handle,cn.nc.issuance.book.dcm.facade.controller.unAnnounced.UnAnnounceBondMateController,handle,1,1
cn.nc.issuance.book.dcm.facade.controller.purchaseOffer.PurchaseOfferAuditController#handle,cn.nc.issuance.book.dcm.facade.controller.purchaseOffer.PurchaseOfferAuditController,handle,1,1
cn.nc.issuance.book.dcm.query.facade.controller.systemadmin.BondConfigManageExportController#handle,cn.nc.issuance.book.dcm.query.facade.controller.systemadmin.BondConfigManageExportController,handle,1,1
cn.nc.issuance.book.dcm.query.facade.controller.PricingPlacingSendAuthFileController#doService,cn.nc.issuance.book.dcm.query.facade.controller.PricingPlacingSendAuthFileController,doService,1,1
cn.nc.issuance.book.dcm.facade.controller.group.GroupSetBookManagerController#doService,cn.nc.issuance.book.dcm.facade.controller.group.GroupSetBookManagerController,doService,10,42
cn.nc.user.cfaeacct.facade.controller.ClientCfaeAcctQueryListController#clientCfaeAcctQueryList,cn.nc.user.cfaeacct.facade.controller.ClientCfaeAcctQueryListController,clientCfaeAcctQueryList,1,1
cn.nc.issuance.book.dcm.query.facade.controller.querystatistics.ExportBondPlacingResultController#doService,cn.nc.issuance.book.dcm.query.facade.controller.querystatistics.ExportBondPlacingResultController,doService,3,12
cn.nc.pub.msg.facade.controller.setting.MsgBizSystemDeleteController#delete,cn.nc.pub.msg.facade.controller.setting.MsgBizSystemDeleteController,delete,1,1
cn.nc.user.cfaeacct.facade.controller.CenterCfaeAcctCompareController#doService,cn.nc.user.cfaeacct.facade.controller.CenterCfaeAcctCompareController,doService,5,19
cn.nc.pub.msg.facade.controller.setting.MsgTemplateQueryController#doService,cn.nc.pub.msg.facade.controller.setting.MsgTemplateQueryController,doService,3,6
cn.nc.user.instuser.facade.controller.ApproveCancelInstUserController#doService,cn.nc.user.instuser.facade.controller.ApproveCancelInstUserController,doService,17,229
cn.nc.user.position.facade.controller.client.ClientPositionListController#doService,cn.nc.user.position.facade.controller.client.ClientPositionListController,doService,2,1
cn.nc.pub.msg.facade.controller.productTag.ProductTagAddController#addProductTag,cn.nc.pub.msg.facade.controller.productTag.ProductTagAddController,addProductTag,1,1
cn.nc.issuance.book.dcm.facade.controller.reservationmanage.ReservationManageModifyController#handle,cn.nc.issuance.book.dcm.facade.controller.reservationmanage.ReservationManageModifyController,handle,1,1
cn.nc.issuance.dist.facade.controller.DistBondsPlanQueryController#doService,cn.nc.issuance.dist.facade.controller.DistBondsPlanQueryController,doService,3,4
cn.nc.user.clientorgquery.facade.controller.ClientOrgHisRecodeController#clientOrgHisRecodeList,cn.nc.user.clientorgquery.facade.controller.ClientOrgHisRecodeController,clientOrgHisRecodeList,1,1
cn.nc.pub.msg.facade.controller.outside.PubParameterRuleListQueryController#doService,cn.nc.pub.msg.facade.controller.outside.PubParameterRuleListQueryController,doService,1,1
cn.nc.issuance.common.facade.controller.operation.BondAuthorizeAuditController#handle,cn.nc.issuance.common.facade.controller.operation.BondAuthorizeAuditController,handle,1,1
cn.nc.operation.base.facade.controller.notice.NoticeTypeQueryController#doService,cn.nc.operation.base.facade.controller.notice.NoticeTypeQueryController,doService,3,10
cn.nc.issuance.bid.facade.controller.submitPurchaseOffer.TiPurchaseOfferModifyController#handle,cn.nc.issuance.bid.facade.controller.submitPurchaseOffer.TiPurchaseOfferModifyController,handle,1,1
cn.nc.user.staff.facade.controller.ResourceTreeListController#handle,cn.nc.user.staff.facade.controller.ResourceTreeListController,handle,1,1
cn.nc.issuance.book.dcm.query.facade.controller.modifyinterimbondinfo.ModifyInterimBondInfoController#doService,cn.nc.issuance.book.dcm.query.facade.controller.modifyinterimbondinfo.ModifyInterimBondInfoController,doService,2,1
cn.nc.user.summary.facede.comtroller.InstInfoSummaryController#getInstSummaryList,cn.nc.user.summary.facede.comtroller.InstInfoSummaryController,getInstSummaryList,1,1
cn.nc.issuance.dist.facade.controller.ExportDistRecordController#doService,cn.nc.issuance.dist.facade.controller.ExportDistRecordController,doService,3,13
cn.nc.channel.backend.facade.controller.ComponentPageQueryController#componentPaginationQuery,cn.nc.channel.backend.facade.controller.ComponentPageQueryController,componentPaginationQuery,1,1
cn.nc.issuance.book.dcm.query.facade.controller.hisinfoquery.OnlineReplyDetailController#handle,cn.nc.issuance.book.dcm.query.facade.controller.hisinfoquery.OnlineReplyDetailController,handle,1,1
cn.nc.issuance.book.dcm.query.facade.controller.PricingPlacingCreateReachedBookController#doService,cn.nc.issuance.book.dcm.query.facade.controller.PricingPlacingCreateReachedBookController,doService,1,1
cn.nc.issuance.book.dcm.facade.controller.bondAdd.BondCheckAuditController#handle,cn.nc.issuance.book.dcm.facade.controller.bondAdd.BondCheckAuditController,handle,1,1
cn.nc.issuance.book.dcm.facade.controller.nxMessage.SearchNxMessageSendController#handle,cn.nc.issuance.book.dcm.facade.controller.nxMessage.SearchNxMessageSendController,handle,1,1
cn.nc.pub.msg.facade.controller.outside.PubBookFinShchProductInstanceReceiveController#receiveBookFinShchProductInstance,cn.nc.pub.msg.facade.controller.outside.PubBookFinShchProductInstanceReceiveController,receiveBookFinShchProductInstance,1,1
cn.nc.channel.mix.controller.channel.selfbond.QueryInstitutionBondBookManagementController#queryInstitutionBondBookManagement,cn.nc.channel.mix.controller.channel.selfbond.QueryInstitutionBondBookManagementController,queryInstitutionBondBookManagement,1,1
cn.nc.pub.msg.facade.controller.parameterTemplate.ParameterTemplateRefuseController#doService,cn.nc.pub.msg.facade.controller.parameterTemplate.ParameterTemplateRefuseController,doService,4,13
cn.nc.issuance.book.dcm.query.facade.controller.systemadmin.FeeRateReferenceQueryController#handle,cn.nc.issuance.book.dcm.query.facade.controller.systemadmin.FeeRateReferenceQueryController,handle,1,1
cn.nc.user.conf.facade.controller.CenterConfBusinessRoleLinkRelListController#doService,cn.nc.user.conf.facade.controller.CenterConfBusinessRoleLinkRelListController,doService,3,3
cn.nc.issuance.book.dcm.facade.controller.external.DCMForExternalEnquiryController#doService,cn.nc.issuance.book.dcm.facade.controller.external.DCMForExternalEnquiryController,doService,2,2
cn.nc.user.conf.facade.controller.CenterConfDictionaryDetailController#confDictionaryDetail,cn.nc.user.conf.facade.controller.CenterConfDictionaryDetailController,confDictionaryDetail,1,1
cn.nc.channel.backend.facade.controller.DistributableBondController#distributableBond,cn.nc.channel.backend.facade.controller.DistributableBondController,distributableBond,1,1
cn.nc.issuance.book.dcm.facade.controller.homestart.CancelOptionalBondController#doService,cn.nc.issuance.book.dcm.facade.controller.homestart.CancelOptionalBondController,doService,3,7
cn.nc.channel.backend.facade.controller.InstitutionFinancialBookManagementController#institutionFinancialBookManagement,cn.nc.channel.backend.facade.controller.InstitutionFinancialBookManagementController,institutionFinancialBookManagement,1,1
cn.nc.issuance.book.dcm.query.facade.controller.directinvestor.whitelist.nx.AccountWlRecordQueryController#accountWhiteListRecordQuery,cn.nc.issuance.book.dcm.query.facade.controller.directinvestor.whitelist.nx.AccountWlRecordQueryController,accountWhiteListRecordQuery,1,1
cn.nc.user.staff.facade.controller.EmailCaptchaController#handle,cn.nc.user.staff.facade.controller.EmailCaptchaController,handle,1,1
cn.nc.issuance.bid.facade.controller.bill.PrintPdfDownloadController#proxyPdfById,cn.nc.issuance.bid.facade.controller.bill.PrintPdfDownloadController,proxyPdfById,3,11
cn.nc.channel.backend.facade.controller.IdentityMappingStatusController#queryPublishStatus,cn.nc.channel.backend.facade.controller.IdentityMappingStatusController,queryPublishStatus,1,1
cn.nc.user.ukey.facade.controller.ExportClientUkeyExpressController#clientExportUkeyExpressExcel,cn.nc.user.ukey.facade.controller.ExportClientUkeyExpressController,clientExportUkeyExpressExcel,4,9
cn.nc.issuance.dist.facade.controller.external.DCMForExternalBuyerRevokeController#doService,cn.nc.issuance.dist.facade.controller.external.DCMForExternalBuyerRevokeController,doService,2,2
cn.nc.user.ukey.facade.controller.QueryUkeyBindController#queryUkeyBindList,cn.nc.user.ukey.facade.controller.QueryUkeyBindController,queryUkeyBindList,1,1
cn.nc.issuance.book.dcm.query.facade.controller.systemadmin.VerFormsToSendSHCHExController#doService,cn.nc.issuance.book.dcm.query.facade.controller.systemadmin.VerFormsToSendSHCHExController,doService,2,12
cn.nc.user.position.facade.controller.center.CenterPositionHisModifyController#handle,cn.nc.user.position.facade.controller.center.CenterPositionHisModifyController,handle,1,1
cn.nc.issuance.bid.facade.controller.biddingresultMgmt.QueryPayAmountPageInfoController#queryPayAmountPageInfo,cn.nc.issuance.bid.facade.controller.biddingresultMgmt.QueryPayAmountPageInfoController,queryPayAmountPageInfo,1,1
cn.nc.issuance.book.dcm.facade.controller.systemadmin.AdvertisingPositionClickController#handle,cn.nc.issuance.book.dcm.facade.controller.systemadmin.AdvertisingPositionClickController,handle,1,1
cn.nc.user.staff.facade.controller.in.UserAddController#handle,cn.nc.user.staff.facade.controller.in.UserAddController,handle,1,1
cn.nc.issuance.book.dcm.query.facade.controller.groupSet.GroupShowGroupJoinFileClickController#doService,cn.nc.issuance.book.dcm.query.facade.controller.groupSet.GroupShowGroupJoinFileClickController,doService,1,1
cn.nc.channel.mix.controller.channel.concerned.QueryMyConcernedFinancialBondsController#queryMyConcernedFinancialBonds,cn.nc.channel.mix.controller.channel.concerned.QueryMyConcernedFinancialBondsController,queryMyConcernedFinancialBonds,1,1
cn.nc.user.reguser.facade.controller.ModifyLoginAccountByIdController#modfiyLoginAcctNumberById,cn.nc.user.reguser.facade.controller.ModifyLoginAccountByIdController,modfiyLoginAcctNumberById,1,1
cn.nc.issuance.book.dcm.query.facade.controller.purchaseorder.PurchaseConfirmDetailController#doService,cn.nc.issuance.book.dcm.query.facade.controller.purchaseorder.PurchaseConfirmDetailController,doService,2,1
cn.nc.issuance.dist.facade.controller.external.DCMForExternalFailedEditConfirmController#doService,cn.nc.issuance.dist.facade.controller.external.DCMForExternalFailedEditConfirmController,doService,2,2
cn.nc.issuance.bid.facade.controller.biddingManagement.bidSuppAdmi.DownLoadLeftAdditionController#doService,cn.nc.issuance.bid.facade.controller.biddingManagement.bidSuppAdmi.DownLoadLeftAdditionController,doService,2,13
cn.nc.user.conf.facade.controller.CenterConfAccountDynamicFieldsByBusinessRoleListController#confAccountDynamicFieldsByBusinessRoleList,cn.nc.user.conf.facade.controller.CenterConfAccountDynamicFieldsByBusinessRoleListController,confAccountDynamicFieldsByBusinessRoleList,1,1
cn.nc.user.xfile.facade.controller.XFileExtController#getXFileInfoList,cn.nc.user.xfile.facade.controller.XFileExtController,getXFileInfoList,1,1
cn.nc.operation.base.facade.controller.task.TaskSaveBatchController#doService,cn.nc.operation.base.facade.controller.task.TaskSaveBatchController,doService,3,15
cn.nc.issuance.bid.facade.controller.biddingManagement.bidSuppAdmiAdd.SaveAdditionAddController#doService,cn.nc.issuance.bid.facade.controller.biddingManagement.bidSuppAdmiAdd.SaveAdditionAddController,doService,22,82
cn.nc.issuance.common.facade.controller.operation.BondAuthorizePreviewListController#doService,cn.nc.issuance.common.facade.controller.operation.BondAuthorizePreviewListController,doService,2,1
cn.nc.issuance.bid.facade.controller.shchTenderMgmt.TiBillModifyController#doService,cn.nc.issuance.bid.facade.controller.shchTenderMgmt.TiBillModifyController,doService,6,8
cn.nc.issuance.common.facade.controller.operation.BondAuthorizeAddController#doService,cn.nc.issuance.common.facade.controller.operation.BondAuthorizeAddController,doService,2,1
cn.nc.user.ukey.facade.controller.UkeyBindHisCenterBatchDeleteController#doService,cn.nc.user.ukey.facade.controller.UkeyBindHisCenterBatchDeleteController,doService,3,12
cn.nc.issuance.book.dcm.query.facade.controller.AutomaticDisclosureQueryController#doService,cn.nc.issuance.book.dcm.query.facade.controller.AutomaticDisclosureQueryController,doService,3,3
cn.nc.issuance.dist.facade.controller.external.DCMForExternalSendDistInfoController#sendDistInfo,cn.nc.issuance.dist.facade.controller.external.DCMForExternalSendDistInfoController,sendDistInfo,1,1
cn.nc.issuance.book.dcm.query.facade.controller.informationservice.SmartInterFlowPlatformLinkController#doService,cn.nc.issuance.book.dcm.query.facade.controller.informationservice.SmartInterFlowPlatformLinkController,doService,3,9
cn.nc.user.cfaeacct.facade.controller.CenterCfaeAcctDetailController#centerCfaeAcctDetail,cn.nc.user.cfaeacct.facade.controller.CenterCfaeAcctDetailController,centerCfaeAcctDetail,1,1
cn.nc.issuance.bid.facade.controller.shchTenderMgmt.TiShchBondSubmitController#submitBond,cn.nc.issuance.bid.facade.controller.shchTenderMgmt.TiShchBondSubmitController,submitBond,1,1
cn.nc.issuance.book.dcm.facade.controller.external.DCMForExternalAutoCreateBondController#autoCreateBond,cn.nc.issuance.book.dcm.facade.controller.external.DCMForExternalAutoCreateBondController,autoCreateBond,1,1
cn.nc.pub.msg.facade.controller.parameterRule.ParameterRuleAgreeController#doService,cn.nc.pub.msg.facade.controller.parameterRule.ParameterRuleAgreeController,doService,8,25
cn.nc.user.instuser.facade.controller.BatchDeleteInstUserHisController#doService,cn.nc.user.instuser.facade.controller.BatchDeleteInstUserHisController,doService,4,29
cn.nc.issuance.book.dcm.facade.controller.directinvestor.whitelist.AccountWlStatusUpdateController#accountWhiteListSendStatusModify,cn.nc.issuance.book.dcm.facade.controller.directinvestor.whitelist.AccountWlStatusUpdateController,accountWhiteListSendStatusModify,1,1
cn.nc.operation.base.facade.controller.menu.FavoriteMenuRemoveController#removeMenu,cn.nc.operation.base.facade.controller.menu.FavoriteMenuRemoveController,removeMenu,1,1
cn.nc.channel.backend.facade.controller.IdentityMappingClPublishController#doService,cn.nc.channel.backend.facade.controller.IdentityMappingClPublishController,doService,3,7
cn.nc.issuance.book.dcm.facade.controller.group.GroupCancelAssignMainClickController#doService,cn.nc.issuance.book.dcm.facade.controller.group.GroupCancelAssignMainClickController,doService,3,2
cn.nc.issuance.book.dcm.query.facade.controller.OfferedRequestCheckInfoController#doService,cn.nc.issuance.book.dcm.query.facade.controller.OfferedRequestCheckInfoController,doService,1,1
cn.nc.issuance.book.dcm.query.facade.controller.enquirymanage.ExportEnquiryManageController#handle,cn.nc.issuance.book.dcm.query.facade.controller.enquirymanage.ExportEnquiryManageController,handle,1,1
cn.nc.issuance.book.dcm.facade.controller.external.DCMForExternalPushBondController#doService,cn.nc.issuance.book.dcm.facade.controller.external.DCMForExternalPushBondController,doService,3,18
cn.nc.issuance.book.dcm.query.facade.controller.systemadmin.AdvertisingPositionClickDetailQueryController#handle,cn.nc.issuance.book.dcm.query.facade.controller.systemadmin.AdvertisingPositionClickDetailQueryController,handle,1,1
cn.nc.issuance.bid.facade.controller.shchTenderMgmt.TiBondDefaultHomePageController#doService,cn.nc.issuance.bid.facade.controller.shchTenderMgmt.TiBondDefaultHomePageController,doService,4,16
cn.nc.issuance.book.dcm.query.facade.controller.systemadmin.BondModifyApplyQueryController#handle,cn.nc.issuance.book.dcm.query.facade.controller.systemadmin.BondModifyApplyQueryController,handle,1,1
cn.nc.issuance.book.dcm.query.facade.controller.directinvestor.QueryDirectInvestorAuthDetailController#handle,cn.nc.issuance.book.dcm.query.facade.controller.directinvestor.QueryDirectInvestorAuthDetailController,handle,1,1
cn.nc.user.inst.facade.controller.GetCompareInstInfoHisController#getCompareDetails,cn.nc.user.inst.facade.controller.GetCompareInstInfoHisController,getCompareDetails,1,1
cn.nc.operation.base.facade.controller.menu.FavoriteMenuAddController#doService,cn.nc.operation.base.facade.controller.menu.FavoriteMenuAddController,doService,2,5
cn.nc.issuance.book.dcm.query.facade.controller.magnifier.ContactListQueryController#doService,cn.nc.issuance.book.dcm.query.facade.controller.magnifier.ContactListQueryController,doService,3,2
cn.nc.issuance.dist.facade.controller.DistributionSellerConfirmController#doService,cn.nc.issuance.dist.facade.controller.DistributionSellerConfirmController,doService,29,131
cn.nc.issuance.common.facade.controller.operation.ContactPortQueryController#doService,cn.nc.issuance.common.facade.controller.operation.ContactPortQueryController,doService,4,6
cn.nc.pub.msg.facade.controller.parameterTemplate.ParameterTemplateCopyController#doService,cn.nc.pub.msg.facade.controller.parameterTemplate.ParameterTemplateCopyController,doService,6,13
cn.nc.user.centerorgquery.controller.CenterInstInfoListController#centerInstinfoList,cn.nc.user.centerorgquery.controller.CenterInstInfoListController,centerInstinfoList,1,1
cn.nc.issuance.book.dcm.facade.controller.unAnnounced.UnEnquiryInfoAddController#doService,cn.nc.issuance.book.dcm.facade.controller.unAnnounced.UnEnquiryInfoAddController,doService,3,7
cn.nc.issuance.book.dcm.query.facade.controller.bondAdd.BondTrustFormListController#handle,cn.nc.issuance.book.dcm.query.facade.controller.bondAdd.BondTrustFormListController,handle,1,1
cn.nc.issuance.book.dcm.query.facade.controller.systemadmin.RegistrationFilesQueryController#doService,cn.nc.issuance.book.dcm.query.facade.controller.systemadmin.RegistrationFilesQueryController,doService,3,7
cn.nc.issuance.book.dcm.query.facade.controller.bondAdd.BondPublishGroundListController#doService,cn.nc.issuance.book.dcm.query.facade.controller.bondAdd.BondPublishGroundListController,doService,1,1
cn.nc.user.ukey.facade.controller.UkeyBindHisCenterApprovalCancelController#doService,cn.nc.user.ukey.facade.controller.UkeyBindHisCenterApprovalCancelController,doService,2,3
cn.nc.issuance.common.facade.controller.PublisherSubscribeWhiteModifyController#doService,cn.nc.issuance.common.facade.controller.PublisherSubscribeWhiteModifyController,doService,7,14
cn.nc.user.staff.facade.controller.in.UserLoginUserInfoController#handle,cn.nc.user.staff.facade.controller.in.UserLoginUserInfoController,handle,1,1
cn.nc.user.ukey.facade.controller.ExportCenterUkeyBindController#centerExportUkeyBindExcel,cn.nc.user.ukey.facade.controller.ExportCenterUkeyBindController,centerExportUkeyBindExcel,4,9
cn.nc.issuance.book.dcm.query.facade.controller.modifyinterimbondinfo.ModifyInterimCheckController#handle,cn.nc.issuance.book.dcm.query.facade.controller.modifyinterimbondinfo.ModifyInterimCheckController,handle,1,1
cn.nc.issuance.bid.facade.controller.biddingresultMgmt.DownloadBiddingResultController#downloadBiddingResult,cn.nc.issuance.bid.facade.controller.biddingresultMgmt.DownloadBiddingResultController,downloadBiddingResult,1,1
cn.nc.operation.base.facade.controller.task.TaskDisclaimController#disclaim,cn.nc.operation.base.facade.controller.task.TaskDisclaimController,disclaim,1,1
cn.nc.user.inst.facade.controller.InstInfoHisCenterBatchApprovalCancelController#doService,cn.nc.user.inst.facade.controller.InstInfoHisCenterBatchApprovalCancelController,doService,3,15
cn.nc.user.ukey.facade.controller.UkeyBindHisCenterBatchApprovalCancelController#doService,cn.nc.user.ukey.facade.controller.UkeyBindHisCenterBatchApprovalCancelController,doService,4,11
cn.nc.issuance.book.dcm.facade.controller.informationservice.ExerciseRemindersLinkController#doService,cn.nc.issuance.book.dcm.facade.controller.informationservice.ExerciseRemindersLinkController,doService,1,1
cn.nc.operation.base.facade.controller.notice.NoticeQueryController#queryNotice,cn.nc.operation.base.facade.controller.notice.NoticeQueryController,queryNotice,1,1
cn.nc.issuance.common.facade.controller.ErrorInfoSelectController#handle,cn.nc.issuance.common.facade.controller.ErrorInfoSelectController,handle,1,1
cn.nc.operation.base.facade.controller.notice.NoticeTypeAccessibleQueryController#doService,cn.nc.operation.base.facade.controller.notice.NoticeTypeAccessibleQueryController,doService,5,11
cn.nc.user.reguser.facade.controller.ThawRegistrationUserController#thawRegistrationUser,cn.nc.user.reguser.facade.controller.ThawRegistrationUserController,thawRegistrationUser,1,1
cn.nc.user.ind.facade.controller.InitUserDataHandlerController#submitInitUserData,cn.nc.user.ind.facade.controller.InitUserDataHandlerController,submitInitUserData,1,1
cn.nc.user.ukey.facade.controller.UkeyApplyHisClientDeleteController#ukeyApplyHistoryDelete,cn.nc.user.ukey.facade.controller.UkeyApplyHisClientDeleteController,ukeyApplyHistoryDelete,1,1
cn.nc.pub.wkcl.facade.controller.trade.TradeCalInitController#doService,cn.nc.pub.wkcl.facade.controller.trade.TradeCalInitController,doService,7,19
cn.nc.issuance.book.dcm.query.facade.controller.hisinfoquery.RegistrationNoticeDetailController#handle,cn.nc.issuance.book.dcm.query.facade.controller.hisinfoquery.RegistrationNoticeDetailController,handle,1,1
cn.nc.issuance.book.dcm.facade.controller.job.threepartyunannouncedbond.IsemUnPublishBondAddController#doService,cn.nc.issuance.book.dcm.facade.controller.job.threepartyunannouncedbond.IsemUnPublishBondAddController,doService,2,2
cn.nc.issuance.bid.facade.controller.biddingManagement.bidSuppAdmi.CancelAdditionController#doService,cn.nc.issuance.bid.facade.controller.biddingManagement.bidSuppAdmi.CancelAdditionController,doService,8,24
cn.nc.issuance.bid.facade.controller.bidMgmtHomePage.BidMgmtHpQueryController#handle,cn.nc.issuance.bid.facade.controller.bidMgmtHomePage.BidMgmtHpQueryController,handle,1,1
cn.nc.user.staff.facade.controller.in.OrgTreeListController#handle,cn.nc.user.staff.facade.controller.in.OrgTreeListController,handle,1,1
cn.nc.pub.msg.facade.controller.productParameter.ProductParameterImportController#importParams,cn.nc.pub.msg.facade.controller.productParameter.ProductParameterImportController,importParams,1,1
cn.nc.issuance.dist.facade.controller.external.DCMForExternalBuyerConfirmController#doService,cn.nc.issuance.dist.facade.controller.external.DCMForExternalBuyerConfirmController,doService,2,2
cn.nc.operation.base.facade.controller.task.TaskDisclaimController#doService,cn.nc.operation.base.facade.controller.task.TaskDisclaimController,doService,7,31
cn.nc.user.dict.facade.CenterSysDictionarySaveController#sysDictionarySave,cn.nc.user.dict.facade.CenterSysDictionarySaveController,sysDictionarySave,1,1
cn.nc.pub.msg.facade.controller.product.ProductListQueryController#doService,cn.nc.pub.msg.facade.controller.product.ProductListQueryController,doService,2,5
cn.nc.issuance.book.dcm.query.facade.controller.bondauthorize.BondAuthorizeListController#handle,cn.nc.issuance.book.dcm.query.facade.controller.bondauthorize.BondAuthorizeListController,handle,1,1
cn.nc.user.comfile.facade.controller.FileDownCenterController#downloadByUrl,cn.nc.user.comfile.facade.controller.FileDownCenterController,downloadByUrl,4,23
cn.nc.pub.msg.facade.controller.send.SendSmsAsyncController#doService,cn.nc.pub.msg.facade.controller.send.SendSmsAsyncController,doService,15,58
cn.nc.channel.mix.controller.issuance.QueryBasicInfoController#queryBasicInfo,cn.nc.channel.mix.controller.issuance.QueryBasicInfoController,queryBasicInfo,1,1
cn.nc.operation.base.facade.controller.file.FileController#downloadByUrl,cn.nc.operation.base.facade.controller.file.FileController,downloadByUrl,1,4
cn.nc.user.initinst.facade.controller.QueryPrereviewApplyController#doService,cn.nc.user.initinst.facade.controller.QueryPrereviewApplyController,doService,4,16
cn.nc.user.ukey.facade.controller.QueryUkeyMaintainListIndexController#doService,cn.nc.user.ukey.facade.controller.QueryUkeyMaintainListIndexController,doService,4,7
cn.nc.user.template.facade.CenterApproveTemplateDeleteController#doService,cn.nc.user.template.facade.CenterApproveTemplateDeleteController,doService,3,5
cn.nc.issuance.dist.facade.controller.DistGetShchReqMessageController#handle,cn.nc.issuance.dist.facade.controller.DistGetShchReqMessageController,handle,1,1
cn.nc.user.seal.facade.controller.GetSealDetailsController#doService,cn.nc.user.seal.facade.controller.GetSealDetailsController,doService,2,10
cn.nc.user.conf.facade.controller.CenterConfBusinessRoleSelectTreeListController#doService,cn.nc.user.conf.facade.controller.CenterConfBusinessRoleSelectTreeListController,doService,3,14
cn.nc.operation.base.facade.controller.notice.NoticeApprovalController#doService,cn.nc.operation.base.facade.controller.notice.NoticeApprovalController,doService,6,43
cn.nc.pub.msg.facade.controller.outside.PubParameterGroupDetailQueryController#doService,cn.nc.pub.msg.facade.controller.outside.PubParameterGroupDetailQueryController,doService,1,1
cn.nc.issuance.dist.facade.controller.DistributionModifyController#doService,cn.nc.issuance.dist.facade.controller.DistributionModifyController,doService,21,75
cn.nc.issuance.book.dcm.facade.controller.bondAdd.BondGenPurchaseExpController#handle,cn.nc.issuance.book.dcm.facade.controller.bondAdd.BondGenPurchaseExpController,handle,1,1
cn.nc.operation.base.facade.controller.notice.NoticeGroupDeleteController#delete,cn.nc.operation.base.facade.controller.notice.NoticeGroupDeleteController,delete,1,1
cn.nc.user.seal.facade.controller.SealHisClientApprovalRefuseController#doService,cn.nc.user.seal.facade.controller.SealHisClientApprovalRefuseController,doService,2,3
cn.nc.issuance.book.dcm.query.facade.controller.bondadjustorder.BondAdjustOrderListController#handle,cn.nc.issuance.book.dcm.query.facade.controller.bondadjustorder.BondAdjustOrderListController,handle,1,1
cn.nc.issuance.book.dcm.query.facade.controller.directinvestor.QueryDirectInvestorAuthController#handle,cn.nc.issuance.book.dcm.query.facade.controller.directinvestor.QueryDirectInvestorAuthController,handle,1,1
cn.nc.channel.backend.facade.controller.PageLayoutQueryCmptListController#doService,cn.nc.channel.backend.facade.controller.PageLayoutQueryCmptListController,doService,3,9
cn.nc.user.reguser.facade.controller.UnRegisterUserController#unregisterUser,cn.nc.user.reguser.facade.controller.UnRegisterUserController,unregisterUser,1,1
cn.nc.issuance.book.dcm.facade.controller.pricingplacing.PricingPlacingGenPublishNoticeController#doService,cn.nc.issuance.book.dcm.facade.controller.pricingplacing.PricingPlacingGenPublishNoticeController,doService,2,1
cn.nc.user.clientinstuseroperator.controller.ClientInstOperListController#doService,cn.nc.user.clientinstuseroperator.controller.ClientInstOperListController,doService,3,4
cn.nc.operation.base.facade.controller.notice.NoticeGetByIdController#getNotice,cn.nc.operation.base.facade.controller.notice.NoticeGetByIdController,getNotice,1,1
cn.nc.pub.msg.facade.controller.parameterGroup.ParameterGroupGetController#getParameterGroup,cn.nc.pub.msg.facade.controller.parameterGroup.ParameterGroupGetController,getParameterGroup,1,1
cn.nc.issuance.book.dcm.query.facade.controller.bondAdd.BondOrderByFlagListController#doService,cn.nc.issuance.book.dcm.query.facade.controller.bondAdd.BondOrderByFlagListController,doService,1,1
cn.nc.issuance.bid.facade.controller.shchTenderMgmt.CheckFlexibilityPromptController#doService,cn.nc.issuance.bid.facade.controller.shchTenderMgmt.CheckFlexibilityPromptController,doService,3,10
cn.nc.user.openacctquery.controller.ExportOpenAcctQueryResultController#exportCfaeAcctOpenAcctQueryResult,cn.nc.user.openacctquery.controller.ExportOpenAcctQueryResultController,exportCfaeAcctOpenAcctQueryResult,3,18
cn.nc.issuance.book.dcm.facade.controller.purchaseorder.PurchaseOrderAddController#doService,cn.nc.issuance.book.dcm.facade.controller.purchaseorder.PurchaseOrderAddController,doService,2,1
cn.nc.channel.auth.outer.facade.controller.WebEmailRegistrationController#doService,cn.nc.channel.auth.outer.facade.controller.WebEmailRegistrationController,doService,11,61
cn.nc.issuance.bid.facade.controller.bondccdc.BondCheckPublishCcdcController#handle,cn.nc.issuance.bid.facade.controller.bondccdc.BondCheckPublishCcdcController,handle,1,1
cn.nc.issuance.common.facade.controller.BillingInformationListController#doService,cn.nc.issuance.common.facade.controller.BillingInformationListController,doService,4,8
cn.nc.issuance.book.dcm.facade.controller.bondAdd.BondAdditionSubmitController#handle,cn.nc.issuance.book.dcm.facade.controller.bondAdd.BondAdditionSubmitController,handle,1,1
cn.nc.issuance.book.dcm.query.facade.controller.querystatistics.BondPublishProcessMonitorQueryController#handle,cn.nc.issuance.book.dcm.query.facade.controller.querystatistics.BondPublishProcessMonitorQueryController,handle,1,1
cn.nc.issuance.book.dcm.query.facade.controller.purchaseorder.PurchaseOrderDetailExportController#doService,cn.nc.issuance.book.dcm.query.facade.controller.purchaseorder.PurchaseOrderDetailExportController,doService,2,1
cn.nc.issuance.book.dcm.facade.controller.bondAdmin.BookPrepareCompleteController#handle,cn.nc.issuance.book.dcm.facade.controller.bondAdmin.BookPrepareCompleteController,handle,1,1
cn.nc.issuance.book.dcm.query.facade.controller.dcmbondadmin.ExportPurchaseHisController#handle,cn.nc.issuance.book.dcm.query.facade.controller.dcmbondadmin.ExportPurchaseHisController,handle,1,1
cn.nc.issuance.book.dcm.query.facade.controller.querystatistics.BondPublishProcessMonitorExportController#handle,cn.nc.issuance.book.dcm.query.facade.controller.querystatistics.BondPublishProcessMonitorExportController,handle,1,1
cn.nc.issuance.bid.facade.controller.bondccdc.BondPublishCcdcController#doService,cn.nc.issuance.bid.facade.controller.bondccdc.BondPublishCcdcController,doService,5,18
cn.nc.issuance.book.dcm.query.facade.controller.querystatistics.QueryBondOfferedController#doService,cn.nc.issuance.book.dcm.query.facade.controller.querystatistics.QueryBondOfferedController,doService,2,3
cn.nc.user.inst.facade.controller.QueryInstRoleRelByCondController#queryInstRoleRelListByCond,cn.nc.user.inst.facade.controller.QueryInstRoleRelByCondController,queryInstRoleRelListByCond,1,1
cn.nc.user.staff.facade.controller.in.UserDeleteController#handle,cn.nc.user.staff.facade.controller.in.UserDeleteController,handle,1,1
cn.nc.user.centerinstuseroperator.controller.CenterInstOperHisListController#doService,cn.nc.user.centerinstuseroperator.controller.CenterInstOperHisListController,doService,3,6
cn.nc.issuance.bid.facade.controller.biddingManagement.bidSuppAdmi.DownLoadRightAdditionController#handle,cn.nc.issuance.bid.facade.controller.biddingManagement.bidSuppAdmi.DownLoadRightAdditionController,handle,1,1
cn.nc.issuance.common.facade.controller.BondKindConfigSelectController#doService,cn.nc.issuance.common.facade.controller.BondKindConfigSelectController,doService,5,7
cn.nc.operation.base.facade.controller.task.TaskAssignController#doService,cn.nc.operation.base.facade.controller.task.TaskAssignController,doService,7,22
cn.nc.issuance.book.dcm.query.facade.controller.groupSet.GroupShowGroupFileClickController#doService,cn.nc.issuance.book.dcm.query.facade.controller.groupSet.GroupShowGroupFileClickController,doService,1,1
cn.nc.issuance.book.dcm.query.facade.controller.systemadmin.SendPurchaseResultQueryController#handle,cn.nc.issuance.book.dcm.query.facade.controller.systemadmin.SendPurchaseResultQueryController,handle,1,1
cn.nc.issuance.book.dcm.facade.controller.modifyinterimbondinfo.ModifyInterimBondAuditYesController#handle,cn.nc.issuance.book.dcm.facade.controller.modifyinterimbondinfo.ModifyInterimBondAuditYesController,handle,1,1
cn.nc.issuance.common.facade.controller.operation.ContactSelectController#doService,cn.nc.issuance.common.facade.controller.operation.ContactSelectController,doService,4,6
cn.nc.issuance.book.dcm.facade.controller.pricingplacing.PricingPlacingSendToSHClearingController#doService,cn.nc.issuance.book.dcm.facade.controller.pricingplacing.PricingPlacingSendToSHClearingController,doService,2,1
cn.nc.user.clientinstuseroperator.controller.OuterPositionListController#doService,cn.nc.user.clientinstuseroperator.controller.OuterPositionListController,doService,3,2
cn.nc.issuance.book.dcm.query.facade.controller.purchaseOffer.PurchaseOfferManageEnglishController#doService,cn.nc.issuance.book.dcm.query.facade.controller.purchaseOffer.PurchaseOfferManageEnglishController,doService,1,1
cn.nc.pub.wkcl.facade.controller.core.CheckWorkDayController#doService,cn.nc.pub.wkcl.facade.controller.core.CheckWorkDayController,doService,2,23
cn.nc.pub.msg.facade.controller.productParameter.ProductParameterDownloadHistoryController#download,cn.nc.pub.msg.facade.controller.productParameter.ProductParameterDownloadHistoryController,download,1,1
cn.nc.issuance.book.dcm.facade.controller.bill.BillGenController#doService,cn.nc.issuance.book.dcm.facade.controller.bill.BillGenController,doService,4,30
cn.nc.user.initinst.facade.controller.ApprovalRejectInstOpenApplyController#doService,cn.nc.user.initinst.facade.controller.ApprovalRejectInstOpenApplyController,doService,14,217
cn.nc.operation.base.facade.controller.task.TaskQueryTasksController#queryTasks,cn.nc.operation.base.facade.controller.task.TaskQueryTasksController,queryTasks,1,1
cn.nc.user.staff.facade.controller.PermissionOutUserListController#handle,cn.nc.user.staff.facade.controller.PermissionOutUserListController,handle,1,1
cn.nc.issuance.book.dcm.query.facade.controller.bond.HisBondQueryController#doService,cn.nc.issuance.book.dcm.query.facade.controller.bond.HisBondQueryController,doService,2,1
cn.nc.user.reguser.facade.controller.QueryUserInfoByInstUserCodeController#doService,cn.nc.user.reguser.facade.controller.QueryUserInfoByInstUserCodeController,doService,5,17
cn.nc.user.staff.facade.controller.MenuEmergencyPageMenuListController#doService,cn.nc.user.staff.facade.controller.MenuEmergencyPageMenuListController,doService,2,2
cn.nc.issuance.book.dcm.query.facade.controller.bondAdd.BondQueryGroupController#doService,cn.nc.issuance.book.dcm.query.facade.controller.bondAdd.BondQueryGroupController,doService,3,4
cn.nc.issuance.book.dcm.query.facade.controller.directinvestor.whitelist.AccountWlSendHisPreviewController#doService,cn.nc.issuance.book.dcm.query.facade.controller.directinvestor.whitelist.AccountWlSendHisPreviewController,doService,3,2
cn.nc.channel.mix.controller.channel.concerned.QueryMyConcernedFinancialBondsController#doService,cn.nc.channel.mix.controller.channel.concerned.QueryMyConcernedFinancialBondsController,doService,3,2
cn.nc.issuance.book.dcm.facade.controller.automaticDisclosure.IsAlreadyDisclosureController#doService,cn.nc.issuance.book.dcm.facade.controller.automaticDisclosure.IsAlreadyDisclosureController,doService,2,1
cn.nc.user.position.facade.controller.client.ClientPositionFindInfoController#doService,cn.nc.user.position.facade.controller.client.ClientPositionFindInfoController,doService,4,6
cn.nc.issuance.book.dcm.facade.controller.systemadmin.BondModifyApplyAuditController#doService,cn.nc.issuance.book.dcm.facade.controller.systemadmin.BondModifyApplyAuditController,doService,1,1
cn.nc.channel.backend.facade.controller.FinDailyIssueQueryController#finDailyIssueQuery,cn.nc.channel.backend.facade.controller.FinDailyIssueQueryController,finDailyIssueQuery,1,1
cn.nc.issuance.dist.facade.controller.DistBondsConfirmQueryController#doService,cn.nc.issuance.dist.facade.controller.DistBondsConfirmQueryController,doService,3,4
cn.nc.issuance.book.dcm.facade.controller.consignpercent.ConsignPercentRevokeController#doService,cn.nc.issuance.book.dcm.facade.controller.consignpercent.ConsignPercentRevokeController,doService,5,16
cn.nc.issuance.bid.facade.controller.shchTenderMgmt.QueryHisTiBondInfoController#queryHisTiBondInfo,cn.nc.issuance.bid.facade.controller.shchTenderMgmt.QueryHisTiBondInfoController,queryHisTiBondInfo,1,1
cn.nc.user.clientorgquery.facade.controller.ClientUserInfoController#doService,cn.nc.user.clientorgquery.facade.controller.ClientUserInfoController,doService,3,5
cn.nc.user.ukey.facade.controller.GetUkeyDetailsController#getUkeyDetails,cn.nc.user.ukey.facade.controller.GetUkeyDetailsController,getUkeyDetails,1,1
cn.nc.operation.base.facade.controller.task.QueryBusinessTypeController#doService,cn.nc.operation.base.facade.controller.task.QueryBusinessTypeController,doService,3,10
cn.nc.operation.base.facade.controller.menu.FavoriteMenuAddController#addMenu,cn.nc.operation.base.facade.controller.menu.FavoriteMenuAddController,addMenu,1,1
cn.nc.channel.mix.controller.issuance.QueryPublishProcessBondController#queryPublishProcessBond,cn.nc.channel.mix.controller.issuance.QueryPublishProcessBondController,queryPublishProcessBond,1,1
cn.nc.user.initinst.facade.controller.ApprovalRejectInstOpenApplyController#approvalRejectInstOpenApply,cn.nc.user.initinst.facade.controller.ApprovalRejectInstOpenApplyController,approvalRejectInstOpenApply,1,1
cn.nc.user.ukey.facade.controller.UkeyExpressCenterSendSMSController#doService,cn.nc.user.ukey.facade.controller.UkeyExpressCenterSendSMSController,doService,3,2
cn.nc.channel.mix.controller.channel.selfbond.QueryInstitutionCrmwBookManagementController#queryInstitutionCrmwBookManagement,cn.nc.channel.mix.controller.channel.selfbond.QueryInstitutionCrmwBookManagementController,queryInstitutionCrmwBookManagement,1,1
cn.nc.user.index.facade.controller.GetBusinessRoleController#getBusinessRoleList,cn.nc.user.index.facade.controller.GetBusinessRoleController,getBusinessRoleList,1,1
cn.nc.user.cfaeacct.facade.controller.ClientCfaeAcctDeregisterSubmitController#cfaeacctDeregisterSubmitClient,cn.nc.user.cfaeacct.facade.controller.ClientCfaeAcctDeregisterSubmitController,cfaeacctDeregisterSubmitClient,1,1
cn.nc.channel.search.facade.controller.LoggedInFunctionSearchController#doService,cn.nc.channel.search.facade.controller.LoggedInFunctionSearchController,doService,3,23
cn.nc.issuance.book.dcm.query.facade.controller.querystatistics.ExportBondStatisticsAnalysisController#handle,cn.nc.issuance.book.dcm.query.facade.controller.querystatistics.ExportBondStatisticsAnalysisController,handle,1,1
cn.nc.issuance.bid.facade.controller.biddingresultMgmt.AdjustPlacingResultController#doService,cn.nc.issuance.bid.facade.controller.biddingresultMgmt.AdjustPlacingResultController,doService,9,83
cn.nc.issuance.book.dcm.query.facade.controller.magnifier.ContactListQueryController#handle,cn.nc.issuance.book.dcm.query.facade.controller.magnifier.ContactListQueryController,handle,1,1
cn.nc.issuance.book.dcm.query.facade.controller.purchaseOffer.PurchaseOfferSelectController#doService,cn.nc.issuance.book.dcm.query.facade.controller.purchaseOffer.PurchaseOfferSelectController,doService,1,1
cn.nc.issuance.book.dcm.query.facade.controller.bondAdd.BondOrgListController#handle,cn.nc.issuance.book.dcm.query.facade.controller.bondAdd.BondOrgListController,handle,1,1
cn.nc.issuance.common.facade.controller.SysDictionaryAuditListController#doService,cn.nc.issuance.common.facade.controller.SysDictionaryAuditListController,doService,4,7
cn.nc.pub.msg.facade.controller.productParameter.ProductParameterBatchAgreeController#doService,cn.nc.pub.msg.facade.controller.productParameter.ProductParameterBatchAgreeController,doService,2,14
cn.nc.pub.msg.facade.controller.parameterRule.ParameterRuleDisableController#disable,cn.nc.pub.msg.facade.controller.parameterRule.ParameterRuleDisableController,disable,1,1
cn.nc.user.index.facade.controller.GetStatisticsUkeyController#getStatisticsUkeyListByLogin,cn.nc.user.index.facade.controller.GetStatisticsUkeyController,getStatisticsUkeyListByLogin,1,1
cn.nc.issuance.book.dcm.query.facade.controller.directinvestor.QueryDirectInvestorAuthHisDetailController#handle,cn.nc.issuance.book.dcm.query.facade.controller.directinvestor.QueryDirectInvestorAuthHisDetailController,handle,1,1
cn.nc.user.archive.facade.controller.GetUnArchivedController#doService,cn.nc.user.archive.facade.controller.GetUnArchivedController,doService,2,1
cn.nc.pub.msg.facade.controller.productParameter.ProductParameterHistoryListController#doService,cn.nc.pub.msg.facade.controller.productParameter.ProductParameterHistoryListController,doService,3,14
cn.nc.user.external.facade.controller.DepositAccListController#doService,cn.nc.user.external.facade.controller.DepositAccListController,doService,1,1
cn.nc.issuance.book.dcm.query.facade.controller.bookkeepingprocessiinfo.BookkeepingProcessIinfoInitController#doService,cn.nc.issuance.book.dcm.query.facade.controller.bookkeepingprocessiinfo.BookkeepingProcessIinfoInitController,doService,2,1
cn.nc.channel.backend.facade.controller.ClientDownloadController#doService,cn.nc.channel.backend.facade.controller.ClientDownloadController,doService,2,2
cn.nc.issuance.book.dcm.query.facade.controller.bondAdd.BondQueryHisBondController#doService,cn.nc.issuance.book.dcm.query.facade.controller.bondAdd.BondQueryHisBondController,doService,1,1
cn.nc.issuance.book.dcm.query.facade.controller.modifyinterimbondinfo.ModifyInterimBondInfoController#handle,cn.nc.issuance.book.dcm.query.facade.controller.modifyinterimbondinfo.ModifyInterimBondInfoController,handle,1,1
cn.nc.issuance.book.dcm.query.facade.controller.bookkeepingprocessiinfo.BookkeepingProcessIinfoInitController#handle,cn.nc.issuance.book.dcm.query.facade.controller.bookkeepingprocessiinfo.BookkeepingProcessIinfoInitController,handle,1,1
cn.nc.user.reguser.facade.controller.GetRegThirdUserRelDetailController#getThirdUserRelRegUserDetail,cn.nc.user.reguser.facade.controller.GetRegThirdUserRelDetailController,getThirdUserRelRegUserDetail,1,1
cn.nc.issuance.bid.facade.controller.shchTenderMgmt.TiShchBondInfoSaveController#savaBondInfo,cn.nc.issuance.bid.facade.controller.shchTenderMgmt.TiShchBondInfoSaveController,savaBondInfo,1,1
cn.nc.pub.msg.facade.controller.parameterRule.ParameterRuleEnableController#doService,cn.nc.pub.msg.facade.controller.parameterRule.ParameterRuleEnableController,doService,5,16
cn.nc.issuance.book.dcm.facade.controller.external.DCMForExternalPurchaseOfferController#doService,cn.nc.issuance.book.dcm.facade.controller.external.DCMForExternalPurchaseOfferController,doService,2,2
cn.nc.operation.base.facade.controller.statistic.BondApproveQueryController#queryBondApproveRecord,cn.nc.operation.base.facade.controller.statistic.BondApproveQueryController,queryBondApproveRecord,1,1
cn.nc.pub.msg.facade.controller.parameterTemplate.ParameterTemplateAgreeController#agree,cn.nc.pub.msg.facade.controller.parameterTemplate.ParameterTemplateAgreeController,agree,1,1
cn.nc.issuance.book.dcm.query.facade.controller.systemadmin.CurrentWeekConditionQueryController#handle,cn.nc.issuance.book.dcm.query.facade.controller.systemadmin.CurrentWeekConditionQueryController,handle,1,1
cn.nc.issuance.book.dcm.query.facade.controller.bondAdd.BondInterestModeListController#doService,cn.nc.issuance.book.dcm.query.facade.controller.bondAdd.BondInterestModeListController,doService,1,1
cn.nc.issuance.book.dcm.query.facade.controller.querystatistics.UnderWriterStaticsByOrgExportController#doService,cn.nc.issuance.book.dcm.query.facade.controller.querystatistics.UnderWriterStaticsByOrgExportController,doService,3,10
cn.nc.user.ukey.facade.controller.UkeyApplyHisClientAddSaveController#ukeyApplyHisSave,cn.nc.user.ukey.facade.controller.UkeyApplyHisClientAddSaveController,ukeyApplyHisSave,1,1
cn.nc.issuance.common.facade.controller.operation.BondAuthorizeModifyController#handle,cn.nc.issuance.common.facade.controller.operation.BondAuthorizeModifyController,handle,1,1
cn.nc.issuance.common.facade.controller.VerFormsToSendSHCHQueryController#doService,cn.nc.issuance.common.facade.controller.VerFormsToSendSHCHQueryController,doService,3,2
cn.nc.user.reguser.facade.controller.UnbindThirdUserRelInstUserController#doService,cn.nc.user.reguser.facade.controller.UnbindThirdUserRelInstUserController,doService,3,2
cn.nc.issuance.common.facade.controller.query.RegistrationFilesPreviewController#handle,cn.nc.issuance.common.facade.controller.query.RegistrationFilesPreviewController,handle,1,1
cn.nc.issuance.book.dcm.query.facade.controller.dcmbondadmin.BondSubjectQueryDetailController#doService,cn.nc.issuance.book.dcm.query.facade.controller.dcmbondadmin.BondSubjectQueryDetailController,doService,2,1
cn.nc.issuance.book.dcm.facade.controller.pricingplacing.CheckPlacingController#handle,cn.nc.issuance.book.dcm.facade.controller.pricingplacing.CheckPlacingController,handle,1,1
cn.nc.user.inst.facade.controller.InstInfoHisModifySaveController#instInfoHisModifySave,cn.nc.user.inst.facade.controller.InstInfoHisModifySaveController,instInfoHisModifySave,1,1
cn.nc.user.conf.facade.controller.CenterConfInstDynamicFieldsByBusinessRoleListController#doService,cn.nc.user.conf.facade.controller.CenterConfInstDynamicFieldsByBusinessRoleListController,doService,3,20
cn.nc.user.cfaeacct.facade.controller.CenterCfaeAcctDeleteController#accountCenterDeleteCenter,cn.nc.user.cfaeacct.facade.controller.CenterCfaeAcctDeleteController,accountCenterDeleteCenter,1,1
cn.nc.issuance.book.dcm.facade.controller.bondAdmin.PurchaseInsStatusModifyController#doService,cn.nc.issuance.book.dcm.facade.controller.bondAdmin.PurchaseInsStatusModifyController,doService,3,5
cn.nc.issuance.bid.facade.controller.shchTenderMgmt.CheckFlexibilityPromptController#checkFlexibilityPrompt,cn.nc.issuance.bid.facade.controller.shchTenderMgmt.CheckFlexibilityPromptController,checkFlexibilityPrompt,1,1
cn.nc.channel.backend.facade.controller.ConcernBondQueryController#concernBondQuery,cn.nc.channel.backend.facade.controller.ConcernBondQueryController,concernBondQuery,1,1
cn.nc.pub.wkcl.facade.controller.core.WorkDayCountController#workDayCount,cn.nc.pub.wkcl.facade.controller.core.WorkDayCountController,workDayCount,1,1
cn.nc.user.conf.facade.controller.CenterConfAccountDynamicFieldsByBusinessRoleListController#doService,cn.nc.user.conf.facade.controller.CenterConfAccountDynamicFieldsByBusinessRoleListController,doService,3,20
cn.nc.issuance.common.facade.controller.SysDictionarySubAuditListController#doService,cn.nc.issuance.common.facade.controller.SysDictionarySubAuditListController,doService,4,7
cn.nc.user.ukey.facade.controller.QueryUkeyMaintainController#doService,cn.nc.user.ukey.facade.controller.QueryUkeyMaintainController,doService,4,7
cn.nc.issuance.book.dcm.query.facade.controller.purchaseorder.PurchaseOrderRevokedQueryController#doService,cn.nc.issuance.book.dcm.query.facade.controller.purchaseorder.PurchaseOrderRevokedQueryController,doService,2,1
cn.nc.user.position.facade.controller.client.ClientPositionHisModifyController#handle,cn.nc.user.position.facade.controller.client.ClientPositionHisModifyController,handle,1,1
cn.nc.pub.msg.facade.controller.parameterTemplate.ParameterTemplateExportController#doService,cn.nc.pub.msg.facade.controller.parameterTemplate.ParameterTemplateExportController,doService,2,28
cn.nc.user.conf.facade.controller.CenterConfInstFieldListController#confInstFieldList,cn.nc.user.conf.facade.controller.CenterConfInstFieldListController,confInstFieldList,1,1
cn.nc.user.instacct.controller.GetInstLargeAcctDetailController#doService,cn.nc.user.instacct.controller.GetInstLargeAcctDetailController,doService,3,6
cn.nc.channel.mix.controller.issuance.QueryInvoicingConfirmFileController#queryInvoicingConfirmFile,cn.nc.channel.mix.controller.issuance.QueryInvoicingConfirmFileController,queryInvoicingConfirmFile,1,1
cn.nc.channel.backend.facade.controller.PageLayoutQueryByIdController#queryPageLayoutConfigById,cn.nc.channel.backend.facade.controller.PageLayoutQueryByIdController,queryPageLayoutConfigById,1,1
cn.nc.user.reguser.facade.controller.LoginPasswordCheckController#doService,cn.nc.user.reguser.facade.controller.LoginPasswordCheckController,doService,7,40
cn.nc.issuance.dist.facade.controller.external.DCMForExternalSendDistInfoController#doService,cn.nc.issuance.dist.facade.controller.external.DCMForExternalSendDistInfoController,doService,2,2
cn.nc.channel.backend.facade.controller.IssuedBondQueryController#issuedBondQuery,cn.nc.channel.backend.facade.controller.IssuedBondQueryController,issuedBondQuery,1,1
cn.nc.issuance.book.dcm.query.facade.controller.bondAdd.BondEffectStatusListController#handle,cn.nc.issuance.book.dcm.query.facade.controller.bondAdd.BondEffectStatusListController,handle,1,1
cn.nc.user.index.facade.controller.GetStatisticsBusinessRoleController#doService,cn.nc.user.index.facade.controller.GetStatisticsBusinessRoleController,doService,3,7
cn.nc.issuance.book.dcm.query.facade.controller.groupSet.GroupQueryController#doService,cn.nc.issuance.book.dcm.query.facade.controller.groupSet.GroupQueryController,doService,1,1
cn.nc.issuance.bid.facade.controller.submitPurchaseOffer.ShowPurchaseOfferController#handle,cn.nc.issuance.bid.facade.controller.submitPurchaseOffer.ShowPurchaseOfferController,handle,1,1
cn.nc.user.staff.facade.controller.in.UserPubListController#doService,cn.nc.user.staff.facade.controller.in.UserPubListController,doService,4,9
cn.nc.pub.msg.facade.controller.parameterRule.ParameterRuleDeleteController#doService,cn.nc.pub.msg.facade.controller.parameterRule.ParameterRuleDeleteController,doService,8,37
cn.nc.issuance.book.dcm.facade.controller.group.GroupCancelAssignMainClickController#handle,cn.nc.issuance.book.dcm.facade.controller.group.GroupCancelAssignMainClickController,handle,1,1
cn.nc.user.staff.facade.controller.in.PositionAddController#doService,cn.nc.user.staff.facade.controller.in.PositionAddController,doService,10,27
cn.nc.channel.backend.facade.controller.UnLoginPageDispController#doService,cn.nc.channel.backend.facade.controller.UnLoginPageDispController,doService,13,112
cn.nc.channel.backend.facade.controller.DistributedBondController#doService,cn.nc.channel.backend.facade.controller.DistributedBondController,doService,3,6
cn.nc.user.clientinstuseroperator.controller.PositionSelectListController#doService,cn.nc.user.clientinstuseroperator.controller.PositionSelectListController,doService,3,2
cn.nc.operation.task.engine.controller.BusinessTaskAssignController#claim,cn.nc.operation.task.engine.controller.BusinessTaskAssignController,claim,1,1
cn.nc.user.ukey.facade.controller.UkeyApplyHisClientRevokeController#doService,cn.nc.user.ukey.facade.controller.UkeyApplyHisClientRevokeController,doService,2,8
cn.nc.issuance.bid.facade.controller.biddingresultMgmt.QueryRegFileController#queryTiRegFile,cn.nc.issuance.bid.facade.controller.biddingresultMgmt.QueryRegFileController,queryTiRegFile,1,1
cn.nc.user.cfaeacct.facade.controller.ClientCfaeAcctQueryListController#doService,cn.nc.user.cfaeacct.facade.controller.ClientCfaeAcctQueryListController,doService,3,3
cn.nc.issuance.bid.facade.controller.emergencycontact.QueryEbcInfoController#queryEbcInfo,cn.nc.issuance.bid.facade.controller.emergencycontact.QueryEbcInfoController,queryEbcInfo,1,1
cn.nc.user.reguser.facade.controller.QueryPersonalCenterController#doService,cn.nc.user.reguser.facade.controller.QueryPersonalCenterController,doService,2,1
cn.nc.issuance.book.dcm.query.facade.controller.unannounced.UnAnnounceBondEnquiryQueryController#handle,cn.nc.issuance.book.dcm.query.facade.controller.unannounced.UnAnnounceBondEnquiryQueryController,handle,1,1
cn.nc.issuance.book.dcm.facade.controller.external.DCMForExternalFileUploadController#fileUploadInfo,cn.nc.issuance.book.dcm.facade.controller.external.DCMForExternalFileUploadController,fileUploadInfo,1,1
cn.nc.pub.wkcl.facade.controller.trade.TradeCalDetailQueryController#doService,cn.nc.pub.wkcl.facade.controller.trade.TradeCalDetailQueryController,doService,3,2
cn.nc.user.reguser.facade.controller.DeRegisterUserByPhoneOrEmailController#deRegistrationUser,cn.nc.user.reguser.facade.controller.DeRegisterUserByPhoneOrEmailController,deRegistrationUser,1,1
cn.nc.issuance.book.dcm.query.facade.controller.reservationmanage.ReservationManageModifyInitController#doService,cn.nc.issuance.book.dcm.query.facade.controller.reservationmanage.ReservationManageModifyInitController,doService,5,9
cn.nc.issuance.book.dcm.facade.controller.bondjoinoperate.BondJoinOperatorController#doService,cn.nc.issuance.book.dcm.facade.controller.bondjoinoperate.BondJoinOperatorController,doService,1,1
cn.nc.issuance.book.dcm.query.facade.controller.bondAdd.BondBookManagerListController#handle,cn.nc.issuance.book.dcm.query.facade.controller.bondAdd.BondBookManagerListController,handle,1,1
cn.nc.issuance.book.dcm.facade.controller.homestart.ExerciseRemindersFrequencyModifyController#handle,cn.nc.issuance.book.dcm.facade.controller.homestart.ExerciseRemindersFrequencyModifyController,handle,1,1
cn.nc.issuance.book.dcm.query.facade.controller.enquirymanage.ExportEnquiryManageController#doService,cn.nc.issuance.book.dcm.query.facade.controller.enquirymanage.ExportEnquiryManageController,doService,2,1
cn.nc.user.archive.facade.controller.FileArchiveAddSaveController#doService,cn.nc.user.archive.facade.controller.FileArchiveAddSaveController,doService,6,24
cn.nc.issuance.book.dcm.facade.controller.modifyinterimbondinfo.ModifyInterimBondSaveModifyApplyController#handle,cn.nc.issuance.book.dcm.facade.controller.modifyinterimbondinfo.ModifyInterimBondSaveModifyApplyController,handle,1,1
cn.nc.issuance.book.dcm.facade.controller.external.DCMForExternalNInstitutionalChangeController#doService,cn.nc.issuance.book.dcm.facade.controller.external.DCMForExternalNInstitutionalChangeController,doService,9,34
cn.nc.pub.msg.facade.controller.productParameter.ProductParameterRefuseController#doService,cn.nc.pub.msg.facade.controller.productParameter.ProductParameterRefuseController,doService,4,13
cn.nc.user.staff.facade.controller.in.PositionDeleteController#doService,cn.nc.user.staff.facade.controller.in.PositionDeleteController,doService,11,29
cn.nc.issuance.book.dcm.facade.controller.systemadmin.AdvertisingPositionSaveController#doService,cn.nc.issuance.book.dcm.facade.controller.systemadmin.AdvertisingPositionSaveController,doService,8,33
cn.nc.issuance.book.dcm.query.facade.controller.bill.PrintPdfDownloadController#proxyPdf,cn.nc.issuance.book.dcm.query.facade.controller.bill.PrintPdfDownloadController,proxyPdf,2,11
cn.nc.pub.msg.facade.controller.productParameter.ProductParameterDownloadHistoryController#doService,cn.nc.pub.msg.facade.controller.productParameter.ProductParameterDownloadHistoryController,doService,3,15
cn.nc.issuance.book.dcm.query.facade.controller.querystatistics.UnderWritingRatioChangeDetailQueryController#doService,cn.nc.issuance.book.dcm.query.facade.controller.querystatistics.UnderWritingRatioChangeDetailQueryController,doService,2,1
cn.nc.issuance.book.dcm.facade.controller.automaticDisclosure.AutomaticDisclosureReSendController#handle,cn.nc.issuance.book.dcm.facade.controller.automaticDisclosure.AutomaticDisclosureReSendController,handle,1,1
cn.nc.pub.wkcl.facade.controller.core.CheckWorkDayController#checkWorkDay,cn.nc.pub.wkcl.facade.controller.core.CheckWorkDayController,checkWorkDay,1,1
cn.nc.issuance.bid.facade.controller.biddingManagement.bidSuppAdmi.CancelAdditionController#handle,cn.nc.issuance.bid.facade.controller.biddingManagement.bidSuppAdmi.CancelAdditionController,handle,1,1
cn.nc.issuance.book.dcm.facade.controller.querystatistics.BondGroupFeePaymentUpdateController#bondGroupFeePaymentUpdate,cn.nc.issuance.book.dcm.facade.controller.querystatistics.BondGroupFeePaymentUpdateController,bondGroupFeePaymentUpdate,1,1
cn.nc.user.index.facade.controller.GetStatisticsInstAccountController#doService,cn.nc.user.index.facade.controller.GetStatisticsInstAccountController,doService,3,2
cn.nc.issuance.book.dcm.query.facade.controller.querystatistics.ExportUnderWritingRatioBondController#handle,cn.nc.issuance.book.dcm.query.facade.controller.querystatistics.ExportUnderWritingRatioBondController,handle,1,1
cn.nc.issuance.book.dcm.query.facade.controller.groupSet.GroupRefreshGroupOperationController#doService,cn.nc.issuance.book.dcm.query.facade.controller.groupSet.GroupRefreshGroupOperationController,doService,6,13
cn.nc.user.conf.facade.controller.CenterConfBusinessRoleLinkDetailController#doService,cn.nc.user.conf.facade.controller.CenterConfBusinessRoleLinkDetailController,doService,5,5
cn.nc.issuance.book.dcm.query.facade.controller.hisinfoquery.RegistrationNoticeDetailController#doService,cn.nc.issuance.book.dcm.query.facade.controller.hisinfoquery.RegistrationNoticeDetailController,doService,4,25
cn.nc.user.staff.facade.controller.in.OrgTreeSelectListController#handle,cn.nc.user.staff.facade.controller.in.OrgTreeSelectListController,handle,1,1
cn.nc.channel.auth.outer.facade.controller.SwitchInstUserController#doService,cn.nc.channel.auth.outer.facade.controller.SwitchInstUserController,doService,10,41
cn.nc.user.staff.facade.controller.ResourceDeleteController#handle,cn.nc.user.staff.facade.controller.ResourceDeleteController,handle,1,1
cn.nc.operation.base.facade.controller.statistic.WorkloadExportController#doService,cn.nc.operation.base.facade.controller.statistic.WorkloadExportController,doService,2,19
cn.nc.pub.msg.facade.controller.productParameter.ProductParameterAddController#add,cn.nc.pub.msg.facade.controller.productParameter.ProductParameterAddController,add,1,1
cn.nc.user.position.facade.controller.center.CenterPositionHisApprovedController#doService,cn.nc.user.position.facade.controller.center.CenterPositionHisApprovedController,doService,3,10
cn.nc.issuance.bid.facade.controller.biddingresultMgmt.InvoicingConfirmController#invoicingConfirm,cn.nc.issuance.bid.facade.controller.biddingresultMgmt.InvoicingConfirmController,invoicingConfirm,1,1
cn.nc.channel.backend.facade.controller.LoggedDcmSearchController#doService,cn.nc.channel.backend.facade.controller.LoggedDcmSearchController,doService,4,15
cn.nc.user.ukey.facade.controller.GetUkeyMaintainDetailsController#getUkeyMaintainDetails,cn.nc.user.ukey.facade.controller.GetUkeyMaintainDetailsController,getUkeyMaintainDetails,1,1
cn.nc.channel.auth.inner.facade.controller.AuthImageCaptchaController#doService,cn.nc.channel.auth.inner.facade.controller.AuthImageCaptchaController,doService,4,19
cn.nc.issuance.dist.facade.controller.DistributionBackController#doService,cn.nc.issuance.dist.facade.controller.DistributionBackController,doService,18,76
cn.nc.pub.msg.facade.controller.productTag.ProductTagGetController#getProductTag,cn.nc.pub.msg.facade.controller.productTag.ProductTagGetController,getProductTag,1,1
cn.nc.issuance.book.dcm.query.facade.controller.bondallocation.BondCanAllocationQueryController#handle,cn.nc.issuance.book.dcm.query.facade.controller.bondallocation.BondCanAllocationQueryController,handle,1,1
cn.nc.user.instuser.facade.controller.ApproveRefuseInstUserController#doService,cn.nc.user.instuser.facade.controller.ApproveRefuseInstUserController,doService,17,229
cn.nc.issuance.book.dcm.facade.controller.pricingplacing.PricingPlacingLoadAdjustController#doService,cn.nc.issuance.book.dcm.facade.controller.pricingplacing.PricingPlacingLoadAdjustController,doService,4,35
cn.nc.pub.msg.facade.controller.product.ProductSubmitController#submitProduct,cn.nc.pub.msg.facade.controller.product.ProductSubmitController,submitProduct,1,1
cn.nc.pub.msg.facade.controller.productTag.ProductTagAgreeController#doService,cn.nc.pub.msg.facade.controller.productTag.ProductTagAgreeController,doService,6,32
cn.nc.user.conf.facade.CenterSysBusinessRoleLinkDeleteController#sysbusinessRoleLinkDelete,cn.nc.user.conf.facade.CenterSysBusinessRoleLinkDeleteController,sysbusinessRoleLinkDelete,1,1
cn.nc.issuance.dist.facade.controller.DistEditSendStatusController#doService,cn.nc.issuance.dist.facade.controller.DistEditSendStatusController,doService,5,45
cn.nc.channel.msg.facade.controller.MessagePushController#handle,cn.nc.channel.msg.facade.controller.MessagePushController,handle,1,1
cn.nc.user.cfaeacct.facade.controller.ClientCfaeAcctCapitalQueryListController#doService,cn.nc.user.cfaeacct.facade.controller.ClientCfaeAcctCapitalQueryListController,doService,2,2
cn.nc.channel.mix.controller.channel.selfbond.QueryInstitutionIssuingProductsController#doService,cn.nc.channel.mix.controller.channel.selfbond.QueryInstitutionIssuingProductsController,doService,4,16
cn.nc.issuance.book.dcm.query.facade.controller.PricingPlacingPlacingController#doService,cn.nc.issuance.book.dcm.query.facade.controller.PricingPlacingPlacingController,doService,1,1
cn.nc.issuance.bid.facade.controller.biddingManagement.bidSuppAdmiAdd.ImportRightAdditionAddController#handle,cn.nc.issuance.bid.facade.controller.biddingManagement.bidSuppAdmiAdd.ImportRightAdditionAddController,handle,12,44
cn.nc.issuance.book.dcm.facade.controller.homestart.ExerciseRemindersConfirmSubscribeController#doService,cn.nc.issuance.book.dcm.facade.controller.homestart.ExerciseRemindersConfirmSubscribeController,doService,1,1
cn.nc.issuance.bid.facade.controller.bidMgmtHomePage.ExportBidMgmtHpController#handle,cn.nc.issuance.bid.facade.controller.bidMgmtHomePage.ExportBidMgmtHpController,handle,1,1
cn.nc.channel.mix.controller.channel.concerned.QueryMyConcernedCrmwBondsController#doService,cn.nc.channel.mix.controller.channel.concerned.QueryMyConcernedCrmwBondsController,doService,3,2
cn.nc.channel.backend.facade.controller.IdentityMappingQueryByIdController#doService,cn.nc.channel.backend.facade.controller.IdentityMappingQueryByIdController,doService,6,4
cn.nc.user.reguser.facade.controller.UserBindMobileController#bindPhone,cn.nc.user.reguser.facade.controller.UserBindMobileController,bindPhone,1,1
cn.nc.issuance.common.facade.controller.SysConfigModifyController#doService,cn.nc.issuance.common.facade.controller.SysConfigModifyController,doService,5,24
cn.nc.channel.backend.facade.controller.DebtInstDailyIssueQueryController#debtInstDailyIssueQuery,cn.nc.channel.backend.facade.controller.DebtInstDailyIssueQueryController,debtInstDailyIssueQuery,1,1
cn.nc.user.initinst.facade.controller.ApprovalCancelInstOpenApplyController#approvalCancelInstOpenApply,cn.nc.user.initinst.facade.controller.ApprovalCancelInstOpenApplyController,approvalCancelInstOpenApply,1,1
cn.nc.user.cfaeacct.facade.controller.CenterCfaeAcctHisDetailListController#doService,cn.nc.user.cfaeacct.facade.controller.CenterCfaeAcctHisDetailListController,doService,2,2
cn.nc.issuance.book.dcm.query.facade.controller.bill.FileListController#doService,cn.nc.issuance.book.dcm.query.facade.controller.bill.FileListController,doService,3,5
cn.nc.issuance.book.dcm.query.facade.controller.homeStart.QueryTodayPublishBondsController#doService,cn.nc.issuance.book.dcm.query.facade.controller.homeStart.QueryTodayPublishBondsController,doService,2,1
cn.nc.user.staff.facade.controller.MenuUserPageMenuGroupListController#handle,cn.nc.user.staff.facade.controller.MenuUserPageMenuGroupListController,handle,1,1
cn.nc.channel.mix.controller.channel.concerned.QueryMyConcernedBondsController#queryMyConcernedBonds,cn.nc.channel.mix.controller.channel.concerned.QueryMyConcernedBondsController,queryMyConcernedBonds,1,1
cn.nc.user.external.facade.controller.InstListController#doService,cn.nc.user.external.facade.controller.InstListController,doService,5,13
cn.nc.issuance.book.dcm.facade.controller.external.DCMForExternalGroupInvitationController#doService,cn.nc.issuance.book.dcm.facade.controller.external.DCMForExternalGroupInvitationController,doService,2,2
cn.nc.issuance.book.dcm.facade.controller.pricingplacing.PreSalesAmountConfirmController#handle,cn.nc.issuance.book.dcm.facade.controller.pricingplacing.PreSalesAmountConfirmController,handle,1,1
cn.nc.issuance.common.facade.controller.SysDictionarySelectController#doService,cn.nc.issuance.common.facade.controller.SysDictionarySelectController,doService,2,1
cn.nc.user.external.facade.controller.ThirdUserRelQueryController#doService,cn.nc.user.external.facade.controller.ThirdUserRelQueryController,doService,6,22
cn.nc.user.initinst.facade.controller.ApprovalRevokeInstOpenApplyController#approvalRevokeInstOpenApply,cn.nc.user.initinst.facade.controller.ApprovalRevokeInstOpenApplyController,approvalRevokeInstOpenApply,1,1
cn.nc.issuance.book.dcm.facade.controller.pricingplacing.PricingPlacingChineseMoneyModifyController#doService,cn.nc.issuance.book.dcm.facade.controller.pricingplacing.PricingPlacingChineseMoneyModifyController,doService,5,9
cn.nc.operation.base.facade.controller.task.TaskQueryTodoCountController#queryTodoCount,cn.nc.operation.base.facade.controller.task.TaskQueryTodoCountController,queryTodoCount,1,1
cn.nc.user.cfaeacct.facade.controller.CenterCfaeAcctDepositQueryListController#centerCfaeAcctDepositQueryList,cn.nc.user.cfaeacct.facade.controller.CenterCfaeAcctDepositQueryListController,centerCfaeAcctDepositQueryList,1,1
cn.nc.pub.msg.facade.controller.outside.PubBookFinShchProductInstanceReceiveController#doService,cn.nc.pub.msg.facade.controller.outside.PubBookFinShchProductInstanceReceiveController,doService,1,1
cn.nc.issuance.book.dcm.facade.controller.external.DCMForExternalIntelligentSupplementController#recIntelligentSupplement,cn.nc.issuance.book.dcm.facade.controller.external.DCMForExternalIntelligentSupplementController,recIntelligentSupplement,1,1
cn.nc.pub.wkcl.facade.controller.core.ContinWorkDaysQueryController#doService,cn.nc.pub.wkcl.facade.controller.core.ContinWorkDaysQueryController,doService,2,31
cn.nc.issuance.book.dcm.query.facade.controller.bondAdd.BondTypeListController#doService,cn.nc.issuance.book.dcm.query.facade.controller.bondAdd.BondTypeListController,doService,1,1
cn.nc.issuance.common.facade.controller.OrgEnglishNameHisListController#doService,cn.nc.issuance.common.facade.controller.OrgEnglishNameHisListController,doService,4,7
cn.nc.issuance.book.dcm.facade.controller.external.DCMForExternalGroupRefuseController#doService,cn.nc.issuance.book.dcm.facade.controller.external.DCMForExternalGroupRefuseController,doService,2,2
cn.nc.user.openacctquery.controller.InstOperOpenAcctDetailListController#doService,cn.nc.user.openacctquery.controller.InstOperOpenAcctDetailListController,doService,3,6
cn.nc.user.query.facade.controller.QueryInstOperPostRelController#queryInstOperPositionList,cn.nc.user.query.facade.controller.QueryInstOperPostRelController,queryInstOperPositionList,1,1
cn.nc.issuance.book.dcm.query.facade.controller.groupSet.GroupQueryController#handle,cn.nc.issuance.book.dcm.query.facade.controller.groupSet.GroupQueryController,handle,1,1
cn.nc.pub.msg.facade.controller.product.ProductAgreeController#agreeProduct,cn.nc.pub.msg.facade.controller.product.ProductAgreeController,agreeProduct,1,1
cn.nc.pub.msg.facade.controller.parameterGroup.ParameterGroupDeleteController#deleteParameterGroup,cn.nc.pub.msg.facade.controller.parameterGroup.ParameterGroupDeleteController,deleteParameterGroup,1,1
cn.nc.issuance.book.dcm.query.facade.controller.issueamountadjust.AmountAdjustQueryListController#handle,cn.nc.issuance.book.dcm.query.facade.controller.issueamountadjust.AmountAdjustQueryListController,handle,1,1
cn.nc.pub.msg.facade.controller.product.ProductGetController#doService,cn.nc.pub.msg.facade.controller.product.ProductGetController,doService,2,20
cn.nc.issuance.book.dcm.query.facade.controller.bondReview.BondReviewQueryController#handle,cn.nc.issuance.book.dcm.query.facade.controller.bondReview.BondReviewQueryController,handle,1,1
cn.nc.issuance.book.dcm.query.facade.controller.hisinfoquery.PublishSolutionViewController#doService,cn.nc.issuance.book.dcm.query.facade.controller.hisinfoquery.PublishSolutionViewController,doService,3,3
cn.nc.issuance.bid.facade.controller.regfile.QueryRegFileListController#doService,cn.nc.issuance.bid.facade.controller.regfile.QueryRegFileListController,doService,3,3
cn.nc.issuance.book.dcm.query.facade.controller.querystatistics.GetAccountLargeController#doService,cn.nc.issuance.book.dcm.query.facade.controller.querystatistics.GetAccountLargeController,doService,2,1
cn.nc.issuance.book.dcm.query.facade.controller.hisinfoquery.PublishSolutionDetailController#handle,cn.nc.issuance.book.dcm.query.facade.controller.hisinfoquery.PublishSolutionDetailController,handle,1,1
cn.nc.issuance.book.dcm.facade.controller.group.GroupAssignMainClickController#handle,cn.nc.issuance.book.dcm.facade.controller.group.GroupAssignMainClickController,handle,1,1
cn.nc.issuance.book.dcm.query.facade.controller.systemadmin.BondModifyApplyDetailController#doService,cn.nc.issuance.book.dcm.query.facade.controller.systemadmin.BondModifyApplyDetailController,doService,4,3
cn.nc.issuance.book.dcm.query.facade.controller.informationservice.SmartDocumentLinkController#handle,cn.nc.issuance.book.dcm.query.facade.controller.informationservice.SmartDocumentLinkController,handle,1,1
cn.nc.user.staff.facade.controller.PermissionModifyController#doService,cn.nc.user.staff.facade.controller.PermissionModifyController,doService,10,30
cn.nc.issuance.book.dcm.facade.controller.consignpercent.ConsignPercentConfirmController#doService,cn.nc.issuance.book.dcm.facade.controller.consignpercent.ConsignPercentConfirmController,doService,9,56
cn.nc.channel.search.facade.controller.GuestCrmwSearchController#search,cn.nc.channel.search.facade.controller.GuestCrmwSearchController,search,1,1
cn.nc.pub.msg.facade.controller.productInstance.ProductInstanceInterfaceController#dataAcceptance,cn.nc.pub.msg.facade.controller.productInstance.ProductInstanceInterfaceController,dataAcceptance,1,1
cn.nc.channel.msg.facade.controller.MessageStatusReadBatchAddController#doService,cn.nc.channel.msg.facade.controller.MessageStatusReadBatchAddController,doService,2,7
cn.nc.user.cfaeacct.facade.controller.CfaeAcctLargeQueryListController#doService,cn.nc.user.cfaeacct.facade.controller.CfaeAcctLargeQueryListController,doService,4,3
cn.nc.user.reguser.facade.controller.GetSm2PubKeyController#doService,cn.nc.user.reguser.facade.controller.GetSm2PubKeyController,doService,3,6
cn.nc.issuance.bid.facade.controller.biddingresultMgmt.QueryTenderResultController#queryTenderResultInfo,cn.nc.issuance.bid.facade.controller.biddingresultMgmt.QueryTenderResultController,queryTenderResultInfo,1,1
cn.nc.operation.base.facade.controller.work.WorkGroupDeleteController#doService,cn.nc.operation.base.facade.controller.work.WorkGroupDeleteController,doService,3,5
cn.nc.operation.base.facade.controller.notice.NoticeSaveController#doService,cn.nc.operation.base.facade.controller.notice.NoticeSaveController,doService,4,10
cn.nc.issuance.dist.facade.controller.external.DCMForExternalAddConfirmController#addConfirm,cn.nc.issuance.dist.facade.controller.external.DCMForExternalAddConfirmController,addConfirm,1,1
cn.nc.issuance.book.dcm.facade.controller.pricingplacing.PricingPlacingPreviewRegFileController#doService,cn.nc.issuance.book.dcm.facade.controller.pricingplacing.PricingPlacingPreviewRegFileController,doService,1,1
cn.nc.channel.msg.facade.controller.SilentModeSelectController#handle,cn.nc.channel.msg.facade.controller.SilentModeSelectController,handle,1,1
cn.nc.issuance.book.dcm.query.facade.controller.bondAdd.BondMenuListController#handle,cn.nc.issuance.book.dcm.query.facade.controller.bondAdd.BondMenuListController,handle,1,1
cn.nc.user.conf.facade.controller.CenterConfInstDynamicFieldsByBusinessRoleListController#confInstDynamicFieldsByBusinessRoleList,cn.nc.user.conf.facade.controller.CenterConfInstDynamicFieldsByBusinessRoleListController,confInstDynamicFieldsByBusinessRoleList,1,1
cn.nc.issuance.bid.facade.controller.biddingManagement.bidSuppAdmiAdd.QueryResRightAddController#doService,cn.nc.issuance.bid.facade.controller.biddingManagement.bidSuppAdmiAdd.QueryResRightAddController,doService,9,22
cn.nc.issuance.book.dcm.query.facade.controller.hisinfoquery.PlanPublishItemsExportController#handle,cn.nc.issuance.book.dcm.query.facade.controller.hisinfoquery.PlanPublishItemsExportController,handle,1,1
cn.nc.channel.backend.facade.controller.ComponentSizeController#queryComponentSizeForSelect,cn.nc.channel.backend.facade.controller.ComponentSizeController,queryComponentSizeForSelect,1,1
cn.nc.operation.base.facade.controller.notice.NoticeTypeDeleteController#doService,cn.nc.operation.base.facade.controller.notice.NoticeTypeDeleteController,doService,3,12
cn.nc.issuance.book.dcm.query.facade.controller.modifyinterimbondinfo.ModifyApplyQueryBondInfoController#handle,cn.nc.issuance.book.dcm.query.facade.controller.modifyinterimbondinfo.ModifyApplyQueryBondInfoController,handle,1,1
cn.nc.issuance.book.dcm.facade.controller.pricingplacing.PricingPlacingSendToSHClearingController#handle,cn.nc.issuance.book.dcm.facade.controller.pricingplacing.PricingPlacingSendToSHClearingController,handle,1,1
cn.nc.issuance.book.dcm.query.facade.controller.unannounced.UnAnnounceBondEnquiryQueryController#doService,cn.nc.issuance.book.dcm.query.facade.controller.unannounced.UnAnnounceBondEnquiryQueryController,doService,3,5
cn.nc.issuance.book.dcm.query.facade.controller.purchaseorder.PurchaseConfirmListController#handle,cn.nc.issuance.book.dcm.query.facade.controller.purchaseorder.PurchaseConfirmListController,handle,1,1
cn.nc.issuance.book.dcm.query.facade.controller.IsemUserInfoConfirmExportController#doService,cn.nc.issuance.book.dcm.query.facade.controller.IsemUserInfoConfirmExportController,doService,3,9
cn.nc.issuance.book.dcm.query.facade.controller.systemadmin.VerFormsToSendSHCHQueryController#handle,cn.nc.issuance.book.dcm.query.facade.controller.systemadmin.VerFormsToSendSHCHQueryController,handle,1,1
cn.nc.issuance.book.dcm.query.facade.controller.dcmbondadmin.PurchaseHisQueryController#handle,cn.nc.issuance.book.dcm.query.facade.controller.dcmbondadmin.PurchaseHisQueryController,handle,1,1
cn.nc.issuance.book.dcm.query.facade.controller.informationservice.InvestmentBankerLinkController#doService,cn.nc.issuance.book.dcm.query.facade.controller.informationservice.InvestmentBankerLinkController,doService,3,9
cn.nc.pub.msg.facade.controller.parameterRule.ParameterRuleCopyController#copy,cn.nc.pub.msg.facade.controller.parameterRule.ParameterRuleCopyController,copy,1,1
cn.nc.issuance.bid.facade.controller.biddingresultMgmt.QueryPublishPageInfoController#doService,cn.nc.issuance.bid.facade.controller.biddingresultMgmt.QueryPublishPageInfoController,doService,5,13
cn.nc.user.staff.facade.controller.MenuModifyController#handle,cn.nc.user.staff.facade.controller.MenuModifyController,handle,1,1
cn.nc.issuance.book.dcm.query.facade.controller.hisinfoquery.PublishSolutionDownLoadController#handle,cn.nc.issuance.book.dcm.query.facade.controller.hisinfoquery.PublishSolutionDownLoadController,handle,1,1
cn.nc.user.instacct.controller.BatchDelInstLargeAcctController#deleteInstLargeAcct,cn.nc.user.instacct.controller.BatchDelInstLargeAcctController,deleteInstLargeAcct,1,1
cn.nc.issuance.book.dcm.query.facade.controller.querystatistics.UnderWriterStaticsByBondExportController#doService,cn.nc.issuance.book.dcm.query.facade.controller.querystatistics.UnderWriterStaticsByBondExportController,doService,3,10
cn.nc.issuance.book.dcm.query.facade.controller.systemadmin.BookLocalAppointmentQueryController#handle,cn.nc.issuance.book.dcm.query.facade.controller.systemadmin.BookLocalAppointmentQueryController,handle,1,1
cn.nc.pub.wkcl.facade.controller.legal.LegalCalSelectController#select,cn.nc.pub.wkcl.facade.controller.legal.LegalCalSelectController,select,1,1
cn.nc.user.staff.facade.controller.ResourceSystemListController#handle,cn.nc.user.staff.facade.controller.ResourceSystemListController,handle,1,1
cn.nc.issuance.book.dcm.facade.controller.automaticDisclosure.IsAlreadyDisclosureController#handle,cn.nc.issuance.book.dcm.facade.controller.automaticDisclosure.IsAlreadyDisclosureController,handle,1,1
cn.nc.user.ukey.facade.controller.UkeyApplyHisCenterApprovalPassController#ukeyApplyHisApprovalPass,cn.nc.user.ukey.facade.controller.UkeyApplyHisCenterApprovalPassController,ukeyApplyHisApprovalPass,1,1
cn.nc.operation.base.facade.controller.notice.NoticeGetByCodeController#getNotice,cn.nc.operation.base.facade.controller.notice.NoticeGetByCodeController,getNotice,1,1
cn.nc.pub.msg.facade.controller.productParameter.ProductParameterSubmitController#submit,cn.nc.pub.msg.facade.controller.productParameter.ProductParameterSubmitController,submit,1,1
cn.nc.issuance.book.dcm.facade.controller.bondallocation.BondAllocationModifyController#handle,cn.nc.issuance.book.dcm.facade.controller.bondallocation.BondAllocationModifyController,handle,1,1
cn.nc.user.centerinstuseroperator.controller.CenterInstOperManageListController#doService,cn.nc.user.centerinstuseroperator.controller.CenterInstOperManageListController,doService,4,2
cn.nc.user.conf.facade.controller.CenterConfBusinessRoleByIdListController#confBusinessRoleByIdList,cn.nc.user.conf.facade.controller.CenterConfBusinessRoleByIdListController,confBusinessRoleByIdList,1,1
cn.nc.issuance.book.dcm.query.facade.controller.querystatistics.UnderWriterStaticsByOrgExportController#handle,cn.nc.issuance.book.dcm.query.facade.controller.querystatistics.UnderWriterStaticsByOrgExportController,handle,1,1
cn.nc.pub.msg.facade.controller.log.ReceiveRecordQueryController#queryPage,cn.nc.pub.msg.facade.controller.log.ReceiveRecordQueryController,queryPage,1,1
cn.nc.issuance.book.dcm.query.facade.controller.purchaseorder.PurchaseOrderMarkerDetailController#doService,cn.nc.issuance.book.dcm.query.facade.controller.purchaseorder.PurchaseOrderMarkerDetailController,doService,2,1
cn.nc.issuance.book.dcm.query.facade.controller.purchaseorder.PurchaseOrderSelectController#handle,cn.nc.issuance.book.dcm.query.facade.controller.purchaseorder.PurchaseOrderSelectController,handle,1,1
cn.nc.issuance.book.dcm.query.facade.controller.pricingplacing.SendProductInfoController#handle,cn.nc.issuance.book.dcm.query.facade.controller.pricingplacing.SendProductInfoController,handle,1,1
cn.nc.issuance.book.dcm.query.facade.controller.publishadmin.ConsignGroupOfferPreviewController#handle,cn.nc.issuance.book.dcm.query.facade.controller.publishadmin.ConsignGroupOfferPreviewController,handle,1,1
cn.nc.user.position.facade.controller.center.CenterPositionHisFindInfoController#handle,cn.nc.user.position.facade.controller.center.CenterPositionHisFindInfoController,handle,1,1
cn.nc.issuance.book.dcm.query.facade.controller.purchaseManage.PurchaseOfferManageDetailController#doService,cn.nc.issuance.book.dcm.query.facade.controller.purchaseManage.PurchaseOfferManageDetailController,doService,4,5
cn.nc.issuance.book.dcm.query.facade.controller.querystatistics.QueryMonthReportResultController#handle,cn.nc.issuance.book.dcm.query.facade.controller.querystatistics.QueryMonthReportResultController,handle,1,1
cn.nc.user.clientorgquery.facade.controller.ClientOrgUserSelectViewHisController#doService,cn.nc.user.clientorgquery.facade.controller.ClientOrgUserSelectViewHisController,doService,2,5
cn.nc.issuance.common.facade.controller.SysDictionaryGetValuePortController#handle,cn.nc.issuance.common.facade.controller.SysDictionaryGetValuePortController,handle,1,1
cn.nc.user.inst.facade.controller.InstInfoHisDeleteController#instInfoHisDelete,cn.nc.user.inst.facade.controller.InstInfoHisDeleteController,instInfoHisDelete,1,1
cn.nc.user.conf.facade.controller.CenterConfAccountFieldListController#doService,cn.nc.user.conf.facade.controller.CenterConfAccountFieldListController,doService,3,2
cn.nc.pub.msg.facade.controller.parameterRule.ParameterRuleAgreeController#agree,cn.nc.pub.msg.facade.controller.parameterRule.ParameterRuleAgreeController,agree,1,1
cn.nc.user.cfaeacct.facade.controller.CfaeAcctDepositQueryListController#doService,cn.nc.user.cfaeacct.facade.controller.CfaeAcctDepositQueryListController,doService,4,3
cn.nc.user.reguser.facade.controller.IdentifyRegistrationUserController#identifyRegistrationUser,cn.nc.user.reguser.facade.controller.IdentifyRegistrationUserController,identifyRegistrationUser,1,1
cn.nc.issuance.bid.facade.controller.shchTenderMgmt.DownloadTiBondInfoController#downloadTiBondInfo,cn.nc.issuance.bid.facade.controller.shchTenderMgmt.DownloadTiBondInfoController,downloadTiBondInfo,1,1
cn.nc.user.instuser.facade.controller.RevokeApproveInstUserController#doService,cn.nc.user.instuser.facade.controller.RevokeApproveInstUserController,doService,11,21
cn.nc.issuance.book.dcm.query.facade.controller.homeStart.QueryTodayPublishBondsController#handle,cn.nc.issuance.book.dcm.query.facade.controller.homeStart.QueryTodayPublishBondsController,handle,1,1
cn.nc.issuance.bid.facade.controller.core.BondRoleQueryController#doService,cn.nc.issuance.bid.facade.controller.core.BondRoleQueryController,doService,3,17
cn.nc.issuance.book.dcm.query.facade.controller.bondAdd.BondTrustOrgListController#handle,cn.nc.issuance.book.dcm.query.facade.controller.bondAdd.BondTrustOrgListController,handle,1,1
cn.nc.user.conf.facade.controller.CenterConfDictionaryDetailController#doService,cn.nc.user.conf.facade.controller.CenterConfDictionaryDetailController,doService,3,2
cn.nc.issuance.bid.facade.controller.biddingManagement.bidSuppAdmi.SaveAdditionController#doService,cn.nc.issuance.bid.facade.controller.biddingManagement.bidSuppAdmi.SaveAdditionController,doService,18,76
cn.nc.user.summary.facede.comtroller.ExportInstDataController#exportInstDataExcel,cn.nc.user.summary.facede.comtroller.ExportInstDataController,exportInstDataExcel,3,12
cn.nc.operation.base.facade.controller.notice.NoticeGroupDeleteController#doService,cn.nc.operation.base.facade.controller.notice.NoticeGroupDeleteController,doService,2,1
cn.nc.issuance.common.facade.controller.SysConfigEnableController#doService,cn.nc.issuance.common.facade.controller.SysConfigEnableController,doService,4,11
cn.nc.pub.msg.facade.controller.parameterRule.ParameterRuleListQueryController#doService,cn.nc.pub.msg.facade.controller.parameterRule.ParameterRuleListQueryController,doService,2,5
cn.nc.user.ukey.facade.controller.UkeyBindHisCenterBatchApprovalPassController#ukeyBindHisBatchApprovalPass,cn.nc.user.ukey.facade.controller.UkeyBindHisCenterBatchApprovalPassController,ukeyBindHisBatchApprovalPass,1,1
cn.nc.issuance.common.facade.controller.operation.ContactDeleteController#doService,cn.nc.issuance.common.facade.controller.operation.ContactDeleteController,doService,3,5
cn.nc.user.ukey.facade.controller.QueryUkeyMaintainHisController#queryUkeyMaintainHisList,cn.nc.user.ukey.facade.controller.QueryUkeyMaintainHisController,queryUkeyMaintainHisList,1,1
cn.nc.pub.wkcl.facade.controller.sys.SysTradeCalQueryController#queryPage,cn.nc.pub.wkcl.facade.controller.sys.SysTradeCalQueryController,queryPage,1,1
cn.nc.user.reguser.facade.controller.UnbindInstUserController#doService,cn.nc.user.reguser.facade.controller.UnbindInstUserController,doService,3,3
cn.nc.issuance.book.dcm.query.facade.controller.bill.BillListController#handle,cn.nc.issuance.book.dcm.query.facade.controller.bill.BillListController,handle,1,1
cn.nc.issuance.book.dcm.query.facade.controller.querystatistics.BookBuildResultQueryController#bookBuildResultQuery,cn.nc.issuance.book.dcm.query.facade.controller.querystatistics.BookBuildResultQueryController,bookBuildResultQuery,1,1
cn.nc.issuance.book.dcm.query.facade.controller.inquiry.SelectInquiryDetailController#doService,cn.nc.issuance.book.dcm.query.facade.controller.inquiry.SelectInquiryDetailController,doService,2,1
cn.nc.issuance.dist.facade.controller.DistributionBackController#handle,cn.nc.issuance.dist.facade.controller.DistributionBackController,handle,1,1
cn.nc.issuance.book.dcm.query.facade.controller.querystatistics.BookBuildResultExportController#bookBuildResultExport,cn.nc.issuance.book.dcm.query.facade.controller.querystatistics.BookBuildResultExportController,bookBuildResultExport,1,1
cn.nc.user.magnifier.facade.controller.IssuanceInstMagnifierListController#issuanceInstMagnifierList,cn.nc.user.magnifier.facade.controller.IssuanceInstMagnifierListController,issuanceInstMagnifierList,1,1
cn.nc.issuance.book.dcm.facade.controller.bondjoinoperate.BondJoinOperatorController#handle,cn.nc.issuance.book.dcm.facade.controller.bondjoinoperate.BondJoinOperatorController,handle,1,1
cn.nc.issuance.book.dcm.facade.controller.reservationmanage.ReservationManageSaveController#handle,cn.nc.issuance.book.dcm.facade.controller.reservationmanage.ReservationManageSaveController,handle,1,1
cn.nc.user.external.facade.controller.InstRoleListController#doService,cn.nc.user.external.facade.controller.InstRoleListController,doService,3,2
cn.nc.issuance.book.dcm.query.facade.controller.systemadmin.BookAccountsDetailQueryController#doService,cn.nc.issuance.book.dcm.query.facade.controller.systemadmin.BookAccountsDetailQueryController,doService,3,2
cn.nc.issuance.book.dcm.facade.controller.pricingplacing.PricingPlacingPreviewPublishNoticeController#handle,cn.nc.issuance.book.dcm.facade.controller.pricingplacing.PricingPlacingPreviewPublishNoticeController,handle,1,1
cn.nc.user.inst.facade.controller.QueryInstInfoListController#queryInstInfoList,cn.nc.user.inst.facade.controller.QueryInstInfoListController,queryInstInfoList,1,1
cn.nc.user.reguser.facade.controller.UserPwdModifyController#changeUserPassword,cn.nc.user.reguser.facade.controller.UserPwdModifyController,changeUserPassword,1,1
cn.nc.issuance.bid.facade.controller.shchTenderMgmt.ExportBondPriceInfoController#doService,cn.nc.issuance.bid.facade.controller.shchTenderMgmt.ExportBondPriceInfoController,doService,2,17
cn.nc.issuance.dist.facade.controller.DistBillsDownLoadController#handle,cn.nc.issuance.dist.facade.controller.DistBillsDownLoadController,handle,1,1
cn.nc.channel.backend.facade.controller.DistributableBondController#doService,cn.nc.channel.backend.facade.controller.DistributableBondController,doService,3,6
cn.nc.issuance.book.dcm.query.facade.controller.querystatistics.QueryWinBiddingOrganDetailController#doService,cn.nc.issuance.book.dcm.query.facade.controller.querystatistics.QueryWinBiddingOrganDetailController,doService,1,1
cn.nc.operation.task.engine.controller.BusinessTaskClaimController#claim,cn.nc.operation.task.engine.controller.BusinessTaskClaimController,claim,1,1
cn.nc.starter.file.controller.FileStorageController#downloadProgress,cn.nc.starter.file.controller.FileStorageController,downloadProgress,1,4
cn.nc.pub.msg.facade.controller.send.SendSmsController#doService,cn.nc.pub.msg.facade.controller.send.SendSmsController,doService,22,81
cn.nc.user.archive.facade.controller.GetUnArchivedController#getUnArchived,cn.nc.user.archive.facade.controller.GetUnArchivedController,getUnArchived,1,1
cn.nc.channel.backend.facade.controller.ImageStorageDownloadController#doService,cn.nc.channel.backend.facade.controller.ImageStorageDownloadController,doService,3,11
cn.nc.issuance.common.facade.controller.RoleMenuRelationDeleteController#doService,cn.nc.issuance.common.facade.controller.RoleMenuRelationDeleteController,doService,8,22
cn.nc.channel.backend.facade.controller.ConcernCrmwQueryController#concernCrmwQuery,cn.nc.channel.backend.facade.controller.ConcernCrmwQueryController,concernCrmwQuery,1,1
cn.nc.issuance.book.dcm.query.facade.controller.bondadjustorder.BondAdjustOrderTimeInitController#doService,cn.nc.issuance.book.dcm.query.facade.controller.bondadjustorder.BondAdjustOrderTimeInitController,doService,4,2
cn.nc.user.position.facade.controller.center.CenterPositionListController#doService,cn.nc.user.position.facade.controller.center.CenterPositionListController,doService,2,1
cn.nc.pub.msg.facade.controller.setting.MsgSendOperatorSaveController#saveOrUpdate,cn.nc.pub.msg.facade.controller.setting.MsgSendOperatorSaveController,saveOrUpdate,1,1
cn.nc.user.position.facade.controller.center.CenterPositionHisApprovedController#handle,cn.nc.user.position.facade.controller.center.CenterPositionHisApprovedController,handle,1,1
cn.nc.issuance.book.dcm.query.facade.controller.bondAdd.BondAppTypeListController#doService,cn.nc.issuance.book.dcm.query.facade.controller.bondAdd.BondAppTypeListController,doService,1,1
cn.nc.user.ukey.facade.controller.GetUkeyMaintainHisDetailsController#getUkeyMaintainHisDetails,cn.nc.user.ukey.facade.controller.GetUkeyMaintainHisDetailsController,getUkeyMaintainHisDetails,1,1
cn.nc.user.conf.facade.controller.CenterConfInstFieldListController#doService,cn.nc.user.conf.facade.controller.CenterConfInstFieldListController,doService,3,2
cn.nc.issuance.bid.facade.controller.shchTenderMgmt.TiShchBondPublishController#publishBondInfo,cn.nc.issuance.bid.facade.controller.shchTenderMgmt.TiShchBondPublishController,publishBondInfo,1,1
cn.nc.pub.msg.facade.controller.parameterRule.ParameterRuleSubmitController#doService,cn.nc.pub.msg.facade.controller.parameterRule.ParameterRuleSubmitController,doService,4,3
cn.nc.pub.msg.facade.controller.outside.PubProductParameterListQueryController#doService,cn.nc.pub.msg.facade.controller.outside.PubProductParameterListQueryController,doService,1,1
cn.nc.issuance.book.dcm.query.facade.controller.dcmbondadmin.BondSendProductInfoController#doService,cn.nc.issuance.book.dcm.query.facade.controller.dcmbondadmin.BondSendProductInfoController,doService,2,1
cn.nc.user.ukey.facade.controller.UkeyMaintainHisClientBatchApprovalRefuseController#doService,cn.nc.user.ukey.facade.controller.UkeyMaintainHisClientBatchApprovalRefuseController,doService,5,16
cn.nc.user.summary.facede.comtroller.ExportUserWorkDetailController#exportUserWorkDetail,cn.nc.user.summary.facede.comtroller.ExportUserWorkDetailController,exportUserWorkDetail,10,25
cn.nc.user.staff.facade.controller.in.UserFindInfoByTokenController#doService,cn.nc.user.staff.facade.controller.in.UserFindInfoByTokenController,doService,6,7
cn.nc.user.inst.facade.controller.QueryInstListController#queryInstList,cn.nc.user.inst.facade.controller.QueryInstListController,queryInstList,1,1
cn.nc.user.conf.facade.controller.ClientUserPermissionController#clientUserPermission,cn.nc.user.conf.facade.controller.ClientUserPermissionController,clientUserPermission,1,1
cn.nc.issuance.book.dcm.query.facade.controller.bondAdd.BondMenuListController#doService,cn.nc.issuance.book.dcm.query.facade.controller.bondAdd.BondMenuListController,doService,1,1
cn.nc.issuance.dist.facade.controller.DistributionSingleDownloadFileController#doService,cn.nc.issuance.dist.facade.controller.DistributionSingleDownloadFileController,doService,1,1
cn.nc.issuance.dist.facade.controller.SimDistInfoDelController#handle,cn.nc.issuance.dist.facade.controller.SimDistInfoDelController,handle,1,1
cn.nc.issuance.common.facade.controller.PublisherSubscribeWhiteListController#handle,cn.nc.issuance.common.facade.controller.PublisherSubscribeWhiteListController,handle,1,1
cn.nc.channel.mix.controller.channel.subscribe.QueryFinancialIssuableBondsController#doService,cn.nc.channel.mix.controller.channel.subscribe.QueryFinancialIssuableBondsController,doService,3,2
cn.nc.issuance.dist.facade.controller.DistHisAgreementDetailController#doService,cn.nc.issuance.dist.facade.controller.DistHisAgreementDetailController,doService,10,37
cn.nc.issuance.book.dcm.facade.controller.directinvestor.whitelist.AccountWlStatusUpdateController#doService,cn.nc.issuance.book.dcm.facade.controller.directinvestor.whitelist.AccountWlStatusUpdateController,doService,2,1
cn.nc.user.reguser.facade.controller.SendCheckcodeController#sendCheckcode,cn.nc.user.reguser.facade.controller.SendCheckcodeController,sendCheckcode,1,1
cn.nc.issuance.book.dcm.facade.controller.group.GroupCancelAssignlinkClickController#doService,cn.nc.issuance.book.dcm.facade.controller.group.GroupCancelAssignlinkClickController,doService,2,1
cn.nc.issuance.book.dcm.facade.controller.bondadjustorder.BondAdjustOrderauditTimeController#handle,cn.nc.issuance.book.dcm.facade.controller.bondadjustorder.BondAdjustOrderauditTimeController,handle,1,1
cn.nc.user.external.facade.controller.InstBatchRoleController#getInstBatchRoleList,cn.nc.user.external.facade.controller.InstBatchRoleController,getInstBatchRoleList,1,1
cn.nc.user.label.facade.controller.LabelAddController#handle,cn.nc.user.label.facade.controller.LabelAddController,handle,1,1
cn.nc.channel.backend.facade.controller.ConcernFinancialBondController#doService,cn.nc.channel.backend.facade.controller.ConcernFinancialBondController,doService,4,8
cn.nc.pub.msg.facade.controller.setting.MsgBizSystemCheckController#doService,cn.nc.pub.msg.facade.controller.setting.MsgBizSystemCheckController,doService,3,8
cn.nc.user.position.facade.controller.center.CenterPositionHisModifyRecordController#doService,cn.nc.user.position.facade.controller.center.CenterPositionHisModifyRecordController,doService,3,11
cn.nc.channel.backend.facade.controller.LayoutChangeRemindController#doService,cn.nc.channel.backend.facade.controller.LayoutChangeRemindController,doService,5,8
cn.nc.operation.base.facade.controller.work.WorkingScheduleDeleteController#doService,cn.nc.operation.base.facade.controller.work.WorkingScheduleDeleteController,doService,3,20
cn.nc.issuance.bid.facade.controller.biddingManagement.queryBidding.ExportBiddingController#handle,cn.nc.issuance.bid.facade.controller.biddingManagement.queryBidding.ExportBiddingController,handle,1,1
cn.nc.user.staff.facade.controller.MenuTreeListByPermissionIdListController#doService,cn.nc.user.staff.facade.controller.MenuTreeListByPermissionIdListController,doService,4,10
cn.nc.issuance.book.dcm.facade.controller.external.DCMForExternalWhiteListResultController#recShchPrimaryWhiteListResultInfo,cn.nc.issuance.book.dcm.facade.controller.external.DCMForExternalWhiteListResultController,recShchPrimaryWhiteListResultInfo,1,1
cn.nc.operation.base.facade.controller.notice.NoticeCancelController#cancelNotice,cn.nc.operation.base.facade.controller.notice.NoticeCancelController,cancelNotice,1,1
cn.nc.issuance.bid.facade.controller.shchTenderMgmt.QueryHisTiBondInfoController#doService,cn.nc.issuance.bid.facade.controller.shchTenderMgmt.QueryHisTiBondInfoController,doService,3,3
cn.nc.issuance.book.dcm.query.facade.controller.querystatistics.ExportPublishBondInfoTotalController#doService,cn.nc.issuance.book.dcm.query.facade.controller.querystatistics.ExportPublishBondInfoTotalController,doService,1,1
cn.nc.channel.backend.facade.controller.UserSearchEntranceController#userQueryEntrance,cn.nc.channel.backend.facade.controller.UserSearchEntranceController,userQueryEntrance,1,1
cn.nc.user.ukey.facade.controller.QueryUkeyApplyReceiverController#queryUkeyApplyReceiverList,cn.nc.user.ukey.facade.controller.QueryUkeyApplyReceiverController,queryUkeyApplyReceiverList,1,1
cn.nc.issuance.book.dcm.facade.controller.bondadjustorder.BondAdjustOrderModifyTimeController#doService,cn.nc.issuance.book.dcm.facade.controller.bondadjustorder.BondAdjustOrderModifyTimeController,doService,2,1
cn.nc.user.seal.facade.controller.GetSealCompareController#getSealCompareDetails,cn.nc.user.seal.facade.controller.GetSealCompareController,getSealCompareDetails,1,1
cn.nc.issuance.book.dcm.query.facade.controller.bondAdd.BondConsignModeListController#doService,cn.nc.issuance.book.dcm.query.facade.controller.bondAdd.BondConsignModeListController,doService,1,1
cn.nc.user.ukey.facade.controller.UkeyMaintainHisClientModifySaveController#ukeyMaintainHisModifySave,cn.nc.user.ukey.facade.controller.UkeyMaintainHisClientModifySaveController,ukeyMaintainHisModifySave,1,1
cn.nc.issuance.book.dcm.query.facade.controller.issueamountadjust.PurchaseDetailExportController#doService,cn.nc.issuance.book.dcm.query.facade.controller.issueamountadjust.PurchaseDetailExportController,doService,1,1
cn.nc.channel.msg.facade.controller.NoticeCancelController#doService,cn.nc.channel.msg.facade.controller.NoticeCancelController,doService,2,1
cn.nc.issuance.common.facade.controller.VerFormsToSendSHCHQueryController#handle,cn.nc.issuance.common.facade.controller.VerFormsToSendSHCHQueryController,handle,1,1
cn.nc.pub.wkcl.facade.controller.legal.LegalCalSelectController#doService,cn.nc.pub.wkcl.facade.controller.legal.LegalCalSelectController,doService,3,3
cn.nc.user.position.facade.controller.center.CenterPositionPermissionListController#doService,cn.nc.user.position.facade.controller.center.CenterPositionPermissionListController,doService,4,7
cn.nc.user.conf.facade.CenterSysConfigFieldBatchDeleteController#sysConfigFieldBatchDelete,cn.nc.user.conf.facade.CenterSysConfigFieldBatchDeleteController,sysConfigFieldBatchDelete,1,1
cn.nc.issuance.book.dcm.query.facade.controller.systemadmin.SendPurchaseResultQueryController#doService,cn.nc.issuance.book.dcm.query.facade.controller.systemadmin.SendPurchaseResultQueryController,doService,4,13
cn.nc.user.position.facade.controller.center.CenterPositionHisDeleteController#handle,cn.nc.user.position.facade.controller.center.CenterPositionHisDeleteController,handle,1,1
cn.nc.user.instuser.facade.controller.StopOrEnableInstUserController#doService,cn.nc.user.instuser.facade.controller.StopOrEnableInstUserController,doService,3,17
cn.nc.operation.base.facade.controller.statistic.BondApproveQueryController#doService,cn.nc.operation.base.facade.controller.statistic.BondApproveQueryController,doService,3,4
cn.nc.user.reguser.facade.controller.UserBindMobileController#doService,cn.nc.user.reguser.facade.controller.UserBindMobileController,doService,3,5
cn.nc.channel.backend.facade.controller.DebtInstDailyGroupQueryController#doService,cn.nc.channel.backend.facade.controller.DebtInstDailyGroupQueryController,doService,3,6
cn.nc.issuance.common.facade.controller.ErrorInfoModifyController#handle,cn.nc.issuance.common.facade.controller.ErrorInfoModifyController,handle,1,1
cn.nc.user.instuser.facade.controller.ApprovePassThirdUserApplyController#approvePassInstThirdUserApply,cn.nc.user.instuser.facade.controller.ApprovePassThirdUserApplyController,approvePassInstThirdUserApply,1,1
cn.nc.pub.msg.facade.controller.log.EmailRecordQueryController#doService,cn.nc.pub.msg.facade.controller.log.EmailRecordQueryController,doService,3,6
cn.nc.issuance.book.dcm.query.facade.controller.querystatistics.QueryMonthReportResultController#doService,cn.nc.issuance.book.dcm.query.facade.controller.querystatistics.QueryMonthReportResultController,doService,1,1
cn.nc.issuance.book.dcm.query.facade.controller.querystatistics.ExportBondStatisticsAnalysisController#doService,cn.nc.issuance.book.dcm.query.facade.controller.querystatistics.ExportBondStatisticsAnalysisController,doService,2,10
cn.nc.operation.base.facade.controller.task.TaskQueryTodoCountController#doService,cn.nc.operation.base.facade.controller.task.TaskQueryTodoCountController,doService,3,4
cn.nc.issuance.book.dcm.facade.controller.informationservice.ExerciseRemindersLinkController#handle,cn.nc.issuance.book.dcm.facade.controller.informationservice.ExerciseRemindersLinkController,handle,1,1
cn.nc.channel.mix.controller.channel.subscribe.QueryGroupBondsController#queryGroupBonds,cn.nc.channel.mix.controller.channel.subscribe.QueryGroupBondsController,queryGroupBonds,1,1
cn.nc.operation.base.facade.controller.task.QueryBusinessTypeController#save,cn.nc.operation.base.facade.controller.task.QueryBusinessTypeController,save,1,1
cn.nc.user.seal.facade.controller.SealHisClientDeleteController#sealHisDelete,cn.nc.user.seal.facade.controller.SealHisClientDeleteController,sealHisDelete,1,1
cn.nc.user.ukey.facade.controller.UkeyMaintainHisClientApprovalPassController#doService,cn.nc.user.ukey.facade.controller.UkeyMaintainHisClientApprovalPassController,doService,2,3
cn.nc.issuance.book.dcm.query.facade.controller.unannounced.UnAnnounceQueryInquireController#handle,cn.nc.issuance.book.dcm.query.facade.controller.unannounced.UnAnnounceQueryInquireController,handle,1,1
cn.nc.issuance.book.dcm.query.facade.controller.bond.SimBondInfoQueryController#doService,cn.nc.issuance.book.dcm.query.facade.controller.bond.SimBondInfoQueryController,doService,2,1
cn.nc.channel.mix.controller.issuance.QueryConsignGroupListController#doService,cn.nc.channel.mix.controller.issuance.QueryConsignGroupListController,doService,4,9
cn.nc.issuance.book.dcm.query.facade.controller.systemadmin.BookLocalAppointmentExportController#doService,cn.nc.issuance.book.dcm.query.facade.controller.systemadmin.BookLocalAppointmentExportController,doService,4,16
cn.nc.issuance.book.dcm.facade.controller.external.DCMForExternalRecNoticeDiscloseController#reNoticeDiscloseInfo,cn.nc.issuance.book.dcm.facade.controller.external.DCMForExternalRecNoticeDiscloseController,reNoticeDiscloseInfo,1,1
cn.nc.pub.msg.facade.controller.productInstance.ProductInstanceListQueryController#doService,cn.nc.pub.msg.facade.controller.productInstance.ProductInstanceListQueryController,doService,2,2
cn.nc.channel.auth.inner.facade.controller.AuthLoginPublicKeyController#handle,cn.nc.channel.auth.inner.facade.controller.AuthLoginPublicKeyController,handle,1,1
cn.nc.channel.backend.facade.controller.ComponentConfigSaveController#cmptConfigSaveOrUpdate,cn.nc.channel.backend.facade.controller.ComponentConfigSaveController,cmptConfigSaveOrUpdate,1,1
cn.nc.channel.mix.controller.channel.issuedbond.QueryIssuedCrmwController#doService,cn.nc.channel.mix.controller.channel.issuedbond.QueryIssuedCrmwController,doService,3,2
cn.nc.issuance.common.facade.controller.SysDictionarySubListController#handle,cn.nc.issuance.common.facade.controller.SysDictionarySubListController,handle,1,1
cn.nc.issuance.book.dcm.facade.controller.job.threepartyunannouncedbond.IsemBondInitSourceController#handle,cn.nc.issuance.book.dcm.facade.controller.job.threepartyunannouncedbond.IsemBondInitSourceController,handle,1,1
cn.nc.user.conf.facade.CenterSysBusinessRoleSaveController#doService,cn.nc.user.conf.facade.CenterSysBusinessRoleSaveController,doService,23,90
cn.nc.issuance.book.dcm.query.facade.controller.groupSet.GroupMemberController#doService,cn.nc.issuance.book.dcm.query.facade.controller.groupSet.GroupMemberController,doService,4,7
cn.nc.channel.mix.controller.channel.subscribe.QueryPurchasedBondsController#queryPurchasedBonds,cn.nc.channel.mix.controller.channel.subscribe.QueryPurchasedBondsController,queryPurchasedBonds,1,1
cn.nc.operation.base.facade.controller.task.TaskQueryClaimedController#doService,cn.nc.operation.base.facade.controller.task.TaskQueryClaimedController,doService,4,9
cn.nc.pub.msg.facade.controller.log.AuditLogQueryController#queryPage,cn.nc.pub.msg.facade.controller.log.AuditLogQueryController,queryPage,1,1
cn.nc.issuance.book.dcm.query.facade.controller.purchaseOffer.PurchaseOfferExprotExQueController#handle,cn.nc.issuance.book.dcm.query.facade.controller.purchaseOffer.PurchaseOfferExprotExQueController,handle,1,1
cn.nc.issuance.book.dcm.facade.controller.purchaseorder.PurchaseOrderAddController#handle,cn.nc.issuance.book.dcm.facade.controller.purchaseorder.PurchaseOrderAddController,handle,1,1
cn.nc.user.cfaeacct.facade.controller.CenterCfaeAcctApproveReturnController#cfaeAcctApproveReturnCenter,cn.nc.user.cfaeacct.facade.controller.CenterCfaeAcctApproveReturnController,cfaeAcctApproveReturnCenter,1,1
cn.nc.user.staff.facade.controller.in.PositionAddController#handle,cn.nc.user.staff.facade.controller.in.PositionAddController,handle,1,1
cn.nc.issuance.book.dcm.facade.controller.external.DCMForExternalWhiteListResultController#doService,cn.nc.issuance.book.dcm.facade.controller.external.DCMForExternalWhiteListResultController,doService,8,37
cn.nc.issuance.book.dcm.query.facade.controller.magnifier.ApplicantAccountQueryController#handle,cn.nc.issuance.book.dcm.query.facade.controller.magnifier.ApplicantAccountQueryController,handle,1,1
cn.nc.channel.backend.facade.controller.CrmwOnSaleQueryController#crmwOnSaleQuery,cn.nc.channel.backend.facade.controller.CrmwOnSaleQueryController,crmwOnSaleQuery,1,1
cn.nc.user.conf.facade.controller.CenterConfBusinessRoleListController#doService,cn.nc.user.conf.facade.controller.CenterConfBusinessRoleListController,doService,3,6
cn.nc.issuance.bid.facade.controller.bondccdc.SaveBondInfoCcdcController#handle,cn.nc.issuance.bid.facade.controller.bondccdc.SaveBondInfoCcdcController,handle,1,1
cn.nc.issuance.bid.facade.controller.biddingresultMgmt.AdjustPlacingResultController#adjustPlacingResult,cn.nc.issuance.bid.facade.controller.biddingresultMgmt.AdjustPlacingResultController,adjustPlacingResult,1,1
cn.nc.issuance.book.dcm.facade.controller.querystatistics.BondGroupFeePaymentUpdateController#doService,cn.nc.issuance.book.dcm.facade.controller.querystatistics.BondGroupFeePaymentUpdateController,doService,8,28
cn.nc.pub.wkcl.facade.controller.log.AuditLogQueryController#queryPage,cn.nc.pub.wkcl.facade.controller.log.AuditLogQueryController,queryPage,1,1
cn.nc.user.staff.facade.controller.ResourceModifyController#handle,cn.nc.user.staff.facade.controller.ResourceModifyController,handle,1,1
cn.nc.channel.auth.outer.facade.controller.AppQrResultSseController#connect,cn.nc.channel.auth.outer.facade.controller.AppQrResultSseController,connect,1,1
cn.nc.issuance.book.dcm.facade.controller.consignpercent.ConsignPercentRevokeController#handle,cn.nc.issuance.book.dcm.facade.controller.consignpercent.ConsignPercentRevokeController,handle,1,1
cn.nc.channel.mix.controller.channel.dist.QueryDistRecordController#queryDistRecord,cn.nc.channel.mix.controller.channel.dist.QueryDistRecordController,queryDistRecord,1,1
cn.nc.channel.mix.controller.channel.statistic.QueryInstitutionFinancialBondUnderwritingStatsController#doService,cn.nc.channel.mix.controller.channel.statistic.QueryInstitutionFinancialBondUnderwritingStatsController,doService,3,25
cn.nc.user.instoperuser.facade.controller.StopOrEnableInstOperController#stopOrEnableInstOper,cn.nc.user.instoperuser.facade.controller.StopOrEnableInstOperController,stopOrEnableInstOper,1,1
cn.nc.issuance.book.dcm.query.service.dto.GroupCheckIsWhiteListController#handle,cn.nc.issuance.book.dcm.query.service.dto.GroupCheckIsWhiteListController,handle,1,1
cn.nc.user.ukey.facade.controller.UkeyMaintainHisClientBatchDeleteController#doService,cn.nc.user.ukey.facade.controller.UkeyMaintainHisClientBatchDeleteController,doService,4,16
cn.nc.issuance.dist.facade.controller.external.DCMForExternalAbolitionInitiateController#doService,cn.nc.issuance.dist.facade.controller.external.DCMForExternalAbolitionInitiateController,doService,2,12
cn.nc.issuance.book.dcm.facade.controller.unAnnounced.CreditReportGenerateController#doService,cn.nc.issuance.book.dcm.facade.controller.unAnnounced.CreditReportGenerateController,doService,1,1
cn.nc.issuance.book.dcm.query.facade.controller.magnifier.BankListQueryController#handle,cn.nc.issuance.book.dcm.query.facade.controller.magnifier.BankListQueryController,handle,1,1
cn.nc.channel.mix.controller.channel.dist.QueryCompletedDistBondController#doService,cn.nc.channel.mix.controller.channel.dist.QueryCompletedDistBondController,doService,4,23
cn.nc.pub.msg.facade.controller.send.StartSmsListenerController#doService,cn.nc.pub.msg.facade.controller.send.StartSmsListenerController,doService,16,43
cn.nc.operation.base.facade.controller.work.WorkingScheduleQueryLoginUserMembersUnclaimedDashboardController#queryLoginUserMembersUnclaimedDashboard,cn.nc.operation.base.facade.controller.work.WorkingScheduleQueryLoginUserMembersUnclaimedDashboardController,queryLoginUserMembersUnclaimedDashboard,1,1
cn.nc.user.conf.facade.controller.CenterConfAccountDynamicFieldsByInstIdController#doService,cn.nc.user.conf.facade.controller.CenterConfAccountDynamicFieldsByInstIdController,doService,3,8
cn.nc.user.reguser.facade.controller.TurnUserIdentifyController#turnUserIdentify,cn.nc.user.reguser.facade.controller.TurnUserIdentifyController,turnUserIdentify,1,1
cn.nc.issuance.book.dcm.facade.controller.modifyinterimbondinfo.ModifyInterimBondAuditController#handle,cn.nc.issuance.book.dcm.facade.controller.modifyinterimbondinfo.ModifyInterimBondAuditController,handle,1,1
cn.nc.issuance.book.dcm.query.facade.controller.InvestorQueryByIdController#handle,cn.nc.issuance.book.dcm.query.facade.controller.InvestorQueryByIdController,handle,1,1
cn.nc.issuance.bid.facade.controller.shchTenderMgmt.QueryBidMembersController#queryBidMembers,cn.nc.issuance.bid.facade.controller.shchTenderMgmt.QueryBidMembersController,queryBidMembers,1,1
cn.nc.pub.msg.facade.controller.common.DownloadTemplateController#download,cn.nc.pub.msg.facade.controller.common.DownloadTemplateController,download,1,1
cn.nc.user.seal.facade.controller.QuerySealHisController#doService,cn.nc.user.seal.facade.controller.QuerySealHisController,doService,4,35
cn.nc.user.seal.facade.controller.SealHisClientModifySaveController#doService,cn.nc.user.seal.facade.controller.SealHisClientModifySaveController,doService,6,24
cn.nc.issuance.book.dcm.query.facade.controller.querystatistics.BookProcessAdjustDetailQueryController#doService,cn.nc.issuance.book.dcm.query.facade.controller.querystatistics.BookProcessAdjustDetailQueryController,doService,3,2
cn.nc.user.cfaeacct.facade.controller.CenterCfaeAcctCompareController#centerCfaeAcctCapitalQueryList,cn.nc.user.cfaeacct.facade.controller.CenterCfaeAcctCompareController,centerCfaeAcctCapitalQueryList,1,1
cn.nc.user.summary.facede.comtroller.InnerUserWorkDetailController#getInnerUserDetail,cn.nc.user.summary.facede.comtroller.InnerUserWorkDetailController,getInnerUserDetail,1,1
cn.nc.user.inst.facade.controller.InstInfoHisCenterApprovalPassController#instMaintainHisApprovalPass,cn.nc.user.inst.facade.controller.InstInfoHisCenterApprovalPassController,instMaintainHisApprovalPass,1,1
cn.nc.channel.backend.facade.controller.DebtInstInvestorQueryController#debtInstInvestorQuery,cn.nc.channel.backend.facade.controller.DebtInstInvestorQueryController,debtInstInvestorQuery,1,1
cn.nc.issuance.book.dcm.query.facade.controller.directinvestor.DirectInvestorAuthFilePreviewController#doService,cn.nc.issuance.book.dcm.query.facade.controller.directinvestor.DirectInvestorAuthFilePreviewController,doService,3,2
cn.nc.issuance.book.dcm.query.facade.controller.systemadmin.SendPurchaseDetailQueryController#doService,cn.nc.issuance.book.dcm.query.facade.controller.systemadmin.SendPurchaseDetailQueryController,doService,4,15
cn.nc.issuance.book.dcm.query.facade.controller.querystatistics.BondGroupFeeBondQueryController#doService,cn.nc.issuance.book.dcm.query.facade.controller.querystatistics.BondGroupFeeBondQueryController,doService,2,1
cn.nc.pub.msg.facade.controller.outside.PubBookFinCcdcProductInstanceReceiveController#receiveBookFinCcdcProductInstance,cn.nc.pub.msg.facade.controller.outside.PubBookFinCcdcProductInstanceReceiveController,receiveBookFinCcdcProductInstance,1,1
cn.nc.user.external.facade.controller.InstOperListController#getInstUserOperList,cn.nc.user.external.facade.controller.InstOperListController,getInstUserOperList,1,1
cn.nc.issuance.book.dcm.query.facade.controller.systemadmin.BussinessAllBillsDownLoadController#handle,cn.nc.issuance.book.dcm.query.facade.controller.systemadmin.BussinessAllBillsDownLoadController,handle,1,1
cn.nc.issuance.book.dcm.query.facade.controller.hisinfoquery.SendRegistrationNoticeHisQueryController#doService,cn.nc.issuance.book.dcm.query.facade.controller.hisinfoquery.SendRegistrationNoticeHisQueryController,doService,3,3
cn.nc.issuance.book.dcm.query.facade.controller.bondAdd.BondQueryEmergController#handle,cn.nc.issuance.book.dcm.query.facade.controller.bondAdd.BondQueryEmergController,handle,1,1
cn.nc.user.centerorgquery.controller.QueryInstUserRoleIdListController#queryInstUserHasRoleIdList,cn.nc.user.centerorgquery.controller.QueryInstUserRoleIdListController,queryInstUserHasRoleIdList,1,1
cn.nc.user.instacct.controller.AddInstLargeAcctController#addInstLargeAcct,cn.nc.user.instacct.controller.AddInstLargeAcctController,addInstLargeAcct,1,1
cn.nc.issuance.book.dcm.facade.controller.bondadjustorder.BondAdjustOrderAddRateController#handle,cn.nc.issuance.book.dcm.facade.controller.bondadjustorder.BondAdjustOrderAddRateController,handle,1,1
cn.nc.issuance.book.dcm.query.facade.controller.pricingplacing.ReachedTypeListController#handle,cn.nc.issuance.book.dcm.query.facade.controller.pricingplacing.ReachedTypeListController,handle,1,1
cn.nc.operation.base.facade.controller.menu.FavoriteMenuQueryController#doService,cn.nc.operation.base.facade.controller.menu.FavoriteMenuQueryController,doService,2,3
cn.nc.issuance.book.dcm.facade.controller.systemadmin.AdvertisingPositionModifyController#doService,cn.nc.issuance.book.dcm.facade.controller.systemadmin.AdvertisingPositionModifyController,doService,7,38
cn.nc.issuance.bid.facade.controller.biddingManagement.bidSuppAdmi.SaveAdditionController#handle,cn.nc.issuance.bid.facade.controller.biddingManagement.bidSuppAdmi.SaveAdditionController,handle,1,1
cn.nc.issuance.book.dcm.facade.controller.bondauthorize.BondAuthorizeAddController#handle,cn.nc.issuance.book.dcm.facade.controller.bondauthorize.BondAuthorizeAddController,handle,1,1
cn.nc.pub.wkcl.facade.controller.trade.TradeCalDeleteController#delete,cn.nc.pub.wkcl.facade.controller.trade.TradeCalDeleteController,delete,1,1
cn.nc.user.clientinstuseroperator.controller.OuterInstUserListController#doService,cn.nc.user.clientinstuseroperator.controller.OuterInstUserListController,doService,5,12
cn.nc.issuance.book.dcm.facade.controller.group.GroupCheckBondPublishTypeController#handle,cn.nc.issuance.book.dcm.facade.controller.group.GroupCheckBondPublishTypeController,handle,1,1
cn.nc.issuance.book.dcm.facade.controller.systemadmin.AdvertisingPositionTempSaveController#doService,cn.nc.issuance.book.dcm.facade.controller.systemadmin.AdvertisingPositionTempSaveController,doService,8,42
cn.nc.channel.mix.controller.issuance.QueryPlacingBondController#queryPlacingBond,cn.nc.channel.mix.controller.issuance.QueryPlacingBondController,queryPlacingBond,1,1
cn.nc.issuance.book.dcm.facade.controller.automaticDisclosure.AutomaticDisclosureFileExistOrNotCheckController#doService,cn.nc.issuance.book.dcm.facade.controller.automaticDisclosure.AutomaticDisclosureFileExistOrNotCheckController,doService,2,1
cn.nc.issuance.book.dcm.facade.controller.pricingplacing.PricingExclusiveSalesControlle#doService,cn.nc.issuance.book.dcm.facade.controller.pricingplacing.PricingExclusiveSalesControlle,doService,8,17
cn.nc.issuance.book.dcm.query.facade.controller.querystatistics.ExportThirdRelationStaticsController#handle,cn.nc.issuance.book.dcm.query.facade.controller.querystatistics.ExportThirdRelationStaticsController,handle,1,1
cn.nc.issuance.book.dcm.query.facade.controller.querystatistics.UnderWritingRatioChangeOptQueryController#doService,cn.nc.issuance.book.dcm.query.facade.controller.querystatistics.UnderWritingRatioChangeOptQueryController,doService,2,1
cn.nc.channel.mix.controller.channel.selfbond.QueryInstitutionHistoricalCrmwController#doService,cn.nc.channel.mix.controller.channel.selfbond.QueryInstitutionHistoricalCrmwController,doService,3,2
cn.nc.issuance.book.dcm.query.facade.controller.reservationmanage.ReservationManagerRelationTimeController#handle,cn.nc.issuance.book.dcm.query.facade.controller.reservationmanage.ReservationManagerRelationTimeController,handle,1,1
cn.nc.issuance.book.dcm.query.facade.controller.bondAdd.BondContactListController#doService,cn.nc.issuance.book.dcm.query.facade.controller.bondAdd.BondContactListController,doService,1,1
cn.nc.user.reguser.facade.controller.UnbindThirdUserRelRegUserController#doService,cn.nc.user.reguser.facade.controller.UnbindThirdUserRelRegUserController,doService,3,2
cn.nc.issuance.book.dcm.query.facade.controller.DistHisResultQueryController#doService,cn.nc.issuance.book.dcm.query.facade.controller.DistHisResultQueryController,doService,3,3
cn.nc.issuance.common.facade.controller.VerFormsToSendSHCHExController#handle,cn.nc.issuance.common.facade.controller.VerFormsToSendSHCHExController,handle,1,1
cn.nc.starter.file.controller.FileStorageController#getFileInfoById,cn.nc.starter.file.controller.FileStorageController,getFileInfoById,3,5
cn.nc.issuance.book.dcm.facade.controller.external.DCMForExternalEnquiryController#send,cn.nc.issuance.book.dcm.facade.controller.external.DCMForExternalEnquiryController,send,1,1
cn.nc.issuance.book.dcm.facade.controller.systemadmin.BookLocalAppointmentAuditController#handle,cn.nc.issuance.book.dcm.facade.controller.systemadmin.BookLocalAppointmentAuditController,handle,1,1
cn.nc.issuance.common.facade.controller.PublisherSubscribeWhiteAddController#handle,cn.nc.issuance.common.facade.controller.PublisherSubscribeWhiteAddController,handle,1,1
cn.nc.issuance.common.facade.controller.RoleMenuRelationModifyController#doService,cn.nc.issuance.common.facade.controller.RoleMenuRelationModifyController,doService,4,9
cn.nc.issuance.bid.facade.controller.shchTenderMgmt.QueryHisBidMembersController#doService,cn.nc.issuance.bid.facade.controller.shchTenderMgmt.QueryHisBidMembersController,doService,3,3
cn.nc.issuance.book.dcm.facade.controller.pricingplacing.PricingPlacingUpdateDetailConfirmController#handle,cn.nc.issuance.book.dcm.facade.controller.pricingplacing.PricingPlacingUpdateDetailConfirmController,handle,1,1
cn.nc.issuance.book.dcm.query.facade.controller.querystatistics.CheckBondInfoExportController#handle,cn.nc.issuance.book.dcm.query.facade.controller.querystatistics.CheckBondInfoExportController,handle,1,1
cn.nc.user.position.facade.controller.center.CenterPositionHisOwnerListController#handle,cn.nc.user.position.facade.controller.center.CenterPositionHisOwnerListController,handle,1,1
cn.nc.issuance.book.dcm.query.facade.controller.informationservice.SmartInterFlowPlatformLinkController#handle,cn.nc.issuance.book.dcm.query.facade.controller.informationservice.SmartInterFlowPlatformLinkController,handle,1,1
cn.nc.issuance.book.dcm.query.facade.controller.querystatistics.ExportPublishedBondInfoController#handle,cn.nc.issuance.book.dcm.query.facade.controller.querystatistics.ExportPublishedBondInfoController,handle,1,1
cn.nc.issuance.book.dcm.query.facade.controller.directinvestor.whitelist.nx.AccountWlDownLoadController#accountWhiteListDownLoad,cn.nc.issuance.book.dcm.query.facade.controller.directinvestor.whitelist.nx.AccountWlDownLoadController,accountWhiteListDownLoad,1,1
cn.nc.issuance.book.dcm.query.facade.controller.dcmbondadmin.BondPublishModifyController#handle,cn.nc.issuance.book.dcm.query.facade.controller.dcmbondadmin.BondPublishModifyController,handle,1,1
cn.nc.user.cfaeacct.facade.controller.ClientCfaeAcctDepositQueryListController#doService,cn.nc.user.cfaeacct.facade.controller.ClientCfaeAcctDepositQueryListController,doService,2,2
cn.nc.user.task.facade.controller.CenterBusinessTaskByIdController#businessTaskById,cn.nc.user.task.facade.controller.CenterBusinessTaskByIdController,businessTaskById,1,1
cn.nc.pub.msg.facade.controller.outside.PubParameterGroupListQueryController#doService,cn.nc.pub.msg.facade.controller.outside.PubParameterGroupListQueryController,doService,1,1
cn.nc.issuance.book.dcm.query.facade.controller.bondAdd.BondBankAccountListController#doService,cn.nc.issuance.book.dcm.query.facade.controller.bondAdd.BondBankAccountListController,doService,1,1
cn.nc.issuance.common.facade.controller.operation.ContactModifyController#doService,cn.nc.issuance.common.facade.controller.operation.ContactModifyController,doService,5,13
cn.nc.user.clientinstuseroperator.controller.ClientInstOperHisRecodeController#clientInstOperHisRecodeList,cn.nc.user.clientinstuseroperator.controller.ClientInstOperHisRecodeController,clientInstOperHisRecodeList,1,1
cn.nc.issuance.book.dcm.query.facade.controller.consignpercent.ConsignPercentEditController#doService,cn.nc.issuance.book.dcm.query.facade.controller.consignpercent.ConsignPercentEditController,doService,2,1
cn.nc.issuance.book.dcm.query.facade.controller.bondadjustorder.IssueAmountAdjustHistoryController#handle,cn.nc.issuance.book.dcm.query.facade.controller.bondadjustorder.IssueAmountAdjustHistoryController,handle,1,1
cn.nc.user.staff.facade.controller.MenuDeleteController#handle,cn.nc.user.staff.facade.controller.MenuDeleteController,handle,1,1
cn.nc.user.staff.facade.controller.MenuUserApiListController#doService,cn.nc.user.staff.facade.controller.MenuUserApiListController,doService,2,2
cn.nc.issuance.book.dcm.query.facade.controller.purchaseorder.PurchaseOrderRevokedQueryController#handle,cn.nc.issuance.book.dcm.query.facade.controller.purchaseorder.PurchaseOrderRevokedQueryController,handle,1,1
cn.nc.user.archive.facade.controller.QueryArchivedSubController#doService,cn.nc.user.archive.facade.controller.QueryArchivedSubController,doService,2,1
cn.nc.issuance.common.facade.controller.query.BondAuthorizeListController#doService,cn.nc.issuance.common.facade.controller.query.BondAuthorizeListController,doService,2,1
cn.nc.channel.backend.facade.controller.DistributedBondController#distributedBond,cn.nc.channel.backend.facade.controller.DistributedBondController,distributedBond,1,1
cn.nc.channel.auth.outer.facade.controller.UserResetPwdController#resetUserPwd,cn.nc.channel.auth.outer.facade.controller.UserResetPwdController,resetUserPwd,1,1
cn.nc.pub.wkcl.facade.controller.trade.TradeCalInitController#initYear,cn.nc.pub.wkcl.facade.controller.trade.TradeCalInitController,initYear,1,1
cn.nc.issuance.book.dcm.facade.controller.bondadjustorder.BillAddController#doService,cn.nc.issuance.book.dcm.facade.controller.bondadjustorder.BillAddController,doService,1,1
cn.nc.user.ukey.facade.controller.QueryUkeyBindHisController#queryUkeyBindHisList,cn.nc.user.ukey.facade.controller.QueryUkeyBindHisController,queryUkeyBindHisList,1,1
cn.nc.issuance.book.dcm.query.facade.controller.querystatistics.BondGroupFeeAmountQueryController#doService,cn.nc.issuance.book.dcm.query.facade.controller.querystatistics.BondGroupFeeAmountQueryController,doService,2,1
cn.nc.channel.backend.facade.controller.IdentityMappingDelController#doService,cn.nc.channel.backend.facade.controller.IdentityMappingDelController,doService,4,7
cn.nc.user.instacct.controller.QueryInstCapitalAcctListController#queryInstCapitalAcctList,cn.nc.user.instacct.controller.QueryInstCapitalAcctListController,queryInstCapitalAcctList,1,1
cn.nc.user.instoperuser.facade.controller.ChangeManageController#doService,cn.nc.user.instoperuser.facade.controller.ChangeManageController,doService,5,31
cn.nc.issuance.book.dcm.query.facade.controller.reservationmanage.ReservationManageQueryListController#handle,cn.nc.issuance.book.dcm.query.facade.controller.reservationmanage.ReservationManageQueryListController,handle,1,1
cn.nc.user.inst.facade.controller.InstInfoHisDeleteController#doService,cn.nc.user.inst.facade.controller.InstInfoHisDeleteController,doService,2,8
cn.nc.user.cfaeacct.facade.controller.ClientCfaeAcctCountController#doService,cn.nc.user.cfaeacct.facade.controller.ClientCfaeAcctCountController,doService,3,2
cn.nc.issuance.book.dcm.query.facade.controller.pricingplacing.LoadHistoryConfirmInfoController#doService,cn.nc.issuance.book.dcm.query.facade.controller.pricingplacing.LoadHistoryConfirmInfoController,doService,4,9
cn.nc.issuance.book.dcm.facade.controller.joinGroup.OfferedRequestRefuseController#doService,cn.nc.issuance.book.dcm.facade.controller.joinGroup.OfferedRequestRefuseController,doService,2,1
cn.nc.issuance.common.facade.controller.SysConfigListController#handle,cn.nc.issuance.common.facade.controller.SysConfigListController,handle,1,1
cn.nc.user.cfaeacct.facade.controller.CenterCfaeAcctDepositQueryListController#doService,cn.nc.user.cfaeacct.facade.controller.CenterCfaeAcctDepositQueryListController,doService,2,2
cn.nc.user.instuser.facade.controller.ThirdUserRelInstUserApplyController#saveInstThirdUserApply,cn.nc.user.instuser.facade.controller.ThirdUserRelInstUserApplyController,saveInstThirdUserApply,1,1
cn.nc.issuance.book.dcm.query.facade.controller.hisinfoquery.TemplateViewController#doService,cn.nc.issuance.book.dcm.query.facade.controller.hisinfoquery.TemplateViewController,doService,2,2
cn.nc.issuance.book.dcm.query.facade.controller.purchaseOffer.PurchaseOfferExprotExcelController#handle,cn.nc.issuance.book.dcm.query.facade.controller.purchaseOffer.PurchaseOfferExprotExcelController,handle,1,1
cn.nc.operation.base.facade.controller.work.WorkingScheduleDictSaveController#doService,cn.nc.operation.base.facade.controller.work.WorkingScheduleDictSaveController,doService,3,12
cn.nc.issuance.book.dcm.query.facade.controller.querystatistics.ExportBookFlowNodeAdjustRecordsController#handle,cn.nc.issuance.book.dcm.query.facade.controller.querystatistics.ExportBookFlowNodeAdjustRecordsController,handle,1,1
cn.nc.issuance.bid.facade.controller.biddingManagement.queryBidding.BiddingQueryController#handle,cn.nc.issuance.bid.facade.controller.biddingManagement.queryBidding.BiddingQueryController,handle,1,1
cn.nc.channel.backend.facade.controller.InstitutionBondUnderwritingController#institutionBondUnderwriting,cn.nc.channel.backend.facade.controller.InstitutionBondUnderwritingController,institutionBondUnderwriting,1,1
cn.nc.channel.backend.facade.controller.PageLayoutQueryCmptListController#queryComponentList,cn.nc.channel.backend.facade.controller.PageLayoutQueryCmptListController,queryComponentList,1,1
cn.nc.pub.msg.facade.controller.parameterTemplate.ParameterTemplateDisableController#disable,cn.nc.pub.msg.facade.controller.parameterTemplate.ParameterTemplateDisableController,disable,1,1
cn.nc.pub.wkcl.facade.controller.legal.LegalCalDetailSaveController#saveOrUpdate,cn.nc.pub.wkcl.facade.controller.legal.LegalCalDetailSaveController,saveOrUpdate,1,1
cn.nc.channel.mix.controller.channel.recommend.QueryFinancialBondsController#queryFinancialBonds,cn.nc.channel.mix.controller.channel.recommend.QueryFinancialBondsController,queryFinancialBonds,1,1
cn.nc.user.summary.facede.comtroller.NationalEconSectorController#doService,cn.nc.user.summary.facede.comtroller.NationalEconSectorController,doService,3,2
cn.nc.issuance.dist.facade.controller.DistributionDetailController#doService,cn.nc.issuance.dist.facade.controller.DistributionDetailController,doService,6,11
cn.nc.user.ukey.facade.controller.GetUkeyApplyDetailsController#getUkeyApplyDetails,cn.nc.user.ukey.facade.controller.GetUkeyApplyDetailsController,getUkeyApplyDetails,1,1
cn.nc.user.clientinstuseroperator.controller.ClientInstOperListController#clientInstOperList,cn.nc.user.clientinstuseroperator.controller.ClientInstOperListController,clientInstOperList,1,1
cn.nc.issuance.book.dcm.facade.controller.purchaseorder.PurchaseOrderAcceptController#doService,cn.nc.issuance.book.dcm.facade.controller.purchaseorder.PurchaseOrderAcceptController,doService,2,1
cn.nc.issuance.book.dcm.facade.controller.bondadjustorder.BondAdjustOrderModifyAdjustRateController#doService,cn.nc.issuance.book.dcm.facade.controller.bondadjustorder.BondAdjustOrderModifyAdjustRateController,doService,2,1
cn.nc.channel.msg.facade.controller.MessageInfoController#handle,cn.nc.channel.msg.facade.controller.MessageInfoController,handle,1,1
cn.nc.pub.msg.facade.controller.outside.PubProductListQueryController#getProducts,cn.nc.pub.msg.facade.controller.outside.PubProductListQueryController,getProducts,1,1
cn.nc.user.query.facade.controller.GetUserInfoDetailsController#doService,cn.nc.user.query.facade.controller.GetUserInfoDetailsController,doService,6,18
cn.nc.issuance.book.dcm.query.facade.controller.unannounced.UnAnnounceBondQueryMatchController#handle,cn.nc.issuance.book.dcm.query.facade.controller.unannounced.UnAnnounceBondQueryMatchController,handle,1,1
cn.nc.issuance.book.dcm.facade.controller.pricingplacing.PricingQueryPurchaseDetailController#doService,cn.nc.issuance.book.dcm.facade.controller.pricingplacing.PricingQueryPurchaseDetailController,doService,2,2
cn.nc.operation.base.facade.controller.task.TaskQueryAssignedController#queryAssigned,cn.nc.operation.base.facade.controller.task.TaskQueryAssignedController,queryAssigned,1,1
cn.nc.user.ukey.facade.controller.UkeyApplyHisClientRevokeController#ukeyApplyHisRevoke,cn.nc.user.ukey.facade.controller.UkeyApplyHisClientRevokeController,ukeyApplyHisRevoke,1,1
cn.nc.issuance.book.dcm.facade.controller.directinvestor.ModifyDirectInvestorAuthController#doService,cn.nc.issuance.book.dcm.facade.controller.directinvestor.ModifyDirectInvestorAuthController,doService,2,1
cn.nc.user.inst.facade.controller.ExportCenterInstQueryController#centerExportInstQueryExcel,cn.nc.user.inst.facade.controller.ExportCenterInstQueryController,centerExportInstQueryExcel,4,8
cn.nc.issuance.dist.facade.controller.DistributionRecBondPlacingInfoController#handle,cn.nc.issuance.dist.facade.controller.DistributionRecBondPlacingInfoController,handle,1,1
cn.nc.channel.auth.outer.facade.controller.AppQrLoginController#doService,cn.nc.channel.auth.outer.facade.controller.AppQrLoginController,doService,3,11
cn.nc.user.ukey.facade.controller.UkeyBindHisCenterBatchApprovalPassController#doService,cn.nc.user.ukey.facade.controller.UkeyBindHisCenterBatchApprovalPassController,doService,4,16
cn.nc.channel.auth.inner.facade.controller.AuthLoginController#handle,cn.nc.channel.auth.inner.facade.controller.AuthLoginController,handle,1,1
cn.nc.issuance.common.facade.controller.SysConfigAuditListController#handle,cn.nc.issuance.common.facade.controller.SysConfigAuditListController,handle,1,1
cn.nc.issuance.book.dcm.query.facade.controller.systemadmin.DataSubmittedQueryController#doService,cn.nc.issuance.book.dcm.query.facade.controller.systemadmin.DataSubmittedQueryController,doService,4,7
cn.nc.pub.msg.facade.controller.outside.PubProductRuleCacheController#getProductRuleCache,cn.nc.pub.msg.facade.controller.outside.PubProductRuleCacheController,getProductRuleCache,1,2
cn.nc.issuance.bid.facade.controller.biddingManagement.bidSuppAdmi.QueryResRightController#handle,cn.nc.issuance.bid.facade.controller.biddingManagement.bidSuppAdmi.QueryResRightController,handle,1,1
cn.nc.user.conf.facade.controller.CenterConfInstDynamicFieldsByBusinessRoleAndTypeController#doService,cn.nc.user.conf.facade.controller.CenterConfInstDynamicFieldsByBusinessRoleAndTypeController,doService,3,20
cn.nc.issuance.book.dcm.query.facade.controller.bondAdd.BondSecOrgRatingListController#handle,cn.nc.issuance.book.dcm.query.facade.controller.bondAdd.BondSecOrgRatingListController,handle,1,1
cn.nc.user.instacct.controller.UpdateInstCapitalAcctController#doService,cn.nc.user.instacct.controller.UpdateInstCapitalAcctController,doService,3,10
cn.nc.user.summary.facede.comtroller.InstInfoSummaryController#doService,cn.nc.user.summary.facede.comtroller.InstInfoSummaryController,doService,3,2
cn.nc.issuance.book.dcm.facade.controller.external.DCMForExternalProductInfoRegBackController#doService,cn.nc.issuance.book.dcm.facade.controller.external.DCMForExternalProductInfoRegBackController,doService,7,24
cn.nc.issuance.common.facade.controller.SysDictionarySubAuditAddController#handle,cn.nc.issuance.common.facade.controller.SysDictionarySubAuditAddController,handle,1,1
cn.nc.issuance.bid.facade.controller.shchTenderMgmt.TiBondDefaultHomePageController#queryBondDefaultHpInfo,cn.nc.issuance.bid.facade.controller.shchTenderMgmt.TiBondDefaultHomePageController,queryBondDefaultHpInfo,1,1
cn.nc.operation.base.facade.controller.work.ManagerWorkGroupsQueryController#query,cn.nc.operation.base.facade.controller.work.ManagerWorkGroupsQueryController,query,1,1
cn.nc.user.staff.facade.controller.in.PositionFindInfoController#handle,cn.nc.user.staff.facade.controller.in.PositionFindInfoController,handle,1,1
cn.nc.issuance.book.dcm.query.facade.controller.querystatistics.ExportPublishBondInfoTotalController#handle,cn.nc.issuance.book.dcm.query.facade.controller.querystatistics.ExportPublishBondInfoTotalController,handle,1,1
cn.nc.issuance.common.facade.controller.query.BussinessAllBillsQueryController#handle,cn.nc.issuance.common.facade.controller.query.BussinessAllBillsQueryController,handle,1,1
cn.nc.pub.msg.facade.controller.send.SendSmsAsyncController#sendAsyncSms,cn.nc.pub.msg.facade.controller.send.SendSmsAsyncController,sendAsyncSms,1,1
cn.nc.pub.msg.facade.controller.outside.PubProductInstanceListQueryController#getProductInstances,cn.nc.pub.msg.facade.controller.outside.PubProductInstanceListQueryController,getProductInstances,1,1
cn.nc.issuance.book.dcm.facade.controller.group.GroupCancelAssignlinkClickController#handle,cn.nc.issuance.book.dcm.facade.controller.group.GroupCancelAssignlinkClickController,handle,1,1
cn.nc.user.staff.facade.controller.in.UserLoginController#doService,cn.nc.user.staff.facade.controller.in.UserLoginController,doService,8,37
cn.nc.user.initinst.facade.controller.QueryInstOpenApplyController#doService,cn.nc.user.initinst.facade.controller.QueryInstOpenApplyController,doService,4,16
cn.nc.channel.backend.facade.controller.IdentityMappingSaveController#doService,cn.nc.channel.backend.facade.controller.IdentityMappingSaveController,doService,8,20
cn.nc.user.archive.facade.controller.FileArchiveDeleteController#fileArchiveDelete,cn.nc.user.archive.facade.controller.FileArchiveDeleteController,fileArchiveDelete,1,1
cn.nc.issuance.dist.facade.controller.DistributionRepealController#doService,cn.nc.issuance.dist.facade.controller.DistributionRepealController,doService,16,236
cn.nc.operation.base.facade.controller.work.WorkingScheduleQueryLoginUserScheduleController#doService,cn.nc.operation.base.facade.controller.work.WorkingScheduleQueryLoginUserScheduleController,doService,2,2
cn.nc.user.staff.facade.controller.in.UserFindInfoByAccountController#doService,cn.nc.user.staff.facade.controller.in.UserFindInfoByAccountController,doService,4,9
cn.nc.issuance.book.dcm.facade.controller.systemadmin.AdvertisingPositionAuditController#handle,cn.nc.issuance.book.dcm.facade.controller.systemadmin.AdvertisingPositionAuditController,handle,1,1
cn.nc.issuance.book.dcm.facade.controller.informationservice.SmartDocumentAutoInputController#handle,cn.nc.issuance.book.dcm.facade.controller.informationservice.SmartDocumentAutoInputController,handle,1,1
cn.nc.issuance.bid.facade.controller.bondccdc.BondCheckPublishCcdcController#doService,cn.nc.issuance.bid.facade.controller.bondccdc.BondCheckPublishCcdcController,doService,22,62
cn.nc.user.summary.facede.comtroller.UserinfoStatisticController#getUserinfoStatictisList,cn.nc.user.summary.facede.comtroller.UserinfoStatisticController,getUserinfoStatictisList,1,1
cn.nc.issuance.book.dcm.facade.controller.directinvestor.SaveDirectInvestorAuthController#handle,cn.nc.issuance.book.dcm.facade.controller.directinvestor.SaveDirectInvestorAuthController,handle,1,1
cn.nc.issuance.book.dcm.query.facade.controller.querystatistics.BondGroupFeeBondQueryController#bondGroupFeeQuery,cn.nc.issuance.book.dcm.query.facade.controller.querystatistics.BondGroupFeeBondQueryController,bondGroupFeeQuery,1,1
cn.nc.operation.base.facade.controller.work.WorkingScheduleAuditQueryController#doService,cn.nc.operation.base.facade.controller.work.WorkingScheduleAuditQueryController,doService,4,15
cn.nc.user.cfaeacct.facade.controller.ClientCfaeAcctModifySubmitController#cfaeacctModifySubmitClient,cn.nc.user.cfaeacct.facade.controller.ClientCfaeAcctModifySubmitController,cfaeacctModifySubmitClient,1,1
cn.nc.issuance.book.dcm.query.facade.controller.directinvestor.whitelist.nx.AccountWlToBondQueryController#doService,cn.nc.issuance.book.dcm.query.facade.controller.directinvestor.whitelist.nx.AccountWlToBondQueryController,doService,2,1
cn.nc.user.ukey.facade.controller.QueryUkeyMaintainRecordClientController#queryUkeyMaintainRecordListForClient,cn.nc.user.ukey.facade.controller.QueryUkeyMaintainRecordClientController,queryUkeyMaintainRecordListForClient,1,1
cn.nc.channel.backend.facade.controller.DistributionRecordController#distributionRecord,cn.nc.channel.backend.facade.controller.DistributionRecordController,distributionRecord,1,1
cn.nc.issuance.bid.facade.controller.core.BondRoleQueryController#handle,cn.nc.issuance.bid.facade.controller.core.BondRoleQueryController,handle,1,1
cn.nc.issuance.book.dcm.query.facade.controller.hisinfoquery.SendRegistrationNoticeHisDetailController#doService,cn.nc.issuance.book.dcm.query.facade.controller.hisinfoquery.SendRegistrationNoticeHisDetailController,doService,5,6
cn.nc.channel.backend.facade.controller.FinBondRecommendQueryController#finBondQuery,cn.nc.channel.backend.facade.controller.FinBondRecommendQueryController,finBondQuery,1,1
cn.nc.issuance.common.facade.controller.SysDictionaryAuditModifyController#doService,cn.nc.issuance.common.facade.controller.SysDictionaryAuditModifyController,doService,9,32
cn.nc.issuance.book.dcm.facade.controller.group.GroupAssignlinkClickController#handle,cn.nc.issuance.book.dcm.facade.controller.group.GroupAssignlinkClickController,handle,1,1
cn.nc.issuance.book.dcm.facade.controller.unAnnounced.CreditReportDownLoadController#handle,cn.nc.issuance.book.dcm.facade.controller.unAnnounced.CreditReportDownLoadController,handle,1,1
cn.nc.user.ukey.facade.controller.QueryUkeyMaintainRecordClientController#doService,cn.nc.user.ukey.facade.controller.QueryUkeyMaintainRecordClientController,doService,4,7
cn.nc.issuance.book.dcm.query.facade.controller.querystatistics.ExportUnderWritingRatioBondController#doService,cn.nc.issuance.book.dcm.query.facade.controller.querystatistics.ExportUnderWritingRatioBondController,doService,2,10
cn.nc.user.ukey.facade.controller.QueryUkeyExpressController#doService,cn.nc.user.ukey.facade.controller.QueryUkeyExpressController,doService,4,7
cn.nc.pub.msg.facade.controller.send.StartSmsListenerController#startListener,cn.nc.pub.msg.facade.controller.send.StartSmsListenerController,startListener,1,1
cn.nc.issuance.book.dcm.query.facade.controller.systemadmin.AdvertisingPositionBannerQueryController#doService,cn.nc.issuance.book.dcm.query.facade.controller.systemadmin.AdvertisingPositionBannerQueryController,doService,4,12
cn.nc.operation.base.facade.controller.work.WorkingScheduleDictSaveController#save,cn.nc.operation.base.facade.controller.work.WorkingScheduleDictSaveController,save,1,1
cn.nc.issuance.bid.facade.controller.biddingresultMgmt.ConfirmPlacingResultController#confirmPlacingResult,cn.nc.issuance.bid.facade.controller.biddingresultMgmt.ConfirmPlacingResultController,confirmPlacingResult,1,1
cn.nc.issuance.common.facade.controller.SysDictionarySubAuditEnableController#handle,cn.nc.issuance.common.facade.controller.SysDictionarySubAuditEnableController,handle,1,1
cn.nc.issuance.book.dcm.facade.controller.bondhome.BondUpdateFrequencyController#doService,cn.nc.issuance.book.dcm.facade.controller.bondhome.BondUpdateFrequencyController,doService,2,1
cn.nc.user.reguser.facade.controller.ApprovalCancelUserInfoHisController#approvalCancelUserInfoHis,cn.nc.user.reguser.facade.controller.ApprovalCancelUserInfoHisController,approvalCancelUserInfoHis,1,1
cn.nc.issuance.book.dcm.facade.controller.uploadfile.XFileExtController#batchDeleteByIds,cn.nc.issuance.book.dcm.facade.controller.uploadfile.XFileExtController,batchDeleteByIds,4,19
cn.nc.issuance.book.dcm.facade.controller.bondallocation.BondAllocationDelController#handle,cn.nc.issuance.book.dcm.facade.controller.bondallocation.BondAllocationDelController,handle,1,1
cn.nc.user.staff.facade.controller.in.OrgTreeSelectListController#doService,cn.nc.user.staff.facade.controller.in.OrgTreeSelectListController,doService,6,16
cn.nc.starter.file.controller.FileStorageController#updateFileName,cn.nc.starter.file.controller.FileStorageController,updateFileName,1,4
cn.nc.issuance.book.dcm.query.facade.controller.enquirymanage.QueryEnquiryManageController#doService,cn.nc.issuance.book.dcm.query.facade.controller.enquirymanage.QueryEnquiryManageController,doService,2,1
cn.nc.issuance.book.dcm.query.facade.controller.directinvestor.whitelist.BondWlQueryController#queryBondWhiteListByBondId,cn.nc.issuance.book.dcm.query.facade.controller.directinvestor.whitelist.BondWlQueryController,queryBondWhiteListByBondId,1,1
cn.nc.issuance.book.dcm.facade.controller.directinvestor.DirectInvestorAuthCancelController#directInvestorAuthCancel,cn.nc.issuance.book.dcm.facade.controller.directinvestor.DirectInvestorAuthCancelController,directInvestorAuthCancel,1,1
cn.nc.channel.mix.controller.issuance.QueryGroupDetailController#queryGroupDetail,cn.nc.channel.mix.controller.issuance.QueryGroupDetailController,queryGroupDetail,1,1
cn.nc.pub.msg.facade.controller.setting.MsgEmailServerCheckController#doService,cn.nc.pub.msg.facade.controller.setting.MsgEmailServerCheckController,doService,3,8
cn.nc.issuance.book.dcm.query.facade.controller.querystatistics.ExportBondPlacingResultController#handle,cn.nc.issuance.book.dcm.query.facade.controller.querystatistics.ExportBondPlacingResultController,handle,1,1
cn.nc.user.cfaeacct.facade.controller.CenterCfaeAcctBatchApproveReturnController#cfaeAcctBatchApproveReturnCenter,cn.nc.user.cfaeacct.facade.controller.CenterCfaeAcctBatchApproveReturnController,cfaeAcctBatchApproveReturnCenter,1,1
cn.nc.user.label.facade.controller.LabelAddController#doService,cn.nc.user.label.facade.controller.LabelAddController,doService,3,6
cn.nc.issuance.book.dcm.query.facade.controller.purchaseorder.PurchaseOrderStatusListController#doService,cn.nc.issuance.book.dcm.query.facade.controller.purchaseorder.PurchaseOrderStatusListController,doService,1,1
cn.nc.user.clientinstuseroperator.controller.OuterPositionListController#outerPositionList,cn.nc.user.clientinstuseroperator.controller.OuterPositionListController,outerPositionList,1,1
cn.nc.user.inst.facade.controller.InstInfoHisRevokeController#instInfoHisRevoke,cn.nc.user.inst.facade.controller.InstInfoHisRevokeController,instInfoHisRevoke,1,1
cn.nc.issuance.book.dcm.facade.controller.purchaseOffer.PurchaseOfferModifyController#handle,cn.nc.issuance.book.dcm.facade.controller.purchaseOffer.PurchaseOfferModifyController,handle,1,1
cn.nc.issuance.book.dcm.query.facade.controller.groupSet.GroupLoadingRepeatGroupController#doService,cn.nc.issuance.book.dcm.query.facade.controller.groupSet.GroupLoadingRepeatGroupController,doService,5,21
cn.nc.issuance.book.dcm.query.facade.controller.bond.BondHomeQueryController#doService,cn.nc.issuance.book.dcm.query.facade.controller.bond.BondHomeQueryController,doService,4,7
cn.nc.issuance.book.dcm.facade.controller.external.DCMForExternalPurchaseOfferController#sendPurchaseOffer,cn.nc.issuance.book.dcm.facade.controller.external.DCMForExternalPurchaseOfferController,sendPurchaseOffer,1,1
cn.nc.user.cfaeacct.facade.controller.ClientCfaeAcctCountController#clientCfaeAcctCount,cn.nc.user.cfaeacct.facade.controller.ClientCfaeAcctCountController,clientCfaeAcctCount,1,1
cn.nc.channel.backend.facade.controller.PageDispOrderSaveController#saveOrUpdatePageDispOrder,cn.nc.channel.backend.facade.controller.PageDispOrderSaveController,saveOrUpdatePageDispOrder,1,1
cn.nc.user.staff.facade.controller.in.OrgTreeListController#doService,cn.nc.user.staff.facade.controller.in.OrgTreeListController,doService,4,7
cn.nc.operation.base.facade.controller.support.SystemQueryController#doService,cn.nc.operation.base.facade.controller.support.SystemQueryController,doService,3,4
cn.nc.pub.msg.facade.controller.setting.MsgEmailServerSaveController#doService,cn.nc.pub.msg.facade.controller.setting.MsgEmailServerSaveController,doService,5,8
cn.nc.operation.base.facade.controller.notice.NoticeQueryController#doService,cn.nc.operation.base.facade.controller.notice.NoticeQueryController,doService,4,16
cn.nc.issuance.book.dcm.query.facade.controller.querystatistics.BondGroupFeeQueryController#doService,cn.nc.issuance.book.dcm.query.facade.controller.querystatistics.BondGroupFeeQueryController,doService,2,1
cn.nc.common.transaction.support.controller.TxRetryController#queryPage,cn.nc.common.transaction.support.controller.TxRetryController,queryPage,1,1
cn.nc.channel.msg.facade.controller.MessageListController#handle,cn.nc.channel.msg.facade.controller.MessageListController,handle,1,1
cn.nc.operation.base.facade.controller.task.TaskRevokeController#doService,cn.nc.operation.base.facade.controller.task.TaskRevokeController,doService,9,5
cn.nc.issuance.book.dcm.facade.controller.issueamountadjust.IssueAmountAdjustModifyController#handle,cn.nc.issuance.book.dcm.facade.controller.issueamountadjust.IssueAmountAdjustModifyController,handle,1,1
cn.nc.user.cfaeacct.facade.controller.ClientCfaeAcctModifySaveController#doService,cn.nc.user.cfaeacct.facade.controller.ClientCfaeAcctModifySaveController,doService,2,3
cn.nc.issuance.book.dcm.facade.controller.bondAdmin.PurchaseInsStatusModifyController#handle,cn.nc.issuance.book.dcm.facade.controller.bondAdmin.PurchaseInsStatusModifyController,handle,1,1
cn.nc.user.staff.facade.controller.in.UserLoginUserInfoController#doService,cn.nc.user.staff.facade.controller.in.UserLoginUserInfoController,doService,2,2
cn.nc.pub.msg.facade.controller.productTag.ProductTagDeleteController#doService,cn.nc.pub.msg.facade.controller.productTag.ProductTagDeleteController,doService,6,39
cn.nc.user.inst.facade.controller.InstInfoHisCenterApprovalCancelController#instMaintainHisApprovalCancel,cn.nc.user.inst.facade.controller.InstInfoHisCenterApprovalCancelController,instMaintainHisApprovalCancel,1,1
cn.nc.issuance.common.facade.controller.SysDictionaryPortController#doService,cn.nc.issuance.common.facade.controller.SysDictionaryPortController,doService,2,2
cn.nc.issuance.bid.facade.controller.biddingresultMgmt.GenPublishFundsConfirmationController#doService,cn.nc.issuance.bid.facade.controller.biddingresultMgmt.GenPublishFundsConfirmationController,doService,18,62
cn.nc.user.ukey.facade.controller.QueryUkeyApplyHisController#queryUkeyApplyHisList,cn.nc.user.ukey.facade.controller.QueryUkeyApplyHisController,queryUkeyApplyHisList,1,1
cn.nc.channel.backend.facade.controller.LoggedFinancialSearchController#loggedFinancialSearch,cn.nc.channel.backend.facade.controller.LoggedFinancialSearchController,loggedFinancialSearch,1,1
cn.nc.issuance.dist.facade.controller.external.DCMForExternalFailedEditConfirmController#failedEditConfirm,cn.nc.issuance.dist.facade.controller.external.DCMForExternalFailedEditConfirmController,failedEditConfirm,1,1
cn.nc.pub.msg.facade.controller.parameterTemplate.ParameterTemplateDeleteController#delete,cn.nc.pub.msg.facade.controller.parameterTemplate.ParameterTemplateDeleteController,delete,1,1
cn.nc.pub.msg.facade.controller.setting.MsgTemplateSaveController#saveOrUpdate,cn.nc.pub.msg.facade.controller.setting.MsgTemplateSaveController,saveOrUpdate,1,1
cn.nc.user.conf.facade.controller.QueryDictionaryCascaderTreeController#doService,cn.nc.user.conf.facade.controller.QueryDictionaryCascaderTreeController,doService,3,9
cn.nc.issuance.book.dcm.query.facade.controller.informationservice.InvestmentBankerLinkController#handle,cn.nc.issuance.book.dcm.query.facade.controller.informationservice.InvestmentBankerLinkController,handle,1,1
cn.nc.channel.log.LogSystemListQueryController#doService,cn.nc.channel.log.LogSystemListQueryController,doService,3,4
cn.nc.pub.msg.facade.controller.outside.PubProductParameterDetailQueryController#getProductParameter,cn.nc.pub.msg.facade.controller.outside.PubProductParameterDetailQueryController,getProductParameter,1,1
cn.nc.user.cfaeacct.facade.controller.ClientCfaeAcctBatchDeleteController#doService,cn.nc.user.cfaeacct.facade.controller.ClientCfaeAcctBatchDeleteController,doService,2,3
cn.nc.issuance.book.dcm.facade.controller.group.GroupPercentQueryController#doService,cn.nc.issuance.book.dcm.facade.controller.group.GroupPercentQueryController,doService,3,11
cn.nc.issuance.book.dcm.query.facade.controller.directinvestor.DirectInvestorAuthBondMagniferController#doService,cn.nc.issuance.book.dcm.query.facade.controller.directinvestor.DirectInvestorAuthBondMagniferController,doService,3,3
cn.nc.user.cfaeacct.facade.controller.CenterCfaeAcctCleanupSubmitController#cfaeAcctCleanupSubmitCenter,cn.nc.user.cfaeacct.facade.controller.CenterCfaeAcctCleanupSubmitController,cfaeAcctCleanupSubmitCenter,1,1
cn.nc.user.seal.facade.controller.GetSealDetailsController#getSealDetails,cn.nc.user.seal.facade.controller.GetSealDetailsController,getSealDetails,1,1
cn.nc.issuance.book.dcm.facade.controller.modifyinterimbondinfo.ModifyInterimBondAuditController#doService,cn.nc.issuance.book.dcm.facade.controller.modifyinterimbondinfo.ModifyInterimBondAuditController,doService,11,159
cn.nc.issuance.book.dcm.facade.controller.bondhome.BondUpdateFrequencyController#handle,cn.nc.issuance.book.dcm.facade.controller.bondhome.BondUpdateFrequencyController,handle,1,1
cn.nc.user.instacct.controller.UpdateInstLargeAcctController#updateInstLargeAcct,cn.nc.user.instacct.controller.UpdateInstLargeAcctController,updateInstLargeAcct,1,1
cn.nc.issuance.common.facade.controller.SysDictionaryAuditSelectController#handle,cn.nc.issuance.common.facade.controller.SysDictionaryAuditSelectController,handle,1,1
cn.nc.issuance.book.dcm.query.facade.controller.directinvestor.whitelist.AccountWlSendHisPreviewController#accountWhiteListSendHisPreview,cn.nc.issuance.book.dcm.query.facade.controller.directinvestor.whitelist.AccountWlSendHisPreviewController,accountWhiteListSendHisPreview,1,1
cn.nc.pub.msg.facade.controller.productTag.ProductTagGetController#doService,cn.nc.pub.msg.facade.controller.productTag.ProductTagGetController,doService,5,14
cn.nc.user.openacctquery.controller.ExportOpenAcctQueryResultController#setRespone,cn.nc.user.openacctquery.controller.ExportOpenAcctQueryResultController,setRespone,1,0
cn.nc.user.reguser.facade.controller.BatchDeleteUserInfoHisController#batchDeleteUserInfoHis,cn.nc.user.reguser.facade.controller.BatchDeleteUserInfoHisController,batchDeleteUserInfoHis,1,1
cn.nc.user.ukey.facade.controller.UkeyMaintainHisClientDeleteController#doService,cn.nc.user.ukey.facade.controller.UkeyMaintainHisClientDeleteController,doService,5,12
cn.nc.user.staff.facade.controller.MenuUserPageMenuGroupListController#doService,cn.nc.user.staff.facade.controller.MenuUserPageMenuGroupListController,doService,2,2
cn.nc.issuance.book.dcm.query.facade.controller.bondauthorize.BondAuthorizeViewController#doService,cn.nc.issuance.book.dcm.query.facade.controller.bondauthorize.BondAuthorizeViewController,doService,2,1
cn.nc.issuance.common.facade.controller.BillListController#doService,cn.nc.issuance.common.facade.controller.BillListController,doService,5,9
cn.nc.pub.msg.facade.controller.productInstance.ProductInstanceInterfaceController#doService,cn.nc.pub.msg.facade.controller.productInstance.ProductInstanceInterfaceController,doService,2,29
cn.nc.user.ukey.facade.controller.UkeyBindHisCenterAddSaveController#doService,cn.nc.user.ukey.facade.controller.UkeyBindHisCenterAddSaveController,doService,3,12
cn.nc.user.conf.facade.controller.CenterConfBusinessRoleLinkListController#confBusinessRoleLinkList,cn.nc.user.conf.facade.controller.CenterConfBusinessRoleLinkListController,confBusinessRoleLinkList,1,1
cn.nc.issuance.dist.facade.controller.external.DCMForExternalAddConfirmController#doService,cn.nc.issuance.dist.facade.controller.external.DCMForExternalAddConfirmController,doService,2,2
cn.nc.channel.log.AuditLogExportController#export,cn.nc.channel.log.AuditLogExportController,export,1,1
cn.nc.issuance.book.dcm.query.facade.controller.issueamountadjust.IssueAmountAdjustPreviewFileController#doService,cn.nc.issuance.book.dcm.query.facade.controller.issueamountadjust.IssueAmountAdjustPreviewFileController,doService,3,2
cn.nc.channel.backend.facade.controller.ComponentDropdownController#componentDropdownQuery,cn.nc.channel.backend.facade.controller.ComponentDropdownController,componentDropdownQuery,1,1
cn.nc.channel.msg.facade.controller.MessageListController#doService,cn.nc.channel.msg.facade.controller.MessageListController,doService,2,1
cn.nc.operation.base.facade.controller.work.WorkGroupGetByIdController#doService,cn.nc.operation.base.facade.controller.work.WorkGroupGetByIdController,doService,6,11
cn.nc.channel.backend.facade.controller.ComponentRelEntranceController#queryCmptRelEntrance,cn.nc.channel.backend.facade.controller.ComponentRelEntranceController,queryCmptRelEntrance,1,1
cn.nc.pub.msg.facade.controller.parameterTemplate.ParameterTemplateEnableController#doService,cn.nc.pub.msg.facade.controller.parameterTemplate.ParameterTemplateEnableController,doService,5,14
cn.nc.channel.backend.facade.controller.QuickEntranceQueryController#quickEntranceQueryByCondition,cn.nc.channel.backend.facade.controller.QuickEntranceQueryController,quickEntranceQueryByCondition,1,1
cn.nc.pub.msg.facade.controller.productInstance.ProductInstanceExportController#exportInstance,cn.nc.pub.msg.facade.controller.productInstance.ProductInstanceExportController,exportInstance,1,1
cn.nc.issuance.common.facade.controller.OrgEnglishNameModifyController#doService,cn.nc.issuance.common.facade.controller.OrgEnglishNameModifyController,doService,3,2
cn.nc.channel.backend.facade.controller.PageSettingConfigDelController#delCustomizeLayoutById,cn.nc.channel.backend.facade.controller.PageSettingConfigDelController,delCustomizeLayoutById,1,1
cn.nc.operation.base.facade.controller.work.WorkGroupSaveController#save,cn.nc.operation.base.facade.controller.work.WorkGroupSaveController,save,1,1
cn.nc.issuance.book.dcm.query.facade.controller.bondAdd.BondRationModeListController#doService,cn.nc.issuance.book.dcm.query.facade.controller.bondAdd.BondRationModeListController,doService,1,1
cn.nc.issuance.book.dcm.facade.controller.informationservice.SmartDocumentLinkController#doService,cn.nc.issuance.book.dcm.facade.controller.informationservice.SmartDocumentLinkController,doService,1,1
cn.nc.issuance.book.dcm.query.facade.controller.bondAdd.BondConsignModeListController#handle,cn.nc.issuance.book.dcm.query.facade.controller.bondAdd.BondConsignModeListController,handle,1,1
cn.nc.user.staff.facade.controller.in.UserSyncController#handle,cn.nc.user.staff.facade.controller.in.UserSyncController,handle,1,1
cn.nc.issuance.book.dcm.query.facade.controller.groupSet.GroupShowGroupFileClickController#handle,cn.nc.issuance.book.dcm.query.facade.controller.groupSet.GroupShowGroupFileClickController,handle,1,1
cn.nc.pub.msg.facade.controller.send.SendEmailAsyncController#sendAsyncEmail,cn.nc.pub.msg.facade.controller.send.SendEmailAsyncController,sendAsyncEmail,1,1
cn.nc.pub.msg.facade.controller.outside.PubParameterTemplateListQueryController#getParameterTemplates,cn.nc.pub.msg.facade.controller.outside.PubParameterTemplateListQueryController,getParameterTemplates,1,1
cn.nc.issuance.book.dcm.facade.controller.consignpercent.ConsignPercentUploadFileController#uploadFile,cn.nc.issuance.book.dcm.facade.controller.consignpercent.ConsignPercentUploadFileController,uploadFile,8,28
cn.nc.operation.base.facade.controller.task.TaskQueryTasksController#doService,cn.nc.operation.base.facade.controller.task.TaskQueryTasksController,doService,4,9
cn.nc.user.ukey.facade.controller.QueryUkeyCodeFeignController#doService,cn.nc.user.ukey.facade.controller.QueryUkeyCodeFeignController,doService,4,23
cn.nc.issuance.book.dcm.query.facade.controller.InvestorExportFileController#doService,cn.nc.issuance.book.dcm.query.facade.controller.InvestorExportFileController,doService,1,1
cn.nc.issuance.book.dcm.facade.controller.informationservice.HolderMeetingDisPlayController#handle,cn.nc.issuance.book.dcm.facade.controller.informationservice.HolderMeetingDisPlayController,handle,1,1
cn.nc.issuance.book.dcm.query.facade.controller.reservationmanage.ReservationManagePreViewController#doService,cn.nc.issuance.book.dcm.query.facade.controller.reservationmanage.ReservationManagePreViewController,doService,1,1
cn.nc.issuance.bid.facade.controller.shchTenderMgmt.QueryTiBondInfoController#queryTiBondInfo,cn.nc.issuance.bid.facade.controller.shchTenderMgmt.QueryTiBondInfoController,queryTiBondInfo,1,1
cn.nc.issuance.book.dcm.facade.controller.inquiry.ReplyInquiryController#handle,cn.nc.issuance.book.dcm.facade.controller.inquiry.ReplyInquiryController,handle,1,1
cn.nc.issuance.dist.facade.controller.DistRepectInterfaceController#doService,cn.nc.issuance.dist.facade.controller.DistRepectInterfaceController,doService,17,63
cn.nc.issuance.common.facade.controller.RegtrationFilesToSHCHDetailController#handle,cn.nc.issuance.common.facade.controller.RegtrationFilesToSHCHDetailController,handle,1,1
cn.nc.user.conf.facade.controller.CenterConfInstDynamicFieldsByBusinessRoleAndTypeController#confInstDynamicFieldsByBusinessRoleAndTypeList,cn.nc.user.conf.facade.controller.CenterConfInstDynamicFieldsByBusinessRoleAndTypeController,confInstDynamicFieldsByBusinessRoleAndTypeList,1,1
cn.nc.issuance.bid.facade.controller.biddingManagement.bidSuppAdmi.ImportLeftAdditionController#handle,cn.nc.issuance.bid.facade.controller.biddingManagement.bidSuppAdmi.ImportLeftAdditionController,handle,7,20
cn.nc.channel.backend.facade.controller.DcmBondRecommendQueryController#dcmBondQuery,cn.nc.channel.backend.facade.controller.DcmBondRecommendQueryController,dcmBondQuery,1,1
cn.nc.issuance.bid.facade.controller.regfile.RegFilePreviewController#doService,cn.nc.issuance.bid.facade.controller.regfile.RegFilePreviewController,doService,2,1
cn.nc.issuance.common.facade.controller.SysDictionarySubAuditAddController#doService,cn.nc.issuance.common.facade.controller.SysDictionarySubAuditAddController,doService,9,33
cn.nc.pub.wkcl.facade.controller.sys.SysTradeCalSaveController#doService,cn.nc.pub.wkcl.facade.controller.sys.SysTradeCalSaveController,doService,6,14
cn.nc.channel.auth.outer.facade.controller.WebEmailLoginController#doService,cn.nc.channel.auth.outer.facade.controller.WebEmailLoginController,doService,12,66
cn.nc.user.ind.facade.controller.RegisterUserByPhoneController#registerUserByPhone,cn.nc.user.ind.facade.controller.RegisterUserByPhoneController,registerUserByPhone,1,1
cn.nc.user.staff.facade.controller.MenuFindInfoController#doService,cn.nc.user.staff.facade.controller.MenuFindInfoController,doService,4,6
cn.nc.issuance.book.dcm.query.facade.controller.directinvestor.whitelist.AccountWlQueryController#accountWhiteListQuery,cn.nc.issuance.book.dcm.query.facade.controller.directinvestor.whitelist.AccountWlQueryController,accountWhiteListQuery,1,1
cn.nc.issuance.book.dcm.query.facade.controller.groupSet.GroupMemberController#handle,cn.nc.issuance.book.dcm.query.facade.controller.groupSet.GroupMemberController,handle,1,1
cn.nc.issuance.book.dcm.facade.controller.pricingplacing.BondSendRegFileController#doService,cn.nc.issuance.book.dcm.facade.controller.pricingplacing.BondSendRegFileController,doService,1,1
cn.nc.issuance.book.dcm.facade.controller.group.InvestorSaveAssignBookManagerController#doService,cn.nc.issuance.book.dcm.facade.controller.group.InvestorSaveAssignBookManagerController,doService,2,1
cn.nc.user.staff.facade.controller.EmailCaptchaController#doService,cn.nc.user.staff.facade.controller.EmailCaptchaController,doService,5,12
cn.nc.user.instuser.facade.controller.ApproveRefuseThirdUserApplyController#doService,cn.nc.user.instuser.facade.controller.ApproveRefuseThirdUserApplyController,doService,16,214
cn.nc.issuance.bid.facade.controller.biddingManagement.bidSuppAdmi.CheckAdditionController#handle,cn.nc.issuance.bid.facade.controller.biddingManagement.bidSuppAdmi.CheckAdditionController,handle,1,1
cn.nc.user.staff.facade.controller.in.UserFindInfoController#handle,cn.nc.user.staff.facade.controller.in.UserFindInfoController,handle,1,1
cn.nc.issuance.book.dcm.query.facade.controller.querystatistics.BondPlacingResultQueryController#handle,cn.nc.issuance.book.dcm.query.facade.controller.querystatistics.BondPlacingResultQueryController,handle,1,1
cn.nc.pub.msg.facade.controller.product.ProductDownloadController#doService,cn.nc.pub.msg.facade.controller.product.ProductDownloadController,doService,2,2
cn.nc.channel.auth.outer.facade.controller.WebEmailRegistrationController#registerWebEmailUser,cn.nc.channel.auth.outer.facade.controller.WebEmailRegistrationController,registerWebEmailUser,1,1
cn.nc.pub.msg.facade.controller.parameterRule.ParameterRuleAddController#doService,cn.nc.pub.msg.facade.controller.parameterRule.ParameterRuleAddController,doService,2,2
cn.nc.issuance.book.dcm.facade.controller.group.InvestorSelectController#handle,cn.nc.issuance.book.dcm.facade.controller.group.InvestorSelectController,handle,1,1
cn.nc.issuance.bid.facade.controller.biddingManagement.bidSuppAdmiAdd.ImportLeftAdditionAddController#handle,cn.nc.issuance.bid.facade.controller.biddingManagement.bidSuppAdmiAdd.ImportLeftAdditionAddController,handle,7,20
cn.nc.issuance.book.dcm.facade.controller.systemadmin.AdvertisingPositionModifyController#handle,cn.nc.issuance.book.dcm.facade.controller.systemadmin.AdvertisingPositionModifyController,handle,1,1
cn.nc.user.cfaeacct.facade.controller.CenterCfaeAcctBatchDeleteController#cfaeAcctBatchDeleteCenter,cn.nc.user.cfaeacct.facade.controller.CenterCfaeAcctBatchDeleteController,cfaeAcctBatchDeleteCenter,1,1
cn.nc.starter.file.controller.FileStorageController#downloadByUrls,cn.nc.starter.file.controller.FileStorageController,downloadByUrls,1,4
cn.nc.issuance.book.dcm.query.facade.controller.bondallocation.BondAllocationDetailController#doService,cn.nc.issuance.book.dcm.query.facade.controller.bondallocation.BondAllocationDetailController,doService,4,6
cn.nc.user.staff.facade.controller.MenuTreeListController#handle,cn.nc.user.staff.facade.controller.MenuTreeListController,handle,1,1
cn.nc.channel.backend.facade.controller.IdentityTypeQueryController#doService,cn.nc.channel.backend.facade.controller.IdentityTypeQueryController,doService,2,3
cn.nc.user.archive.facade.controller.QueryArchivedListController#doService,cn.nc.user.archive.facade.controller.QueryArchivedListController,doService,2,1
cn.nc.user.staff.facade.controller.in.UserResetController#doService,cn.nc.user.staff.facade.controller.in.UserResetController,doService,4,8
cn.nc.issuance.book.dcm.query.facade.controller.hisinfoquery.SendRegistrationNoticeHisDetailController#handle,cn.nc.issuance.book.dcm.query.facade.controller.hisinfoquery.SendRegistrationNoticeHisDetailController,handle,1,1
cn.nc.issuance.book.dcm.query.facade.controller.DcmManageReachedTypeListController#handle,cn.nc.issuance.book.dcm.query.facade.controller.DcmManageReachedTypeListController,handle,1,1
cn.nc.issuance.book.dcm.facade.controller.bondAdmin.PlacingAdjustModifyController#handle,cn.nc.issuance.book.dcm.facade.controller.bondAdmin.PlacingAdjustModifyController,handle,1,1
cn.nc.issuance.bid.facade.controller.biddingManagement.bidSuppAdmiAdd.QueryResLeftAddController#handle,cn.nc.issuance.bid.facade.controller.biddingManagement.bidSuppAdmiAdd.QueryResLeftAddController,handle,1,1
cn.nc.issuance.dist.facade.controller.DistHisAgreementQueryController#handle,cn.nc.issuance.dist.facade.controller.DistHisAgreementQueryController,handle,1,1
cn.nc.channel.backend.facade.controller.UnUsedCmptQueryController#doService,cn.nc.channel.backend.facade.controller.UnUsedCmptQueryController,doService,6,19
cn.nc.pub.msg.facade.controller.outside.PubProductTagCacheController#getProductTagCache,cn.nc.pub.msg.facade.controller.outside.PubProductTagCacheController,getProductTagCache,1,2
cn.nc.user.conf.facade.controller.CenterConfInstDynamicFieldsByInstIdController#confInstDynamicFieldsByInstId,cn.nc.user.conf.facade.controller.CenterConfInstDynamicFieldsByInstIdController,confInstDynamicFieldsByInstId,1,1
cn.nc.user.index.facade.controller.GetStatisticsSealController#getStatisticsSealListByLogin,cn.nc.user.index.facade.controller.GetStatisticsSealController,getStatisticsSealListByLogin,1,1
cn.nc.issuance.bid.facade.controller.shchTenderMgmt.TiBondExportExcelController#exportBondInfo,cn.nc.issuance.bid.facade.controller.shchTenderMgmt.TiBondExportExcelController,exportBondInfo,1,1
cn.nc.issuance.book.dcm.query.facade.controller.purchaseorder.PurchaseOrderMarkerDetailController#handle,cn.nc.issuance.book.dcm.query.facade.controller.purchaseorder.PurchaseOrderMarkerDetailController,handle,1,1
cn.nc.issuance.book.dcm.facade.controller.job.threepartyunannouncedbond.IsemUnPublishBondDealDateController#handle,cn.nc.issuance.book.dcm.facade.controller.job.threepartyunannouncedbond.IsemUnPublishBondDealDateController,handle,1,1
cn.nc.user.position.facade.controller.center.CenterPositionHisFindInfoController#doService,cn.nc.user.position.facade.controller.center.CenterPositionHisFindInfoController,doService,4,8
cn.nc.pub.msg.facade.controller.product.ProductAddController#addProduct,cn.nc.pub.msg.facade.controller.product.ProductAddController,addProduct,1,1
cn.nc.issuance.book.dcm.facade.controller.systemadmin.AdvertisingPositionClickController#doService,cn.nc.issuance.book.dcm.facade.controller.systemadmin.AdvertisingPositionClickController,doService,5,10
cn.nc.issuance.book.dcm.query.facade.controller.querystatistics.OrganMonitorExportController#handle,cn.nc.issuance.book.dcm.query.facade.controller.querystatistics.OrganMonitorExportController,handle,1,1
cn.nc.issuance.book.dcm.query.facade.controller.dcmbondadmin.QueryFinanceStatementController#handle,cn.nc.issuance.book.dcm.query.facade.controller.dcmbondadmin.QueryFinanceStatementController,handle,1,1
cn.nc.issuance.common.facade.controller.OrgEnglishNameModifyController#handle,cn.nc.issuance.common.facade.controller.OrgEnglishNameModifyController,handle,1,1
cn.nc.issuance.book.dcm.facade.controller.homestart.CancelOptionalChannelController#doService,cn.nc.issuance.book.dcm.facade.controller.homestart.CancelOptionalChannelController,doService,2,8
cn.nc.issuance.book.dcm.query.facade.controller.homeStart.QueryReminderConfigController#handle,cn.nc.issuance.book.dcm.query.facade.controller.homeStart.QueryReminderConfigController,handle,1,1
cn.nc.user.staff.facade.controller.PermissionListController#handle,cn.nc.user.staff.facade.controller.PermissionListController,handle,1,1
cn.nc.user.inst.facade.controller.InstInfoHisCenterApprovalPassController#doService,cn.nc.user.inst.facade.controller.InstInfoHisCenterApprovalPassController,doService,2,3
cn.nc.operation.base.facade.controller.task.TaskQueryTodoController#queryTodo,cn.nc.operation.base.facade.controller.task.TaskQueryTodoController,queryTodo,1,1
cn.nc.user.seal.facade.controller.SealHisClientModifySaveController#sealHisModifySave,cn.nc.user.seal.facade.controller.SealHisClientModifySaveController,sealHisModifySave,1,1
cn.nc.issuance.book.dcm.query.facade.controller.bond.BondRoleQueryController#handle,cn.nc.issuance.book.dcm.query.facade.controller.bond.BondRoleQueryController,handle,1,1
cn.nc.issuance.book.dcm.query.facade.controller.hisinfoquery.SendRegistrationNoticeHisPreviewController#handle,cn.nc.issuance.book.dcm.query.facade.controller.hisinfoquery.SendRegistrationNoticeHisPreviewController,handle,3,10
cn.nc.channel.auth.inner.facade.controller.AuthPubFindLoginSessionController#doService,cn.nc.channel.auth.inner.facade.controller.AuthPubFindLoginSessionController,doService,2,2
cn.nc.issuance.book.dcm.query.facade.controller.systemadmin.AdvertisingPositionDetailExportController#doService,cn.nc.issuance.book.dcm.query.facade.controller.systemadmin.AdvertisingPositionDetailExportController,doService,4,20
cn.nc.channel.search.facade.controller.ManualCollectController#search,cn.nc.channel.search.facade.controller.ManualCollectController,search,1,1
cn.nc.issuance.book.dcm.query.facade.controller.bondauthorize.BondAuthorizeViewController#handle,cn.nc.issuance.book.dcm.query.facade.controller.bondauthorize.BondAuthorizeViewController,handle,1,1
cn.nc.user.centerorgquery.controller.CenterInstInfoListController#doService,cn.nc.user.centerorgquery.controller.CenterInstInfoListController,doService,3,2
cn.nc.pub.msg.facade.controller.common.DownloadTemplateController#doService,cn.nc.pub.msg.facade.controller.common.DownloadTemplateController,doService,2,9
cn.nc.issuance.book.dcm.facade.controller.external.DCMForExternalXInstitutionalChangeController#recInvestorOrgXInfo,cn.nc.issuance.book.dcm.facade.controller.external.DCMForExternalXInstitutionalChangeController,recInvestorOrgXInfo,1,1
cn.nc.issuance.dist.facade.controller.DistributionBuyerConfirmController#doService,cn.nc.issuance.dist.facade.controller.DistributionBuyerConfirmController,doService,22,80
cn.nc.user.inst.facade.controller.InstInfoHisCenterBatchApprovalRefuseController#instMaintainHisBatchApprovalRefuse,cn.nc.user.inst.facade.controller.InstInfoHisCenterBatchApprovalRefuseController,instMaintainHisBatchApprovalRefuse,1,1
cn.nc.issuance.book.dcm.query.facade.controller.bondallocation.BondAllocationController#handle,cn.nc.issuance.book.dcm.query.facade.controller.bondallocation.BondAllocationController,handle,1,1
cn.nc.issuance.bid.facade.controller.biddingManagement.bidSuppAdmi.QueryResRightController#doService,cn.nc.issuance.bid.facade.controller.biddingManagement.bidSuppAdmi.QueryResRightController,doService,6,8
cn.nc.pub.msg.facade.controller.select.SysNoSelectController#doService,cn.nc.pub.msg.facade.controller.select.SysNoSelectController,doService,2,3
cn.nc.pub.msg.facade.controller.parameterGroup.ParameterGroupGetController#doService,cn.nc.pub.msg.facade.controller.parameterGroup.ParameterGroupGetController,doService,6,39
cn.nc.issuance.book.dcm.facade.controller.directinvestor.whitelist.nx.AccountWlReSendController#doService,cn.nc.issuance.book.dcm.facade.controller.directinvestor.whitelist.nx.AccountWlReSendController,doService,9,32
cn.nc.user.reguser.facade.controller.LoginNoPwdCheckController#loginNoPwdCheck,cn.nc.user.reguser.facade.controller.LoginNoPwdCheckController,loginNoPwdCheck,1,1
cn.nc.channel.backend.facade.controller.FinTenderOfferQueryController#doService,cn.nc.channel.backend.facade.controller.FinTenderOfferQueryController,doService,3,6
cn.nc.issuance.book.dcm.query.facade.controller.systemadmin.AdvertisingPositionQueryController#doService,cn.nc.issuance.book.dcm.query.facade.controller.systemadmin.AdvertisingPositionQueryController,doService,4,10
cn.nc.issuance.book.dcm.facade.controller.systemadmin.BondConfigModifyController#doService,cn.nc.issuance.book.dcm.facade.controller.systemadmin.BondConfigModifyController,doService,2,1
cn.nc.issuance.common.facade.controller.SysDictionarySubAuditModifyController#doService,cn.nc.issuance.common.facade.controller.SysDictionarySubAuditModifyController,doService,9,32
cn.nc.issuance.book.dcm.facade.controller.purchaseManage.PurchaseOffManModifyController#handle,cn.nc.issuance.book.dcm.facade.controller.purchaseManage.PurchaseOffManModifyController,handle,1,1
cn.nc.operation.task.engine.controller.CompletedHisQueryController#doService,cn.nc.operation.task.engine.controller.CompletedHisQueryController,doService,3,4
cn.nc.pub.wkcl.facade.controller.trade.TradeCalQueryController#queryPage,cn.nc.pub.wkcl.facade.controller.trade.TradeCalQueryController,queryPage,1,1
cn.nc.user.conf.facade.CenterSysConfigFieldSaveOrderController#doService,cn.nc.user.conf.facade.CenterSysConfigFieldSaveOrderController,doService,2,8
cn.nc.channel.backend.facade.controller.UserSearchEntranceController#doService,cn.nc.channel.backend.facade.controller.UserSearchEntranceController,doService,7,55
cn.nc.operation.base.facade.controller.work.ManagerWorkGroupsQueryController#doService,cn.nc.operation.base.facade.controller.work.ManagerWorkGroupsQueryController,doService,4,11
cn.nc.issuance.book.dcm.facade.controller.consignpercent.ConsignPercentConfirmController#handle,cn.nc.issuance.book.dcm.facade.controller.consignpercent.ConsignPercentConfirmController,handle,1,1
cn.nc.user.cfaeacct.facade.controller.CenterCfaeAcctBatchDeleteController#doService,cn.nc.user.cfaeacct.facade.controller.CenterCfaeAcctBatchDeleteController,doService,2,3
cn.nc.user.xfile.facade.controller.XFileExtController#batchDeleteByUrls,cn.nc.user.xfile.facade.controller.XFileExtController,batchDeleteByUrls,1,7
cn.nc.issuance.book.dcm.facade.controller.purchaseorder.PurOrderMakeupCancelController#handle,cn.nc.issuance.book.dcm.facade.controller.purchaseorder.PurOrderMakeupCancelController,handle,1,1
cn.nc.issuance.book.dcm.query.facade.controller.bondAdd.BondYearDayModeListController#doService,cn.nc.issuance.book.dcm.query.facade.controller.bondAdd.BondYearDayModeListController,doService,1,1
cn.nc.issuance.book.dcm.query.facade.controller.bondAdd.BondQueryEmergController#doService,cn.nc.issuance.book.dcm.query.facade.controller.bondAdd.BondQueryEmergController,doService,7,42
cn.nc.pub.msg.facade.controller.send.QuerySendMessageController#querySendMessage,cn.nc.pub.msg.facade.controller.send.QuerySendMessageController,querySendMessage,1,1
cn.nc.issuance.book.dcm.query.facade.controller.bondAdd.BondAssetCategoryListController#doService,cn.nc.issuance.book.dcm.query.facade.controller.bondAdd.BondAssetCategoryListController,doService,1,1
cn.nc.issuance.book.dcm.query.facade.controller.querystatistics.QueryBondStaticsController#handle,cn.nc.issuance.book.dcm.query.facade.controller.querystatistics.QueryBondStaticsController,handle,1,1
cn.nc.issuance.book.dcm.query.facade.controller.dcmbondadmin.PurchaseHisExporeController#handle,cn.nc.issuance.book.dcm.query.facade.controller.dcmbondadmin.PurchaseHisExporeController,handle,1,1
cn.nc.user.cfaeacct.facade.controller.OperatorDepositAcctQueryListController#operatorDepositAcctQueryList,cn.nc.user.cfaeacct.facade.controller.OperatorDepositAcctQueryListController,operatorDepositAcctQueryList,1,1
cn.nc.user.query.facade.controller.GetUserInfoHisByUserIdController#doService,cn.nc.user.query.facade.controller.GetUserInfoHisByUserIdController,doService,3,8
cn.nc.issuance.book.dcm.query.facade.controller.querystatistics.QueryUnderWritingRatioDetailController#doService,cn.nc.issuance.book.dcm.query.facade.controller.querystatistics.QueryUnderWritingRatioDetailController,doService,2,3
cn.nc.issuance.book.dcm.facade.controller.bondAdd.BondAdditionSaveController#handle,cn.nc.issuance.book.dcm.facade.controller.bondAdd.BondAdditionSaveController,handle,1,1
cn.nc.user.cfaeacct.facade.controller.CenterCfaeAcctHisDetailController#doService,cn.nc.user.cfaeacct.facade.controller.CenterCfaeAcctHisDetailController,doService,3,8
cn.nc.user.cfaeacct.facade.controller.ClientCfaeAcctModifySaveController#cfaeacctModifySaveClient,cn.nc.user.cfaeacct.facade.controller.ClientCfaeAcctModifySaveController,cfaeacctModifySaveClient,1,1
cn.nc.issuance.common.facade.controller.BondKindConfigEnableController#handle,cn.nc.issuance.common.facade.controller.BondKindConfigEnableController,handle,1,1
cn.nc.pub.msg.facade.controller.setting.MsgEmailServerDeleteController#doService,cn.nc.pub.msg.facade.controller.setting.MsgEmailServerDeleteController,doService,3,6
cn.nc.issuance.book.dcm.query.facade.controller.dcmbondadmin.BondPublishDetailController#handle,cn.nc.issuance.book.dcm.query.facade.controller.dcmbondadmin.BondPublishDetailController,handle,1,1
cn.nc.pub.msg.facade.controller.setting.MsgEmailServerQueryController#doService,cn.nc.pub.msg.facade.controller.setting.MsgEmailServerQueryController,doService,3,4
cn.nc.user.reguser.facade.controller.TurnUserIdentifyController#doService,cn.nc.user.reguser.facade.controller.TurnUserIdentifyController,doService,4,2
cn.nc.channel.mix.controller.channel.selfbond.QueryInstitutionHistoricalBondsController#queryInstitutionHistoricalBonds,cn.nc.channel.mix.controller.channel.selfbond.QueryInstitutionHistoricalBondsController,queryInstitutionHistoricalBonds,1,1
cn.nc.pub.msg.facade.controller.parameterTemplate.ParameterTemplateImportController#doService,cn.nc.pub.msg.facade.controller.parameterTemplate.ParameterTemplateImportController,doService,2,15
cn.nc.pub.msg.facade.controller.parameterGroup.ParameterGroupExportController#exportParameterGroup,cn.nc.pub.msg.facade.controller.parameterGroup.ParameterGroupExportController,exportParameterGroup,1,1
cn.nc.channel.backend.facade.controller.ComponentPageQueryController#doService,cn.nc.channel.backend.facade.controller.ComponentPageQueryController,doService,3,14
cn.nc.user.inst.facade.controller.InstInfoHisCenterApprovalRefuseController#doService,cn.nc.user.inst.facade.controller.InstInfoHisCenterApprovalRefuseController,doService,2,3
cn.nc.user.instoperuser.facade.controller.AddOperUserController#instOperUserAdd,cn.nc.user.instoperuser.facade.controller.AddOperUserController,instOperUserAdd,1,1
cn.nc.issuance.book.dcm.query.facade.controller.bond.PrdtRatingListController#handle,cn.nc.issuance.book.dcm.query.facade.controller.bond.PrdtRatingListController,handle,1,1
cn.nc.user.inst.facade.controller.InstInfoHisAddSaveController#instInfoHisAddSave,cn.nc.user.inst.facade.controller.InstInfoHisAddSaveController,instInfoHisAddSave,1,1
cn.nc.issuance.common.facade.controller.SysDictionaryListController#handle,cn.nc.issuance.common.facade.controller.SysDictionaryListController,handle,1,1
cn.nc.pub.wkcl.facade.controller.sys.SysTradeCalDeleteController#delete,cn.nc.pub.wkcl.facade.controller.sys.SysTradeCalDeleteController,delete,1,1
cn.nc.issuance.book.dcm.query.facade.controller.hisinfoquery.TemplateQueryController#doService,cn.nc.issuance.book.dcm.query.facade.controller.hisinfoquery.TemplateQueryController,doService,2,2
cn.nc.channel.mix.controller.channel.statistic.QueryInstitutionBondUnderwritingStatsController#doService,cn.nc.channel.mix.controller.channel.statistic.QueryInstitutionBondUnderwritingStatsController,doService,3,25
cn.nc.user.seal.facade.controller.SealHisClientApprovalRefuseController#sealHisApprovalPass,cn.nc.user.seal.facade.controller.SealHisClientApprovalRefuseController,sealHisApprovalPass,1,1
cn.nc.issuance.book.dcm.facade.controller.bondAdmin.BondSubjectModifyController#doService,cn.nc.issuance.book.dcm.facade.controller.bondAdmin.BondSubjectModifyController,doService,8,16
cn.nc.pub.msg.facade.controller.setting.MsgSceneConfigSaveController#doService,cn.nc.pub.msg.facade.controller.setting.MsgSceneConfigSaveController,doService,5,8
cn.nc.issuance.book.dcm.query.facade.controller.systemadmin.SendNoticeToXPViewController#handle,cn.nc.issuance.book.dcm.query.facade.controller.systemadmin.SendNoticeToXPViewController,handle,3,10
cn.nc.issuance.book.dcm.query.facade.controller.hisinfoquery.PlanPublishItemsQueryController#handle,cn.nc.issuance.book.dcm.query.facade.controller.hisinfoquery.PlanPublishItemsQueryController,handle,1,1
cn.nc.issuance.common.facade.controller.RegtrationFilesToSHCHExController#doService,cn.nc.issuance.common.facade.controller.RegtrationFilesToSHCHExController,doService,1,1
cn.nc.operation.base.facade.controller.task.TaskClaimController#doService,cn.nc.operation.base.facade.controller.task.TaskClaimController,doService,7,37
cn.nc.issuance.book.dcm.query.facade.controller.purchaseOffer.PurchaseOfferManageEnglishController#handle,cn.nc.issuance.book.dcm.query.facade.controller.purchaseOffer.PurchaseOfferManageEnglishController,handle,1,1
cn.nc.issuance.book.dcm.facade.controller.pricingplacing.PricingPlacingModifyController#handle,cn.nc.issuance.book.dcm.facade.controller.pricingplacing.PricingPlacingModifyController,handle,1,1
cn.nc.user.query.facade.controller.GetInstThirdUserRelApplyController#getInstThirdUserRelApplyInfo,cn.nc.user.query.facade.controller.GetInstThirdUserRelApplyController,getInstThirdUserRelApplyInfo,1,1
cn.nc.user.clientorgquery.facade.controller.ClientOrgUserSelectViewHisController#clientOrgUserHisDetail,cn.nc.user.clientorgquery.facade.controller.ClientOrgUserSelectViewHisController,clientOrgUserHisDetail,1,1
cn.nc.user.inst.facade.controller.InstInfoHisBatchDeleteController#instInfoHisBatchDelete,cn.nc.user.inst.facade.controller.InstInfoHisBatchDeleteController,instInfoHisBatchDelete,1,1
cn.nc.channel.backend.facade.controller.LayoutChangeRemindQueryController#queryLayoutChangeRemindInfo,cn.nc.channel.backend.facade.controller.LayoutChangeRemindQueryController,queryLayoutChangeRemindInfo,1,1
cn.nc.user.conf.facade.controller.CenterConfBusinessRoleDetailController#doService,cn.nc.user.conf.facade.controller.CenterConfBusinessRoleDetailController,doService,4,5
cn.nc.issuance.book.dcm.facade.controller.nxMessage.SearchNxMessageSendController#doService,cn.nc.issuance.book.dcm.facade.controller.nxMessage.SearchNxMessageSendController,doService,2,1
cn.nc.issuance.bid.facade.controller.biddingManagement.bidSuppAdmi.QueryResLeftController#handle,cn.nc.issuance.bid.facade.controller.biddingManagement.bidSuppAdmi.QueryResLeftController,handle,1,1
cn.nc.user.query.facade.controller.QueryInstOperPostRelController#doService,cn.nc.user.query.facade.controller.QueryInstOperPostRelController,doService,1,1
cn.nc.issuance.book.dcm.query.facade.controller.purchaseorder.PurOrderMakeupSelectController#handle,cn.nc.issuance.book.dcm.query.facade.controller.purchaseorder.PurOrderMakeupSelectController,handle,1,1
cn.nc.issuance.bid.facade.controller.biddingManagement.bidSuppAdmiAdd.QueryResLeftAddController#doService,cn.nc.issuance.bid.facade.controller.biddingManagement.bidSuppAdmiAdd.QueryResLeftAddController,doService,9,42
cn.nc.issuance.dist.facade.controller.DistDetailQueryController#handle,cn.nc.issuance.dist.facade.controller.DistDetailQueryController,handle,1,1
cn.nc.issuance.book.dcm.query.facade.controller.bondAdd.BondHoldModeListController#handle,cn.nc.issuance.book.dcm.query.facade.controller.bondAdd.BondHoldModeListController,handle,1,1
cn.nc.user.centerorgquery.controller.CenterOrgUserListController#centerOrgUserList,cn.nc.user.centerorgquery.controller.CenterOrgUserListController,centerOrgUserList,1,1
cn.nc.issuance.book.dcm.query.facade.controller.hisinfoquery.TemplateQueryController#templateQuery,cn.nc.issuance.book.dcm.query.facade.controller.hisinfoquery.TemplateQueryController,templateQuery,1,1
cn.nc.issuance.book.dcm.facade.controller.external.DCMForExternalFileUploadController#doService,cn.nc.issuance.book.dcm.facade.controller.external.DCMForExternalFileUploadController,doService,3,5
cn.nc.issuance.book.dcm.query.facade.controller.informationservice.ComprehensiveDataController#handle,cn.nc.issuance.book.dcm.query.facade.controller.informationservice.ComprehensiveDataController,handle,1,1
cn.nc.user.inst.facade.controller.InstInfoHisCenterBatchApprovalRefuseController#doService,cn.nc.user.inst.facade.controller.InstInfoHisCenterBatchApprovalRefuseController,doService,3,15
cn.nc.issuance.dist.facade.controller.SimDistInfoExpController#doService,cn.nc.issuance.dist.facade.controller.SimDistInfoExpController,doService,1,1
cn.nc.user.ukey.facade.controller.GetUkeyApplyDetailsController#doService,cn.nc.user.ukey.facade.controller.GetUkeyApplyDetailsController,doService,3,9
cn.nc.issuance.book.dcm.query.facade.controller.bondAdd.BondQueryHisBondController#handle,cn.nc.issuance.book.dcm.query.facade.controller.bondAdd.BondQueryHisBondController,handle,1,1
cn.nc.issuance.book.dcm.query.facade.controller.directinvestor.PreviewDirectInvestorAuthFileController#doService,cn.nc.issuance.book.dcm.query.facade.controller.directinvestor.PreviewDirectInvestorAuthFileController,doService,3,2
cn.nc.issuance.book.dcm.facade.controller.pricingplacing.PricingPlacingGenPlacingConfirmBillController#handle,cn.nc.issuance.book.dcm.facade.controller.pricingplacing.PricingPlacingGenPlacingConfirmBillController,handle,1,1
cn.nc.channel.mix.controller.channel.fulltext.QueryFullTextFinancialBondsController#doService,cn.nc.channel.mix.controller.channel.fulltext.QueryFullTextFinancialBondsController,doService,3,2
cn.nc.issuance.common.facade.controller.SysDictionaryAuditModifyController#handle,cn.nc.issuance.common.facade.controller.SysDictionaryAuditModifyController,handle,1,1
cn.nc.issuance.book.dcm.query.facade.controller.hisinfoquery.PlanPublishItemsExportController#doService,cn.nc.issuance.book.dcm.query.facade.controller.hisinfoquery.PlanPublishItemsExportController,doService,4,16
cn.nc.issuance.book.dcm.facade.controller.group.GroupSaveGroupClickController#doService,cn.nc.issuance.book.dcm.facade.controller.group.GroupSaveGroupClickController,doService,20,74
cn.nc.user.staff.facade.controller.MenuDeleteController#doService,cn.nc.user.staff.facade.controller.MenuDeleteController,doService,7,12
cn.nc.pub.msg.facade.controller.productParameter.ProductParameterAgreeController#doService,cn.nc.pub.msg.facade.controller.productParameter.ProductParameterAgreeController,doService,22,186
cn.nc.issuance.book.dcm.facade.controller.bondAdmin.MqSendProductModifyController#handle,cn.nc.issuance.book.dcm.facade.controller.bondAdmin.MqSendProductModifyController,handle,1,1
cn.nc.user.conf.facade.controller.CenterConfAccountTabListController#confAccountTabList,cn.nc.user.conf.facade.controller.CenterConfAccountTabListController,confAccountTabList,1,1
cn.nc.user.ukey.facade.controller.ExportCenterUkeyMaintainQueryController#centerExportUkeyMaintainExcel,cn.nc.user.ukey.facade.controller.ExportCenterUkeyMaintainQueryController,centerExportUkeyMaintainExcel,4,9
cn.nc.user.sync.facade.controller.SyncRegisterUserController#syncRegisterUser,cn.nc.user.sync.facade.controller.SyncRegisterUserController,syncRegisterUser,1,1
cn.nc.channel.auth.outer.facade.controller.VefifySliderKaptchaController#doService,cn.nc.channel.auth.outer.facade.controller.VefifySliderKaptchaController,doService,18,194
cn.nc.operation.base.facade.controller.work.WorkGroupQueryMembersController#doService,cn.nc.operation.base.facade.controller.work.WorkGroupQueryMembersController,doService,7,20
cn.nc.operation.base.facade.controller.work.WorkGroupQueryController#query,cn.nc.operation.base.facade.controller.work.WorkGroupQueryController,query,1,1
cn.nc.user.ukey.facade.controller.QueryUkeyApplyHisController#doService,cn.nc.user.ukey.facade.controller.QueryUkeyApplyHisController,doService,4,7
cn.nc.issuance.common.facade.controller.operation.BondAuthorizePreviewListController#handle,cn.nc.issuance.common.facade.controller.operation.BondAuthorizePreviewListController,handle,1,1
cn.nc.pub.msg.facade.controller.setting.MsgSceneConfigSaveController#saveOrUpdate,cn.nc.pub.msg.facade.controller.setting.MsgSceneConfigSaveController,saveOrUpdate,1,1
cn.nc.user.template.facade.controller.CenterApproveTemplateMagnifierListController#approveTemplateMagnifierList,cn.nc.user.template.facade.controller.CenterApproveTemplateMagnifierListController,approveTemplateMagnifierList,1,1
cn.nc.user.initinst.facade.controller.GetInstOpenApplyDetailsController#getInstOpenApplyDetails,cn.nc.user.initinst.facade.controller.GetInstOpenApplyDetailsController,getInstOpenApplyDetails,1,1
cn.nc.pub.msg.facade.controller.select.BizSystemSelectController#doService,cn.nc.pub.msg.facade.controller.select.BizSystemSelectController,doService,3,2
cn.nc.issuance.book.dcm.facade.controller.pricingplacing.BondPreviewRegFileController#doService,cn.nc.issuance.book.dcm.facade.controller.pricingplacing.BondPreviewRegFileController,doService,1,1
cn.nc.issuance.dist.facade.controller.TemplateHisQueryController#doService,cn.nc.issuance.dist.facade.controller.TemplateHisQueryController,doService,4,8
cn.nc.user.centerinstuseroperator.controller.CenterInstOperListController#centerInstOperList,cn.nc.user.centerinstuseroperator.controller.CenterInstOperListController,centerInstOperList,1,1
cn.nc.channel.mix.controller.issuance.QueryPurchaseContactInfoController#doService,cn.nc.channel.mix.controller.issuance.QueryPurchaseContactInfoController,doService,3,2
cn.nc.issuance.common.facade.controller.operation.ContactPortListController#handle,cn.nc.issuance.common.facade.controller.operation.ContactPortListController,handle,1,1
cn.nc.pub.msg.facade.controller.productInstance.ProductInstanceListQueryController#getInstanceList,cn.nc.pub.msg.facade.controller.productInstance.ProductInstanceListQueryController,getInstanceList,1,1
cn.nc.user.staff.facade.controller.PermissionDeleteController#doService,cn.nc.user.staff.facade.controller.PermissionDeleteController,doService,12,29
cn.nc.channel.mix.controller.issuance.QueryTodayPublishBondsController#queryTodayPublishBonds,cn.nc.channel.mix.controller.issuance.QueryTodayPublishBondsController,queryTodayPublishBonds,1,1
cn.nc.issuance.book.dcm.facade.controller.bondadjustorder.BondAdjustOrderauditRateController#handle,cn.nc.issuance.book.dcm.facade.controller.bondadjustorder.BondAdjustOrderauditRateController,handle,1,1
cn.nc.channel.mix.controller.channel.issuedbond.QueryIssuedFinancialBondsController#doService,cn.nc.channel.mix.controller.channel.issuedbond.QueryIssuedFinancialBondsController,doService,3,2
cn.nc.user.query.facade.controller.CompareUserInfoHisListController#compareUserInfoHisList,cn.nc.user.query.facade.controller.CompareUserInfoHisListController,compareUserInfoHisList,1,1
cn.nc.user.reguser.facade.controller.RegUserExcelImpOrExpController#batchImportRegisterUser,cn.nc.user.reguser.facade.controller.RegUserExcelImpOrExpController,batchImportRegisterUser,5,64
cn.nc.starter.file.controller.FileStorageController#downloadByUrlBytes,cn.nc.starter.file.controller.FileStorageController,downloadByUrlBytes,1,4
cn.nc.issuance.book.dcm.query.facade.controller.bond.BondInfoQueryListController#doService,cn.nc.issuance.book.dcm.query.facade.controller.bond.BondInfoQueryListController,doService,3,3
cn.nc.user.comtask.facade.controller.CenterComTaskApproveController#doService,cn.nc.user.comtask.facade.controller.CenterComTaskApproveController,doService,2,18
cn.nc.issuance.book.dcm.query.facade.controller.bill.BillBondQueryListController#handle,cn.nc.issuance.book.dcm.query.facade.controller.bill.BillBondQueryListController,handle,1,1
cn.nc.user.ukey.facade.controller.UkeyMaintainHisClientDeleteController#ukeyMaintainHisDelete,cn.nc.user.ukey.facade.controller.UkeyMaintainHisClientDeleteController,ukeyMaintainHisDelete,1,1
cn.nc.user.archive.facade.controller.FileArchiveBatchDeleteController#fileArchiveDelete,cn.nc.user.archive.facade.controller.FileArchiveBatchDeleteController,fileArchiveDelete,1,1
cn.nc.user.ukey.facade.controller.UkeyExpressCenterDeleteController#ukeyExpressDelete,cn.nc.user.ukey.facade.controller.UkeyExpressCenterDeleteController,ukeyExpressDelete,1,1
cn.nc.issuance.book.dcm.query.facade.controller.consignpercent.ConsignPercentViewDetailController#doService,cn.nc.issuance.book.dcm.query.facade.controller.consignpercent.ConsignPercentViewDetailController,doService,2,1
cn.nc.user.query.facade.controller.GetUserInfoHisDetailsController#getUserInfoDetails,cn.nc.user.query.facade.controller.GetUserInfoHisDetailsController,getUserInfoDetails,1,1
cn.nc.issuance.book.dcm.facade.controller.pricingplacing.ReceiptConfirmController#handle,cn.nc.issuance.book.dcm.facade.controller.pricingplacing.ReceiptConfirmController,handle,1,1
cn.nc.user.ukey.facade.controller.QueryUkeyApplyController#queryUkeyApplyList,cn.nc.user.ukey.facade.controller.QueryUkeyApplyController,queryUkeyApplyList,1,1
cn.nc.issuance.bid.facade.controller.biddingresultMgmt.ConfirmPlacingResultController#doService,cn.nc.issuance.bid.facade.controller.biddingresultMgmt.ConfirmPlacingResultController,doService,36,137
cn.nc.user.staff.facade.controller.in.UserPositionFindListController#handle,cn.nc.user.staff.facade.controller.in.UserPositionFindListController,handle,1,1
cn.nc.issuance.book.dcm.facade.controller.bondAdmin.BondSubjectSaveController#handle,cn.nc.issuance.book.dcm.facade.controller.bondAdmin.BondSubjectSaveController,handle,1,1
cn.nc.issuance.book.dcm.facade.controller.external.DCMForExternalNInstitutionalChangeController#recInvestorOrgNInfo,cn.nc.issuance.book.dcm.facade.controller.external.DCMForExternalNInstitutionalChangeController,recInvestorOrgNInfo,1,1
cn.nc.user.conf.facade.CenterSysBusinessRoleLinkBatchDeleteController#sysBusinessRoleLinkBatchDelete,cn.nc.user.conf.facade.CenterSysBusinessRoleLinkBatchDeleteController,sysBusinessRoleLinkBatchDelete,1,1
cn.nc.pub.msg.facade.controller.parameterRule.ParameterRuleListQueryController#getList,cn.nc.pub.msg.facade.controller.parameterRule.ParameterRuleListQueryController,getList,1,1
cn.nc.pub.msg.facade.controller.parameterGroup.ParameterGroupListQueryController#doService,cn.nc.pub.msg.facade.controller.parameterGroup.ParameterGroupListQueryController,doService,2,4
cn.nc.issuance.bid.facade.controller.biddingManagement.bidSuppAdmi.ImportRightAdditionController#handle,cn.nc.issuance.bid.facade.controller.biddingManagement.bidSuppAdmi.ImportRightAdditionController,handle,2,29
cn.nc.user.staff.facade.controller.MenuUserPageMenuListController#handle,cn.nc.user.staff.facade.controller.MenuUserPageMenuListController,handle,1,1
cn.nc.issuance.book.dcm.query.facade.controller.issueamountadjust.IssueAmountAdjustQueryListAuditController#doService,cn.nc.issuance.book.dcm.query.facade.controller.issueamountadjust.IssueAmountAdjustQueryListAuditController,doService,1,1
cn.nc.issuance.book.dcm.query.facade.controller.bond.BondBasicInfoController#doService,cn.nc.issuance.book.dcm.query.facade.controller.bond.BondBasicInfoController,doService,2,1
cn.nc.issuance.book.dcm.query.facade.controller.dcmbondadmin.PurchaseHisQueryController#doService,cn.nc.issuance.book.dcm.query.facade.controller.dcmbondadmin.PurchaseHisQueryController,doService,3,2
cn.nc.channel.mix.controller.channel.subscribe.QueryFinancialPurchasedBondsController#queryFinancialPurchasedBonds,cn.nc.channel.mix.controller.channel.subscribe.QueryFinancialPurchasedBondsController,queryFinancialPurchasedBonds,1,1
cn.nc.issuance.common.facade.controller.ErrorInfoAuditListController#doService,cn.nc.issuance.common.facade.controller.ErrorInfoAuditListController,doService,4,7
cn.nc.user.reguser.facade.controller.QueryUserInfoByInstUserCodeController#queryUserInfoListByInstUserCodes,cn.nc.user.reguser.facade.controller.QueryUserInfoByInstUserCodeController,queryUserInfoListByInstUserCodes,1,1
cn.nc.pub.msg.facade.controller.product.ProductDownloadController#download,cn.nc.pub.msg.facade.controller.product.ProductDownloadController,download,1,1
cn.nc.user.ukey.facade.controller.UkeyApplyHisCenterApprovalCancelController#doService,cn.nc.user.ukey.facade.controller.UkeyApplyHisCenterApprovalCancelController,doService,2,3
cn.nc.issuance.book.dcm.facade.controller.bondadjustorder.BjBondAdjustNoticeReGenSendController#doService,cn.nc.issuance.book.dcm.facade.controller.bondadjustorder.BjBondAdjustNoticeReGenSendController,doService,10,5
cn.nc.issuance.bid.facade.controller.biddingresultMgmt.CheckPlacingResultController#checkPlacingResult,cn.nc.issuance.bid.facade.controller.biddingresultMgmt.CheckPlacingResultController,checkPlacingResult,1,1
cn.nc.issuance.book.dcm.query.facade.controller.homeStart.QueryReminderConfigController#doService,cn.nc.issuance.book.dcm.query.facade.controller.homeStart.QueryReminderConfigController,doService,2,1
cn.nc.user.instacct.controller.BatchDelInstCapitalAcctController#doService,cn.nc.user.instacct.controller.BatchDelInstCapitalAcctController,doService,2,3
cn.nc.issuance.book.dcm.facade.controller.purchaseOffer.PurchaseOfferAddController#doService,cn.nc.issuance.book.dcm.facade.controller.purchaseOffer.PurchaseOfferAddController,doService,2,1
cn.nc.pub.msg.facade.controller.outside.PubProductTagDetailQueryController#doService,cn.nc.pub.msg.facade.controller.outside.PubProductTagDetailQueryController,doService,1,1
cn.nc.channel.backend.facade.controller.GuestSearchEntranceController#guestQueryEntrance,cn.nc.channel.backend.facade.controller.GuestSearchEntranceController,guestQueryEntrance,1,1
cn.nc.issuance.book.dcm.facade.controller.pricingplacing.PreSalesAmountConfirmController#doService,cn.nc.issuance.book.dcm.facade.controller.pricingplacing.PreSalesAmountConfirmController,doService,3,2
cn.nc.user.conf.facade.CenterSysBusinessRoleLinkSaveController#doService,cn.nc.user.conf.facade.CenterSysBusinessRoleLinkSaveController,doService,13,42
cn.nc.issuance.book.dcm.query.facade.controller.hisinfoquery.PublishSolutionBatchDownLoadController#handle,cn.nc.issuance.book.dcm.query.facade.controller.hisinfoquery.PublishSolutionBatchDownLoadController,handle,1,1
cn.nc.issuance.bid.facade.controller.shchTenderMgmt.TiBillGenController#handle,cn.nc.issuance.bid.facade.controller.shchTenderMgmt.TiBillGenController,handle,1,1
cn.nc.pub.wkcl.facade.controller.trade.TradeCalDetailSaveController#saveOrUpdate,cn.nc.pub.wkcl.facade.controller.trade.TradeCalDetailSaveController,saveOrUpdate,1,1
cn.nc.issuance.book.dcm.query.facade.controller.issueamountadjust.AmountAdjustDetailController#doService,cn.nc.issuance.book.dcm.query.facade.controller.issueamountadjust.AmountAdjustDetailController,doService,4,7
cn.nc.channel.backend.facade.controller.ComponentConfigDelController#doService,cn.nc.channel.backend.facade.controller.ComponentConfigDelController,doService,4,7
cn.nc.channel.auth.inner.facade.controller.AuthPubAccessTokenController#handle,cn.nc.channel.auth.inner.facade.controller.AuthPubAccessTokenController,handle,1,1
cn.nc.issuance.book.dcm.facade.controller.external.DCMForExternalRecNoticeDiscloseController#doService,cn.nc.issuance.book.dcm.facade.controller.external.DCMForExternalRecNoticeDiscloseController,doService,3,5
cn.nc.channel.backend.facade.controller.FinDailyIssueQueryController#doService,cn.nc.channel.backend.facade.controller.FinDailyIssueQueryController,doService,3,6
cn.nc.user.external.facade.controller.InstOperIdsController#doService,cn.nc.user.external.facade.controller.InstOperIdsController,doService,5,28
cn.nc.pub.msg.facade.controller.log.ReceiveRecordQueryController#doService,cn.nc.pub.msg.facade.controller.log.ReceiveRecordQueryController,doService,3,9
cn.nc.issuance.book.dcm.query.facade.controller.querystatistics.ExportBiddingOrganDetailController#handle,cn.nc.issuance.book.dcm.query.facade.controller.querystatistics.ExportBiddingOrganDetailController,handle,1,1
cn.nc.operation.task.engine.controller.BusinessTaskDisclaimController#claim,cn.nc.operation.task.engine.controller.BusinessTaskDisclaimController,claim,1,1
cn.nc.issuance.book.dcm.query.facade.controller.bondallocation.BondAllocationDetailController#handle,cn.nc.issuance.book.dcm.query.facade.controller.bondallocation.BondAllocationDetailController,handle,1,1
cn.nc.issuance.book.dcm.query.facade.controller.querystatistics.DownLoadFilesController#doService,cn.nc.issuance.book.dcm.query.facade.controller.querystatistics.DownLoadFilesController,doService,2,1
cn.nc.issuance.book.dcm.query.facade.controller.bondallocation.BondAllocationController#doService,cn.nc.issuance.book.dcm.query.facade.controller.bondallocation.BondAllocationController,doService,4,7
cn.nc.channel.auth.outer.facade.controller.AppMobileRegistrationController#registerAppMobileUser,cn.nc.channel.auth.outer.facade.controller.AppMobileRegistrationController,registerAppMobileUser,1,1
cn.nc.pub.msg.facade.controller.parameterTemplate.ParameterTemplateSubmitController#doService,cn.nc.pub.msg.facade.controller.parameterTemplate.ParameterTemplateSubmitController,doService,4,7
cn.nc.issuance.book.dcm.facade.controller.bondadjustorder.BondAdjustOrderAddAgencyTailRateController#handle,cn.nc.issuance.book.dcm.facade.controller.bondadjustorder.BondAdjustOrderAddAgencyTailRateController,handle,1,1
cn.nc.issuance.bid.facade.controller.bondccdc.SubmitBondInfoCcdcController#doService,cn.nc.issuance.bid.facade.controller.bondccdc.SubmitBondInfoCcdcController,doService,7,14
cn.nc.issuance.book.dcm.query.facade.controller.purchaseManage.PurchaseOfferExprotDetilListController#handle,cn.nc.issuance.book.dcm.query.facade.controller.purchaseManage.PurchaseOfferExprotDetilListController,handle,1,1
cn.nc.user.conf.facade.controller.CenterConfBusinessRoleDetailController#confBusinessRoleDetail,cn.nc.user.conf.facade.controller.CenterConfBusinessRoleDetailController,confBusinessRoleDetail,1,1
cn.nc.channel.msg.facade.controller.NoticeSendController#doService,cn.nc.channel.msg.facade.controller.NoticeSendController,doService,2,1
cn.nc.issuance.book.dcm.facade.controller.modifyinterimbondinfo.ModifyInterimBondSaveModifyApplyController#doService,cn.nc.issuance.book.dcm.facade.controller.modifyinterimbondinfo.ModifyInterimBondSaveModifyApplyController,doService,1,1
cn.nc.issuance.bid.facade.controller.shchTenderMgmt.TiShchBondPublishController#doService,cn.nc.issuance.bid.facade.controller.shchTenderMgmt.TiShchBondPublishController,doService,2,2
cn.nc.issuance.dist.facade.controller.DistBillsDownLoadController#doService,cn.nc.issuance.dist.facade.controller.DistBillsDownLoadController,doService,2,12
cn.nc.channel.mix.controller.channel.fulltext.QueryFullTextBondsController#queryFullTextBonds,cn.nc.channel.mix.controller.channel.fulltext.QueryFullTextBondsController,queryFullTextBonds,1,1
cn.nc.issuance.bid.facade.controller.biddingManagement.bidSuppAdmi.DownLoadRightAdditionController#doService,cn.nc.issuance.bid.facade.controller.biddingManagement.bidSuppAdmi.DownLoadRightAdditionController,doService,2,13
cn.nc.issuance.book.dcm.query.facade.controller.directinvestor.QueryDirectInvestorAuthHisDetailController#doService,cn.nc.issuance.book.dcm.query.facade.controller.directinvestor.QueryDirectInvestorAuthHisDetailController,doService,3,3
cn.nc.user.cfaeacct.facade.controller.ClientCfaeAcctHisDetailListController#doService,cn.nc.user.cfaeacct.facade.controller.ClientCfaeAcctHisDetailListController,doService,2,2
cn.nc.issuance.common.facade.controller.SysDictionaryAuditCheckController#handle,cn.nc.issuance.common.facade.controller.SysDictionaryAuditCheckController,handle,1,1
cn.nc.issuance.book.dcm.query.facade.controller.PricingPlacingPlacingTryController#doService,cn.nc.issuance.book.dcm.query.facade.controller.PricingPlacingPlacingTryController,doService,1,1
cn.nc.channel.mix.controller.issuance.QueryContactInfoController#doService,cn.nc.channel.mix.controller.issuance.QueryContactInfoController,doService,3,2
cn.nc.issuance.book.dcm.query.facade.controller.systemadmin.PreviewLocalConfirmListController#handle,cn.nc.issuance.book.dcm.query.facade.controller.systemadmin.PreviewLocalConfirmListController,handle,1,1
cn.nc.user.openacctquery.controller.ExportOpenAcctQueryResultController#exportInstOperOpenAcctQueryResult,cn.nc.user.openacctquery.controller.ExportOpenAcctQueryResultController,exportInstOperOpenAcctQueryResult,3,12
cn.nc.user.xfile.facade.controller.XFileExtController#downloadXFileById,cn.nc.user.xfile.facade.controller.XFileExtController,downloadXFileById,4,23
cn.nc.issuance.book.dcm.query.facade.controller.purchaseOffer.PurchaseOfferDetailController#handle,cn.nc.issuance.book.dcm.query.facade.controller.purchaseOffer.PurchaseOfferDetailController,handle,1,1
cn.nc.user.ukey.facade.controller.QueryUkeyClientController#doService,cn.nc.user.ukey.facade.controller.QueryUkeyClientController,doService,4,7
cn.nc.pub.msg.facade.controller.productParameter.ProductParameterEnableController#enable,cn.nc.pub.msg.facade.controller.productParameter.ProductParameterEnableController,enable,1,1
cn.nc.operation.base.facade.controller.task.TaskQueryCompletedController#doService,cn.nc.operation.base.facade.controller.task.TaskQueryCompletedController,doService,4,12
cn.nc.issuance.book.dcm.facade.controller.automaticDisclosure.AutomaticDisclosureController#handle,cn.nc.issuance.book.dcm.facade.controller.automaticDisclosure.AutomaticDisclosureController,handle,1,1
cn.nc.issuance.book.dcm.query.facade.controller.dcmbondadmin.BondQueryAllController#doService,cn.nc.issuance.book.dcm.query.facade.controller.dcmbondadmin.BondQueryAllController,doService,2,1
cn.nc.channel.auth.outer.facade.controller.ImageKaptchaController#generateImageKaptcha,cn.nc.channel.auth.outer.facade.controller.ImageKaptchaController,generateImageKaptcha,1,1
cn.nc.user.cfaeacct.facade.controller.CenterCfaeAcctBatchApproveRefuseController#doService,cn.nc.user.cfaeacct.facade.controller.CenterCfaeAcctBatchApproveRefuseController,doService,2,3
cn.nc.issuance.bid.facade.controller.biddingresultMgmt.QueryPlacingResultAdjustPageInfoController#doService,cn.nc.issuance.bid.facade.controller.biddingresultMgmt.QueryPlacingResultAdjustPageInfoController,doService,5,25
cn.nc.channel.mix.controller.channel.statistic.QueryInstitutionFinancialBondPurchaseStatsController#doService,cn.nc.channel.mix.controller.channel.statistic.QueryInstitutionFinancialBondPurchaseStatsController,doService,3,25
cn.nc.issuance.bid.facade.controller.bill.PrintPdfDownloadController#downloadProgress,cn.nc.issuance.bid.facade.controller.bill.PrintPdfDownloadController,downloadProgress,3,7
cn.nc.pub.wkcl.facade.controller.core.WorkDayCountController#doService,cn.nc.pub.wkcl.facade.controller.core.WorkDayCountController,doService,5,20
cn.nc.channel.backend.facade.controller.CrmwTenderOfferQueryController#crmwTenderOfferQuery,cn.nc.channel.backend.facade.controller.CrmwTenderOfferQueryController,crmwTenderOfferQuery,1,1
cn.nc.issuance.common.facade.controller.query.RegistrationFilesDownLoadController#handle,cn.nc.issuance.common.facade.controller.query.RegistrationFilesDownLoadController,handle,1,1
cn.nc.issuance.book.dcm.facade.controller.issueamountadjust.IssueAmountAdjustAuditController#handle,cn.nc.issuance.book.dcm.facade.controller.issueamountadjust.IssueAmountAdjustAuditController,handle,1,1
cn.nc.issuance.book.dcm.query.facade.controller.querystatistics.BondGroupFeeExportController#doService,cn.nc.issuance.book.dcm.query.facade.controller.querystatistics.BondGroupFeeExportController,doService,2,1
cn.nc.issuance.book.dcm.facade.controller.homestart.ExerciseRemindersModifySubscribeController#doService,cn.nc.issuance.book.dcm.facade.controller.homestart.ExerciseRemindersModifySubscribeController,doService,1,1
cn.nc.channel.mix.controller.channel.statistic.QueryInstitutionFinancialBondPurchaseStatsController#queryInstitutionFinancialBondPurchaseStats,cn.nc.channel.mix.controller.channel.statistic.QueryInstitutionFinancialBondPurchaseStatsController,queryInstitutionFinancialBondPurchaseStats,1,1
cn.nc.issuance.book.dcm.query.facade.controller.hisinfoquery.PublishSolutionViewController#handle,cn.nc.issuance.book.dcm.query.facade.controller.hisinfoquery.PublishSolutionViewController,handle,1,1
cn.nc.issuance.book.dcm.query.facade.controller.bill.PrintPdfDownloadController#proxyPdfById,cn.nc.issuance.book.dcm.query.facade.controller.bill.PrintPdfDownloadController,proxyPdfById,3,11
cn.nc.pub.msg.facade.controller.setting.MsgSceneConfigCheckController#checkCode,cn.nc.pub.msg.facade.controller.setting.MsgSceneConfigCheckController,checkCode,1,1
cn.nc.issuance.book.dcm.facade.controller.external.DCMForExternalGroupReplyController#send,cn.nc.issuance.book.dcm.facade.controller.external.DCMForExternalGroupReplyController,send,1,1
cn.nc.channel.auth.outer.facade.controller.RegisterUserQueryController#queryRegisterUserByCondition,cn.nc.channel.auth.outer.facade.controller.RegisterUserQueryController,queryRegisterUserByCondition,1,1
cn.nc.user.inst.facade.controller.InstInfoHisModifySaveController#doService,cn.nc.user.inst.facade.controller.InstInfoHisModifySaveController,doService,8,62
cn.nc.user.position.facade.controller.center.CenterPositionFindInfoController#doService,cn.nc.user.position.facade.controller.center.CenterPositionFindInfoController,doService,4,6
cn.nc.issuance.bid.facade.controller.biddingManagement.bidInfoMgmt.CheckAddBondController#handle,cn.nc.issuance.bid.facade.controller.biddingManagement.bidInfoMgmt.CheckAddBondController,handle,1,1
cn.nc.issuance.dist.facade.controller.DistributionNewConfirmToThirdController#doService,cn.nc.issuance.dist.facade.controller.DistributionNewConfirmToThirdController,doService,8,15
cn.nc.pub.msg.facade.controller.setting.MsgBizSystemSaveController#doService,cn.nc.pub.msg.facade.controller.setting.MsgBizSystemSaveController,doService,5,8
cn.nc.user.instoperuser.facade.controller.AddOperUserController#doService,cn.nc.user.instoperuser.facade.controller.AddOperUserController,doService,12,144
cn.nc.user.label.facade.controller.LabelFindInfoController#handle,cn.nc.user.label.facade.controller.LabelFindInfoController,handle,1,1
cn.nc.issuance.book.dcm.query.facade.controller.issueamountadjust.AmountAdjustAddInitController#handle,cn.nc.issuance.book.dcm.query.facade.controller.issueamountadjust.AmountAdjustAddInitController,handle,1,1
cn.nc.channel.backend.facade.controller.FinInvestorQueryController#doService,cn.nc.channel.backend.facade.controller.FinInvestorQueryController,doService,3,6
cn.nc.issuance.book.dcm.facade.controller.bondallocation.BondAllocationSaveController#doService,cn.nc.issuance.book.dcm.facade.controller.bondallocation.BondAllocationSaveController,doService,2,1
cn.nc.issuance.book.dcm.query.facade.controller.IsemUserInfoConfirmListController#handle,cn.nc.issuance.book.dcm.query.facade.controller.IsemUserInfoConfirmListController,handle,1,1
cn.nc.user.staff.facade.controller.in.UserPubListController#handle,cn.nc.user.staff.facade.controller.in.UserPubListController,handle,1,1
cn.nc.issuance.book.dcm.query.facade.controller.directinvestor.QueryDirectInvestorAuthController#doService,cn.nc.issuance.book.dcm.query.facade.controller.directinvestor.QueryDirectInvestorAuthController,doService,3,3
cn.nc.user.ukey.facade.controller.UkeyBindHisCenterBatchDeleteController#ukeyBindHisBatchDelete,cn.nc.user.ukey.facade.controller.UkeyBindHisCenterBatchDeleteController,ukeyBindHisBatchDelete,1,1
cn.nc.user.cfaeacct.facade.controller.CenterCfaeAcctChangeSubmitController#cfaeAcctChangeSubmitCenter,cn.nc.user.cfaeacct.facade.controller.CenterCfaeAcctChangeSubmitController,cfaeAcctChangeSubmitCenter,1,1
cn.nc.channel.msg.facade.controller.NoticeOfficeWebsiteNoticeListController#handle,cn.nc.channel.msg.facade.controller.NoticeOfficeWebsiteNoticeListController,handle,1,1
cn.nc.issuance.book.dcm.query.facade.controller.querystatistics.UnderWriterStaticsByOrgController#doService,cn.nc.issuance.book.dcm.query.facade.controller.querystatistics.UnderWriterStaticsByOrgController,doService,3,2
cn.nc.user.conf.facade.controller.CenterConfDictListController#doService,cn.nc.user.conf.facade.controller.CenterConfDictListController,doService,3,2
cn.nc.issuance.book.dcm.facade.controller.bondadjustorder.BondAdjustOrderModifyAdjustAgencyTailRateController#doService,cn.nc.issuance.book.dcm.facade.controller.bondadjustorder.BondAdjustOrderModifyAdjustAgencyTailRateController,doService,2,1
cn.nc.issuance.common.facade.controller.operation.BondAuthorizeAddController#handle,cn.nc.issuance.common.facade.controller.operation.BondAuthorizeAddController,handle,1,1
cn.nc.user.conf.facade.controller.CenterConfDictionaryItemListController#confDictionaryItemList,cn.nc.user.conf.facade.controller.CenterConfDictionaryItemListController,confDictionaryItemList,1,1
cn.nc.issuance.common.facade.controller.OrgEnglishNameListController#handle,cn.nc.issuance.common.facade.controller.OrgEnglishNameListController,handle,1,1
cn.nc.pub.msg.facade.controller.productTag.ProductTagDisableController#disableProductTag,cn.nc.pub.msg.facade.controller.productTag.ProductTagDisableController,disableProductTag,1,1
cn.nc.user.archive.facade.controller.GetArchivedController#getArchived,cn.nc.user.archive.facade.controller.GetArchivedController,getArchived,1,1
cn.nc.operation.base.facade.controller.task.TaskQueryToAssignController#doService,cn.nc.operation.base.facade.controller.task.TaskQueryToAssignController,doService,9,21
cn.nc.pub.msg.facade.controller.product.ProductSubmitController#doService,cn.nc.pub.msg.facade.controller.product.ProductSubmitController,doService,3,3
cn.nc.user.conf.facade.controller.CenterConfBusinessRoleTreeController#confBusinessRoleTree,cn.nc.user.conf.facade.controller.CenterConfBusinessRoleTreeController,confBusinessRoleTree,1,1
cn.nc.issuance.book.dcm.facade.controller.issueamountadjust.IssueAmountAdjustReSendController#doService,cn.nc.issuance.book.dcm.facade.controller.issueamountadjust.IssueAmountAdjustReSendController,doService,3,6
cn.nc.issuance.common.facade.controller.BondKindConfigModifyController#doService,cn.nc.issuance.common.facade.controller.BondKindConfigModifyController,doService,6,19
cn.nc.issuance.book.dcm.query.facade.controller.directinvestor.DirectInvestorAuthFilePreviewController#directInvestorAuthFilePreview,cn.nc.issuance.book.dcm.query.facade.controller.directinvestor.DirectInvestorAuthFilePreviewController,directInvestorAuthFilePreview,1,1
cn.nc.issuance.book.dcm.query.facade.controller.bondAdd.BondValueCurrencyListController#handle,cn.nc.issuance.book.dcm.query.facade.controller.bondAdd.BondValueCurrencyListController,handle,1,1
cn.nc.issuance.book.dcm.facade.controller.group.InvestorSaveAssignBookManagerController#handle,cn.nc.issuance.book.dcm.facade.controller.group.InvestorSaveAssignBookManagerController,handle,1,1
cn.nc.issuance.book.dcm.query.facade.controller.hisinfoquery.TemplateDownLoadController#templateDownLoad,cn.nc.issuance.book.dcm.query.facade.controller.hisinfoquery.TemplateDownLoadController,templateDownLoad,1,1
cn.nc.user.conf.facade.controller.CenterConfBusinessRoleSelectTreeListController#confBusinessRoleSelectTree,cn.nc.user.conf.facade.controller.CenterConfBusinessRoleSelectTreeListController,confBusinessRoleSelectTree,1,1
cn.nc.operation.base.facade.controller.work.WorkingScheduleDictQueryListController#queryList,cn.nc.operation.base.facade.controller.work.WorkingScheduleDictQueryListController,queryList,1,1
cn.nc.user.reguser.facade.controller.UpdateUserBaseInfoController#doService,cn.nc.user.reguser.facade.controller.UpdateUserBaseInfoController,doService,2,1
cn.nc.issuance.book.dcm.query.facade.controller.bondAdd.BondRateTypeListController#handle,cn.nc.issuance.book.dcm.query.facade.controller.bondAdd.BondRateTypeListController,handle,1,1
cn.nc.issuance.book.dcm.facade.controller.automaticDisclosure.AutomaticDisclosureReSendController#doService,cn.nc.issuance.book.dcm.facade.controller.automaticDisclosure.AutomaticDisclosureReSendController,doService,2,1
cn.nc.issuance.common.facade.controller.query.RegistrationFilesQueryController#doService,cn.nc.issuance.common.facade.controller.query.RegistrationFilesQueryController,doService,3,7
cn.nc.user.external.facade.controller.InstOperListController#doService,cn.nc.user.external.facade.controller.InstOperListController,doService,6,31
cn.nc.user.cfaeacct.facade.controller.CenterCfaeAcctHisDetailListController#centerCfaeAcctHisDetailList,cn.nc.user.cfaeacct.facade.controller.CenterCfaeAcctHisDetailListController,centerCfaeAcctHisDetailList,1,1
cn.nc.user.seal.facade.controller.GetSealHisDetailsController#doService,cn.nc.user.seal.facade.controller.GetSealHisDetailsController,doService,2,10
cn.nc.channel.backend.facade.controller.InstitutionIssuingProductController#doService,cn.nc.channel.backend.facade.controller.InstitutionIssuingProductController,doService,3,6
cn.nc.channel.auth.inner.facade.controller.AuthLogoutController#handle,cn.nc.channel.auth.inner.facade.controller.AuthLogoutController,handle,1,1
cn.nc.user.cfaeacct.facade.controller.CenterCfaeAcctBatchApproveRefuseController#cfaeAcctBatchApproveRefuseCenter,cn.nc.user.cfaeacct.facade.controller.CenterCfaeAcctBatchApproveRefuseController,cfaeAcctBatchApproveRefuseCenter,1,1
cn.nc.issuance.common.facade.controller.SysConfigEnableController#handle,cn.nc.issuance.common.facade.controller.SysConfigEnableController,handle,1,1
cn.nc.issuance.dist.facade.controller.DistributionSaveController#doService,cn.nc.issuance.dist.facade.controller.DistributionSaveController,doService,28,112
cn.nc.channel.search.facade.controller.FullTextSearchController#search,cn.nc.channel.search.facade.controller.FullTextSearchController,search,1,1
cn.nc.issuance.book.dcm.facade.controller.systemadmin.AdvertisingPositionStatusModifyController#handle,cn.nc.issuance.book.dcm.facade.controller.systemadmin.AdvertisingPositionStatusModifyController,handle,1,1
cn.nc.user.archive.facade.controller.FileArchiveAddSaveController#fileArchiveAddSave,cn.nc.user.archive.facade.controller.FileArchiveAddSaveController,fileArchiveAddSave,1,1
cn.nc.issuance.book.dcm.query.facade.controller.systemadmin.RegtrationFilesToSHCHExController#handle,cn.nc.issuance.book.dcm.query.facade.controller.systemadmin.RegtrationFilesToSHCHExController,handle,1,1
cn.nc.issuance.book.dcm.query.facade.controller.systemadmin.BondModifyApplyQueryController#doService,cn.nc.issuance.book.dcm.query.facade.controller.systemadmin.BondModifyApplyQueryController,doService,3,2
cn.nc.issuance.dist.facade.controller.external.DCMForExternalBuyerConfirmController#buyerConfirm,cn.nc.issuance.dist.facade.controller.external.DCMForExternalBuyerConfirmController,buyerConfirm,1,1
cn.nc.operation.base.facade.controller.work.WorkingScheduleQueryController#doService,cn.nc.operation.base.facade.controller.work.WorkingScheduleQueryController,doService,2,4
cn.nc.channel.mix.controller.channel.statistic.QueryInstitutionCrmwUnderwritingStatsController#queryInstitutionCrmwUnderwritingStats,cn.nc.channel.mix.controller.channel.statistic.QueryInstitutionCrmwUnderwritingStatsController,queryInstitutionCrmwUnderwritingStats,1,1
cn.nc.issuance.bid.facade.controller.bill.PrintPdfDownloadController#toByteArray,cn.nc.issuance.bid.facade.controller.bill.PrintPdfDownloadController,toByteArray,1,2
cn.nc.user.ukey.facade.controller.UkeyMaintainHisClientBatchDeleteController#ukeyMaintainHisBatchDelete,cn.nc.user.ukey.facade.controller.UkeyMaintainHisClientBatchDeleteController,ukeyMaintainHisBatchDelete,1,1
cn.nc.user.template.facade.CenterApproveTemplateDeleteController#approveTemplateDelete,cn.nc.user.template.facade.CenterApproveTemplateDeleteController,approveTemplateDelete,1,1
cn.nc.issuance.bid.facade.controller.biddingManagement.bidSuppAdmi.CheckOrgCodeController#handle,cn.nc.issuance.bid.facade.controller.biddingManagement.bidSuppAdmi.CheckOrgCodeController,handle,1,1
cn.nc.pub.msg.facade.controller.outside.PubProductTagListQueryController#getProductTags,cn.nc.pub.msg.facade.controller.outside.PubProductTagListQueryController,getProductTags,1,1
cn.nc.issuance.book.dcm.query.facade.controller.issueamountadjust.IssueAmountAdjustQueryListAuditController#handle,cn.nc.issuance.book.dcm.query.facade.controller.issueamountadjust.IssueAmountAdjustQueryListAuditController,handle,1,1
cn.nc.user.seal.facade.controller.SealHisClientBatchApprovalCancelController#doService,cn.nc.user.seal.facade.controller.SealHisClientBatchApprovalCancelController,doService,5,20
cn.nc.pub.msg.facade.controller.product.ProductGetController#getProduct,cn.nc.pub.msg.facade.controller.product.ProductGetController,getProduct,1,1
cn.nc.issuance.book.dcm.facade.controller.purchaseorder.PurOrderMakeupCancelController#doService,cn.nc.issuance.book.dcm.facade.controller.purchaseorder.PurOrderMakeupCancelController,doService,11,107
cn.nc.user.initinst.facade.controller.ApprovalCancelInstOpenApplyController#doService,cn.nc.user.initinst.facade.controller.ApprovalCancelInstOpenApplyController,doService,14,217
cn.nc.issuance.bid.facade.controller.submitPurchaseOffer.TiPurchaseOfferAddController#handle,cn.nc.issuance.bid.facade.controller.submitPurchaseOffer.TiPurchaseOfferAddController,handle,1,1
cn.nc.issuance.book.dcm.query.facade.controller.querystatistics.OrganMonitorDetailController#doService,cn.nc.issuance.book.dcm.query.facade.controller.querystatistics.OrganMonitorDetailController,doService,3,2
cn.nc.user.position.facade.controller.center.CenterPositionHisApproveReturnController#handle,cn.nc.user.position.facade.controller.center.CenterPositionHisApproveReturnController,handle,1,1
cn.nc.user.position.facade.controller.center.CenterPositionPermissionListController#handle,cn.nc.user.position.facade.controller.center.CenterPositionPermissionListController,handle,1,1
cn.nc.user.clientorgquery.facade.controller.ClientOrgUserSelectListController#doService,cn.nc.user.clientorgquery.facade.controller.ClientOrgUserSelectListController,doService,3,6
cn.nc.user.cfaeacct.facade.controller.ClientCfaeAcctRevokeController#doService,cn.nc.user.cfaeacct.facade.controller.ClientCfaeAcctRevokeController,doService,4,12
cn.nc.common.transaction.support.controller.TxRetryController#doService,cn.nc.common.transaction.support.controller.TxRetryController,doService,4,30
cn.nc.issuance.book.dcm.facade.controller.pricingplacing.PricingPlacingRefreshController#doService,cn.nc.issuance.book.dcm.facade.controller.pricingplacing.PricingPlacingRefreshController,doService,7,151
cn.nc.pub.msg.facade.controller.productInstance.ProductInstanceDetailController#getDetail,cn.nc.pub.msg.facade.controller.productInstance.ProductInstanceDetailController,getDetail,1,1
cn.nc.channel.auth.outer.facade.controller.AppMobileLoginController#loginMobileUser,cn.nc.channel.auth.outer.facade.controller.AppMobileLoginController,loginMobileUser,1,1
cn.nc.issuance.bid.facade.controller.biddingresultMgmt.PreviewRegFileController#proxyPdfById,cn.nc.issuance.bid.facade.controller.biddingresultMgmt.PreviewRegFileController,proxyPdfById,3,11
cn.nc.user.query.facade.controller.GetUserInfoHisDetailsController#doService,cn.nc.user.query.facade.controller.GetUserInfoHisDetailsController,doService,5,19
cn.nc.user.instacct.controller.QueryInstLargeAcctListController#queryInstLargeAcctList,cn.nc.user.instacct.controller.QueryInstLargeAcctListController,queryInstLargeAcctList,1,1
cn.nc.issuance.common.facade.controller.OrgEnglishNameSelectController#handle,cn.nc.issuance.common.facade.controller.OrgEnglishNameSelectController,handle,1,1
cn.nc.user.clientinstuseroperator.controller.PositionSelectListController#positionSelectList,cn.nc.user.clientinstuseroperator.controller.PositionSelectListController,positionSelectList,1,1
cn.nc.issuance.book.dcm.query.facade.controller.systemadmin.RegistrationFilesQueryController#handle,cn.nc.issuance.book.dcm.query.facade.controller.systemadmin.RegistrationFilesQueryController,handle,1,1
cn.nc.issuance.common.facade.controller.ErrorInfoListController#doService,cn.nc.issuance.common.facade.controller.ErrorInfoListController,doService,4,7
cn.nc.issuance.book.dcm.query.facade.controller.bondAdd.BondSecuritWayListController#doService,cn.nc.issuance.book.dcm.query.facade.controller.bondAdd.BondSecuritWayListController,doService,1,1
cn.nc.issuance.book.dcm.query.facade.controller.querystatistics.QueryUserRelationLinkController#handle,cn.nc.issuance.book.dcm.query.facade.controller.querystatistics.QueryUserRelationLinkController,handle,1,1
cn.nc.user.cfaeacct.facade.controller.ClientCfaeAcctAddSubmitController#doService,cn.nc.user.cfaeacct.facade.controller.ClientCfaeAcctAddSubmitController,doService,2,4
cn.nc.user.staff.facade.controller.MenuUserMenuListController#doService,cn.nc.user.staff.facade.controller.MenuUserMenuListController,doService,2,7
cn.nc.issuance.book.dcm.facade.controller.pricingplacing.PricingPlacingPurchaseDetailController#doService,cn.nc.issuance.book.dcm.facade.controller.pricingplacing.PricingPlacingPurchaseDetailController,doService,2,2
cn.nc.user.staff.facade.controller.in.OrgFindInfoController#handle,cn.nc.user.staff.facade.controller.in.OrgFindInfoController,handle,1,1
cn.nc.issuance.book.dcm.query.facade.controller.querystatistics.QueryBondStatisticsAnalysisController#doService,cn.nc.issuance.book.dcm.query.facade.controller.querystatistics.QueryBondStatisticsAnalysisController,doService,2,3
cn.nc.issuance.book.dcm.query.facade.controller.dcmbondadmin.BondSendProductInfoController#handle,cn.nc.issuance.book.dcm.query.facade.controller.dcmbondadmin.BondSendProductInfoController,handle,1,1
cn.nc.user.query.facade.controller.QueryInstUserPermInfoController#queryInstUserPermInfoDetails,cn.nc.user.query.facade.controller.QueryInstUserPermInfoController,queryInstUserPermInfoDetails,1,1
cn.nc.issuance.dist.facade.controller.DistRepectInterfaceController#handle,cn.nc.issuance.dist.facade.controller.DistRepectInterfaceController,handle,1,1
cn.nc.issuance.book.dcm.facade.controller.group.InvestorDirectedInvestorListController#handle,cn.nc.issuance.book.dcm.facade.controller.group.InvestorDirectedInvestorListController,handle,1,1
cn.nc.pub.msg.facade.controller.outside.PubBookFinCcdcProductInstanceReceiveController#doService,cn.nc.pub.msg.facade.controller.outside.PubBookFinCcdcProductInstanceReceiveController,doService,1,1
cn.nc.issuance.book.dcm.query.facade.controller.querystatistics.BookBuildResultQueryController#doService,cn.nc.issuance.book.dcm.query.facade.controller.querystatistics.BookBuildResultQueryController,doService,2,1
cn.nc.issuance.book.dcm.query.facade.controller.reservationmanage.ReservationManagePreViewController#handle,cn.nc.issuance.book.dcm.query.facade.controller.reservationmanage.ReservationManagePreViewController,handle,1,1
cn.nc.issuance.bid.facade.controller.emergencycontact.DeleteEbcInfoController#doService,cn.nc.issuance.bid.facade.controller.emergencycontact.DeleteEbcInfoController,doService,3,2
cn.nc.pub.msg.facade.controller.productTag.ProductTagListQueryController#getProductTags,cn.nc.pub.msg.facade.controller.productTag.ProductTagListQueryController,getProductTags,1,1
cn.nc.channel.msg.facade.controller.MessageSendBatchController#handle,cn.nc.channel.msg.facade.controller.MessageSendBatchController,handle,1,1
cn.nc.user.ukey.facade.controller.QueryUkeyMaintainMyListClientController#doService,cn.nc.user.ukey.facade.controller.QueryUkeyMaintainMyListClientController,doService,2,2
cn.nc.operation.base.facade.controller.notice.NoticeTypeListQueryController#doService,cn.nc.operation.base.facade.controller.notice.NoticeTypeListQueryController,doService,3,9
cn.nc.issuance.book.dcm.query.facade.controller.purchaseorder.GroupInfoQueryInfoController#doService,cn.nc.issuance.book.dcm.query.facade.controller.purchaseorder.GroupInfoQueryInfoController,doService,2,1
cn.nc.channel.auth.inner.facade.controller.AuthLogoutController#doService,cn.nc.channel.auth.inner.facade.controller.AuthLogoutController,doService,2,1
cn.nc.issuance.book.dcm.query.facade.controller.dcmbondadmin.BookPrepareCompleteQueryController#handle,cn.nc.issuance.book.dcm.query.facade.controller.dcmbondadmin.BookPrepareCompleteQueryController,handle,1,1
cn.nc.user.conf.facade.CenterSysBusinessRoleLinkBatchDeleteController#doService,cn.nc.user.conf.facade.CenterSysBusinessRoleLinkBatchDeleteController,doService,5,9
cn.nc.issuance.book.dcm.facade.controller.purchaseOffer.PurchaseOfferModifyController#doService,cn.nc.issuance.book.dcm.facade.controller.purchaseOffer.PurchaseOfferModifyController,doService,2,1
cn.nc.channel.backend.facade.controller.IssuedBondQueryController#doService,cn.nc.channel.backend.facade.controller.IssuedBondQueryController,doService,3,6
cn.nc.channel.backend.facade.controller.IdentityMappingQueryByIdController#queryIdentityMappingById,cn.nc.channel.backend.facade.controller.IdentityMappingQueryByIdController,queryIdentityMappingById,1,1
cn.nc.issuance.book.dcm.query.facade.controller.groupSet.GroupContactInfoController#doService,cn.nc.issuance.book.dcm.query.facade.controller.groupSet.GroupContactInfoController,doService,5,9
cn.nc.issuance.common.facade.controller.RoleMenuRelationModifyController#handle,cn.nc.issuance.common.facade.controller.RoleMenuRelationModifyController,handle,1,1
cn.nc.issuance.book.dcm.query.facade.controller.querystatistics.UnderWritingRatioChangeQueryController#doService,cn.nc.issuance.book.dcm.query.facade.controller.querystatistics.UnderWritingRatioChangeQueryController,doService,2,1
cn.nc.channel.msg.facade.controller.MessageUnReadCountController#handle,cn.nc.channel.msg.facade.controller.MessageUnReadCountController,handle,1,1
cn.nc.issuance.book.dcm.facade.controller.external.DCMForExternalIntelligentSupplementOperationController#recIntelligentSupplementOperation,cn.nc.issuance.book.dcm.facade.controller.external.DCMForExternalIntelligentSupplementOperationController,recIntelligentSupplementOperation,1,1
cn.nc.issuance.book.dcm.query.facade.controller.pricingplacing.SendProductInfoController#doService,cn.nc.issuance.book.dcm.query.facade.controller.pricingplacing.SendProductInfoController,doService,4,6
cn.nc.issuance.bid.facade.controller.shchTenderMgmt.DownloadTiBondInfoController#doService,cn.nc.issuance.bid.facade.controller.shchTenderMgmt.DownloadTiBondInfoController,doService,3,5
cn.nc.issuance.book.dcm.query.facade.controller.bondauthorize.AuthorizeFilesListController#doService,cn.nc.issuance.book.dcm.query.facade.controller.bondauthorize.AuthorizeFilesListController,doService,6,13
cn.nc.issuance.book.dcm.query.facade.controller.systemadmin.DataSubmittedDownLoadController#doService,cn.nc.issuance.book.dcm.query.facade.controller.systemadmin.DataSubmittedDownLoadController,doService,2,13
cn.nc.issuance.book.dcm.facade.controller.pricingplacing.BondSendRegFileController#handle,cn.nc.issuance.book.dcm.facade.controller.pricingplacing.BondSendRegFileController,handle,1,1
cn.nc.user.initinst.facade.controller.DeleteInstOpenApplyController#deleteInstOpenApply,cn.nc.user.initinst.facade.controller.DeleteInstOpenApplyController,deleteInstOpenApply,1,1
cn.nc.user.cfaeacct.facade.controller.CenterCfaeAcctApproveRefuseController#cfaeAcctApproveRefuseCenter,cn.nc.user.cfaeacct.facade.controller.CenterCfaeAcctApproveRefuseController,cfaeAcctApproveRefuseCenter,1,1
cn.nc.user.staff.facade.controller.MenuTreeListController#doService,cn.nc.user.staff.facade.controller.MenuTreeListController,doService,4,7
cn.nc.issuance.dist.facade.controller.DistCheckThirdAccountController#doService,cn.nc.issuance.dist.facade.controller.DistCheckThirdAccountController,doService,5,84
cn.nc.channel.backend.facade.controller.InstitutionFinancialIssuanceController#institutionFinancialIssuance,cn.nc.channel.backend.facade.controller.InstitutionFinancialIssuanceController,institutionFinancialIssuance,1,1
cn.nc.pub.msg.facade.controller.setting.MsgTemplateQueryController#queryPage,cn.nc.pub.msg.facade.controller.setting.MsgTemplateQueryController,queryPage,1,1
cn.nc.issuance.book.dcm.facade.controller.joinGroup.OfferedRequestAcceptController#doService,cn.nc.issuance.book.dcm.facade.controller.joinGroup.OfferedRequestAcceptController,doService,2,1
cn.nc.issuance.book.dcm.query.facade.controller.bondadjustorder.BondAdjustOrderTimeDetailController#doService,cn.nc.issuance.book.dcm.query.facade.controller.bondadjustorder.BondAdjustOrderTimeDetailController,doService,5,6
cn.nc.user.staff.facade.controller.in.UserModifyUserInfoController#handle,cn.nc.user.staff.facade.controller.in.UserModifyUserInfoController,handle,1,1
cn.nc.user.instacct.controller.AddInstLargeAcctController#doService,cn.nc.user.instacct.controller.AddInstLargeAcctController,doService,3,8
cn.nc.pub.msg.facade.controller.parameterRule.ParameterRuleDisableController#doService,cn.nc.pub.msg.facade.controller.parameterRule.ParameterRuleDisableController,doService,5,16
cn.nc.issuance.book.dcm.query.facade.controller.bondAdd.BondMemberListController#doService,cn.nc.issuance.book.dcm.query.facade.controller.bondAdd.BondMemberListController,doService,1,1
cn.nc.issuance.common.facade.controller.SysDictionarySubListController#doService,cn.nc.issuance.common.facade.controller.SysDictionarySubListController,doService,4,7
cn.nc.user.ukey.facade.controller.UkeyApplyHisClientModifySaveController#ukeyApplyHisModifySave,cn.nc.user.ukey.facade.controller.UkeyApplyHisClientModifySaveController,ukeyApplyHisModifySave,1,1
cn.nc.issuance.bid.facade.controller.submitPurchaseOffer.ShowPurchaseOfferController#doService,cn.nc.issuance.bid.facade.controller.submitPurchaseOffer.ShowPurchaseOfferController,doService,11,47
cn.nc.issuance.book.dcm.query.facade.controller.FileAuthConfigListController#doService,cn.nc.issuance.book.dcm.query.facade.controller.FileAuthConfigListController,doService,2,1
cn.nc.issuance.dist.facade.controller.QueryFinanceStatementController#handle,cn.nc.issuance.dist.facade.controller.QueryFinanceStatementController,handle,1,1
cn.nc.issuance.book.dcm.query.facade.controller.groupSet.GroupTeamMemberExportController#handle,cn.nc.issuance.book.dcm.query.facade.controller.groupSet.GroupTeamMemberExportController,handle,1,1
cn.nc.issuance.book.dcm.query.facade.controller.bondAdd.BondTrustFormListController#doService,cn.nc.issuance.book.dcm.query.facade.controller.bondAdd.BondTrustFormListController,doService,1,1
cn.nc.user.clientorgquery.facade.controller.ClientUserInfoController#queryUserInfoListByInstcode,cn.nc.user.clientorgquery.facade.controller.ClientUserInfoController,queryUserInfoListByInstcode,1,1
cn.nc.user.initinst.facade.controller.AddInstOpenApplyController#addInstOpenApply,cn.nc.user.initinst.facade.controller.AddInstOpenApplyController,addInstOpenApply,1,1
cn.nc.pub.wkcl.facade.controller.legal.LegalCalImportController#doService,cn.nc.pub.wkcl.facade.controller.legal.LegalCalImportController,doService,6,40
cn.nc.issuance.bid.facade.controller.biddingManagement.bidSuppAdmiAdd.SaveAdditionAddController#handle,cn.nc.issuance.bid.facade.controller.biddingManagement.bidSuppAdmiAdd.SaveAdditionAddController,handle,1,1
cn.nc.pub.msg.facade.controller.productParameter.ProductParameterExportController#doService,cn.nc.pub.msg.facade.controller.productParameter.ProductParameterExportController,doService,2,21
cn.nc.issuance.book.dcm.facade.controller.group.InvestorDeleteController#doService,cn.nc.issuance.book.dcm.facade.controller.group.InvestorDeleteController,doService,2,1
cn.nc.issuance.bid.facade.controller.core.QueryRightMenuParamController#getRightMenuParam,cn.nc.issuance.bid.facade.controller.core.QueryRightMenuParamController,getRightMenuParam,1,1
cn.nc.issuance.book.dcm.query.facade.controller.purchaseManage.PurchaseOfferManageListController#handle,cn.nc.issuance.book.dcm.query.facade.controller.purchaseManage.PurchaseOfferManageListController,handle,1,1
cn.nc.user.ukey.facade.controller.UkeyMaintainHisClientRevokeController#ukeyMaintainHisRevoke,cn.nc.user.ukey.facade.controller.UkeyMaintainHisClientRevokeController,ukeyMaintainHisRevoke,1,1
cn.nc.issuance.common.facade.controller.SysDictionaryAuditListController#handle,cn.nc.issuance.common.facade.controller.SysDictionaryAuditListController,handle,1,1
cn.nc.channel.backend.facade.controller.IdentityMappingQueryController#queryIdentityMappingByCondition,cn.nc.channel.backend.facade.controller.IdentityMappingQueryController,queryIdentityMappingByCondition,1,1
cn.nc.user.ukey.facade.controller.UkeyMaintainHisClientAddSaveController#ukeyMaintainHisSave,cn.nc.user.ukey.facade.controller.UkeyMaintainHisClientAddSaveController,ukeyMaintainHisSave,1,1
cn.nc.user.instacct.controller.UpdateInstLargeAcctController#doService,cn.nc.user.instacct.controller.UpdateInstLargeAcctController,doService,3,8
cn.nc.issuance.bid.facade.controller.shchTenderMgmt.QueryTiBondInfoController#doService,cn.nc.issuance.bid.facade.controller.shchTenderMgmt.QueryTiBondInfoController,doService,3,6
cn.nc.issuance.book.dcm.query.facade.controller.modifyinterimbondinfo.ModifyApplyQueryBondInfoController#doService,cn.nc.issuance.book.dcm.query.facade.controller.modifyinterimbondinfo.ModifyApplyQueryBondInfoController,doService,1,1
cn.nc.pub.msg.facade.controller.outside.PubBiddingShchProductInstanceReceiveController#receiveBiddingShchProductInstance,cn.nc.pub.msg.facade.controller.outside.PubBiddingShchProductInstanceReceiveController,receiveBiddingShchProductInstance,1,1
cn.nc.operation.base.facade.controller.task.TaskQueryClaimedController#queryClaimed,cn.nc.operation.base.facade.controller.task.TaskQueryClaimedController,queryClaimed,1,1
cn.nc.issuance.book.dcm.facade.controller.enquirymanage.ModifyEnquiryManageController#doService,cn.nc.issuance.book.dcm.facade.controller.enquirymanage.ModifyEnquiryManageController,doService,8,25
cn.nc.pub.msg.facade.controller.outside.PubProductInstanceDetailQueryController#getProductInstanceDetail,cn.nc.pub.msg.facade.controller.outside.PubProductInstanceDetailQueryController,getProductInstanceDetail,1,1
cn.nc.user.conf.facade.CenterSysBusinessRoleBatchDeleteController#sysBusinessRoleBatchDelete,cn.nc.user.conf.facade.CenterSysBusinessRoleBatchDeleteController,sysBusinessRoleBatchDelete,1,1
cn.nc.pub.msg.facade.controller.productTag.ProductTagAgreeController#agreeProductTag,cn.nc.pub.msg.facade.controller.productTag.ProductTagAgreeController,agreeProductTag,1,1
cn.nc.user.ukey.facade.controller.GetUkeyMaintainDetailsController#doService,cn.nc.user.ukey.facade.controller.GetUkeyMaintainDetailsController,doService,5,11
cn.nc.issuance.book.dcm.facade.controller.pricingplacing.PricingPlacingPlacingDetailQueryController#doService,cn.nc.issuance.book.dcm.facade.controller.pricingplacing.PricingPlacingPlacingDetailQueryController,doService,4,7
cn.nc.issuance.common.facade.controller.SysDictionarySubSavePortController#handle,cn.nc.issuance.common.facade.controller.SysDictionarySubSavePortController,handle,1,1
cn.nc.issuance.book.dcm.facade.controller.directinvestor.whitelist.nx.AccountWlSendController#doService,cn.nc.issuance.book.dcm.facade.controller.directinvestor.whitelist.nx.AccountWlSendController,doService,19,184
cn.nc.issuance.bid.facade.controller.bondccdc.QueryTiCcdcBondInfoController#doService,cn.nc.issuance.bid.facade.controller.bondccdc.QueryTiCcdcBondInfoController,doService,10,2
cn.nc.user.conf.facade.controller.CenterConfDictListController#confDictItemList,cn.nc.user.conf.facade.controller.CenterConfDictListController,confDictItemList,1,1
cn.nc.issuance.book.dcm.query.facade.controller.homeStart.EndTenderInfoQueryController#doService,cn.nc.issuance.book.dcm.query.facade.controller.homeStart.EndTenderInfoQueryController,doService,2,1
cn.nc.user.ukey.facade.controller.UkeyMaintainHisClientApprovalCancelController#doService,cn.nc.user.ukey.facade.controller.UkeyMaintainHisClientApprovalCancelController,doService,2,3
cn.nc.issuance.book.dcm.query.facade.controller.PricingPlacingQueryRegFileController#handle,cn.nc.issuance.book.dcm.query.facade.controller.PricingPlacingQueryRegFileController,handle,1,1
cn.nc.issuance.book.dcm.facade.controller.bill.BillModifyController#handle,cn.nc.issuance.book.dcm.facade.controller.bill.BillModifyController,handle,1,1
cn.nc.issuance.common.facade.controller.SysDictionarySubAuditEnableController#doService,cn.nc.issuance.common.facade.controller.SysDictionarySubAuditEnableController,doService,9,29
cn.nc.pub.msg.facade.controller.outside.PubParameterRuleListQueryController#getParameterRules,cn.nc.pub.msg.facade.controller.outside.PubParameterRuleListQueryController,getParameterRules,1,1
cn.nc.issuance.book.dcm.query.facade.controller.bondadjustorder.BondAdjustOrderListController#doService,cn.nc.issuance.book.dcm.query.facade.controller.bondadjustorder.BondAdjustOrderListController,doService,6,38
cn.nc.user.staff.facade.controller.ResourceModifyController#doService,cn.nc.user.staff.facade.controller.ResourceModifyController,doService,8,23
cn.nc.issuance.book.dcm.facade.controller.systemadmin.ReSendNoticeToXPController#handle,cn.nc.issuance.book.dcm.facade.controller.systemadmin.ReSendNoticeToXPController,handle,1,1
cn.nc.user.initinst.facade.controller.QueryInstOpenApplyController#queryInstOpenApplyList,cn.nc.user.initinst.facade.controller.QueryInstOpenApplyController,queryInstOpenApplyList,1,1
cn.nc.pub.msg.facade.controller.setting.MsgBizSystemSaveController#saveOrUpdate,cn.nc.pub.msg.facade.controller.setting.MsgBizSystemSaveController,saveOrUpdate,1,1
cn.nc.issuance.common.facade.controller.SysDictionarySubAuditCheckController#doService,cn.nc.issuance.common.facade.controller.SysDictionarySubAuditCheckController,doService,14,36
cn.nc.user.ukey.facade.controller.UkeyBindHisCenterAddSaveController#ukeyBindHisAddSave,cn.nc.user.ukey.facade.controller.UkeyBindHisCenterAddSaveController,ukeyBindHisAddSave,1,1
cn.nc.channel.backend.facade.controller.IdentityMappingTabVerifyController#verifyTabRelIdentity,cn.nc.channel.backend.facade.controller.IdentityMappingTabVerifyController,verifyTabRelIdentity,1,1
cn.nc.user.ukey.facade.controller.ExportCenterUkeyMaintainController#centerExportUkeyMaintainExcel,cn.nc.user.ukey.facade.controller.ExportCenterUkeyMaintainController,centerExportUkeyMaintainExcel,4,9
cn.nc.issuance.book.dcm.query.facade.controller.informationservice.ComprehensiveDataController#doService,cn.nc.issuance.book.dcm.query.facade.controller.informationservice.ComprehensiveDataController,doService,1,1
cn.nc.issuance.book.dcm.query.facade.controller.bookkeepingprocessiinfo.PurchaseViewDetailController#doService,cn.nc.issuance.book.dcm.query.facade.controller.bookkeepingprocessiinfo.PurchaseViewDetailController,doService,2,1
cn.nc.user.reguser.facade.controller.ModifyLoginAccountByIdController#doService,cn.nc.user.reguser.facade.controller.ModifyLoginAccountByIdController,doService,2,1
cn.nc.issuance.book.dcm.query.facade.controller.consignpercent.ConsignPercentQueryController#handle,cn.nc.issuance.book.dcm.query.facade.controller.consignpercent.ConsignPercentQueryController,handle,1,1
cn.nc.pub.msg.facade.controller.productParameter.ProductParameterExportController#export,cn.nc.pub.msg.facade.controller.productParameter.ProductParameterExportController,export,1,1
cn.nc.issuance.bid.facade.controller.biddingManagement.bidSuppAdmiAdd.CheckAdditionAddController#doService,cn.nc.issuance.bid.facade.controller.biddingManagement.bidSuppAdmiAdd.CheckAdditionAddController,doService,9,38
cn.nc.channel.msg.facade.controller.NoticeBatchTopToggleController#doService,cn.nc.channel.msg.facade.controller.NoticeBatchTopToggleController,doService,2,1
cn.nc.issuance.book.dcm.facade.controller.unAnnounced.UnAnnounceBondMateController#doService,cn.nc.issuance.book.dcm.facade.controller.unAnnounced.UnAnnounceBondMateController,doService,2,1
cn.nc.issuance.book.dcm.query.facade.controller.querystatistics.ExportUnderWritingRatioStatisticsController#handle,cn.nc.issuance.book.dcm.query.facade.controller.querystatistics.ExportUnderWritingRatioStatisticsController,handle,1,1
cn.nc.operation.base.facade.controller.statistic.WorkloadStatisticController#workloadQuery,cn.nc.operation.base.facade.controller.statistic.WorkloadStatisticController,workloadQuery,1,1
cn.nc.user.instoperuser.facade.controller.ChangeManageController#instChangeManage,cn.nc.user.instoperuser.facade.controller.ChangeManageController,instChangeManage,1,1
cn.nc.user.summary.facede.comtroller.SelectDetailController#doService,cn.nc.user.summary.facede.comtroller.SelectDetailController,doService,6,15
cn.nc.user.clientorgquery.facade.controller.ClientOrgUserListController#doService,cn.nc.user.clientorgquery.facade.controller.ClientOrgUserListController,doService,3,4
cn.nc.issuance.book.dcm.query.facade.controller.querystatistics.QueryBondPlacingResultController#doService,cn.nc.issuance.book.dcm.query.facade.controller.querystatistics.QueryBondPlacingResultController,doService,6,25
cn.nc.issuance.bid.facade.controller.bidMgmtHomePage.BidMgmtHpQueryController#doService,cn.nc.issuance.bid.facade.controller.bidMgmtHomePage.BidMgmtHpQueryController,doService,6,48
cn.nc.issuance.book.dcm.query.facade.controller.modifyinterimbondinfo.ModifyInterimQueryBondInfoController#doService,cn.nc.issuance.book.dcm.query.facade.controller.modifyinterimbondinfo.ModifyInterimQueryBondInfoController,doService,2,1
cn.nc.channel.auth.outer.facade.controller.AppMobileRegistrationController#doService,cn.nc.channel.auth.outer.facade.controller.AppMobileRegistrationController,doService,9,56
cn.nc.issuance.book.dcm.query.facade.controller.modifyinterimbondinfo.ModifyInterimQueryBondInfoController#handle,cn.nc.issuance.book.dcm.query.facade.controller.modifyinterimbondinfo.ModifyInterimQueryBondInfoController,handle,1,1
cn.nc.user.clientorgquery.facade.controller.ClientOrgUserCompareDataController#doService,cn.nc.user.clientorgquery.facade.controller.ClientOrgUserCompareDataController,doService,3,5
cn.nc.channel.backend.facade.controller.ComponentQueryFilterController#componentDropdownQuery,cn.nc.channel.backend.facade.controller.ComponentQueryFilterController,componentDropdownQuery,1,1
cn.nc.channel.mix.controller.issuance.QueryGroupDetailController#doService,cn.nc.channel.mix.controller.issuance.QueryGroupDetailController,doService,4,5
cn.nc.user.cfaeacct.facade.controller.CenterCfaeAcctBatchApprovePassController#cfaeAcctBatchApprovePassCenter,cn.nc.user.cfaeacct.facade.controller.CenterCfaeAcctBatchApprovePassController,cfaeAcctBatchApprovePassCenter,1,1
cn.nc.pub.msg.facade.controller.setting.MsgEmailServerCheckController#checkDefaultAllow,cn.nc.pub.msg.facade.controller.setting.MsgEmailServerCheckController,checkDefaultAllow,1,1
cn.nc.issuance.book.dcm.facade.controller.bondAdd.BondCheckModifyController#doService,cn.nc.issuance.book.dcm.facade.controller.bondAdd.BondCheckModifyController,doService,2,2
cn.nc.channel.backend.facade.controller.ComponentRelSelectQueryController#queryComponentForSelect,cn.nc.channel.backend.facade.controller.ComponentRelSelectQueryController,queryComponentForSelect,1,1
cn.nc.user.index.facade.controller.GetStatisticsBusinessRoleController#getStatisticsBusinessRoleListByLogin,cn.nc.user.index.facade.controller.GetStatisticsBusinessRoleController,getStatisticsBusinessRoleListByLogin,1,1
cn.nc.pub.msg.facade.controller.select.BizSystemSelectController#bizSystemSelect,cn.nc.pub.msg.facade.controller.select.BizSystemSelectController,bizSystemSelect,1,1
cn.nc.user.cfaeacct.facade.controller.CenterCfaeAcctBatchApprovePassController#doService,cn.nc.user.cfaeacct.facade.controller.CenterCfaeAcctBatchApprovePassController,doService,2,3
cn.nc.issuance.book.dcm.query.facade.controller.groupManage.JoinGroupController#handle,cn.nc.issuance.book.dcm.query.facade.controller.groupManage.JoinGroupController,handle,1,1
cn.nc.user.query.facade.controller.QueryUserPermInfoController#queryUserPermInfoDetails,cn.nc.user.query.facade.controller.QueryUserPermInfoController,queryUserPermInfoDetails,1,1
cn.nc.channel.search.facade.controller.LoggedFinancialSearchController#doService,cn.nc.channel.search.facade.controller.LoggedFinancialSearchController,doService,3,11
cn.nc.channel.search.facade.controller.GuestCrmwSearchController#doService,cn.nc.channel.search.facade.controller.GuestCrmwSearchController,doService,3,9
cn.nc.user.instacct.controller.GetInstCapitalAcctDetailController#doService,cn.nc.user.instacct.controller.GetInstCapitalAcctDetailController,doService,3,6
cn.nc.channel.auth.outer.facade.controller.VefifySliderKaptchaController#vefifySliderKaptcha,cn.nc.channel.auth.outer.facade.controller.VefifySliderKaptchaController,vefifySliderKaptcha,1,1
cn.nc.issuance.book.dcm.query.facade.controller.bond.SimBondInfoQueryController#handle,cn.nc.issuance.book.dcm.query.facade.controller.bond.SimBondInfoQueryController,handle,1,1
cn.nc.user.clientinstuseroperator.controller.OuterInstOperListController#doService,cn.nc.user.clientinstuseroperator.controller.OuterInstOperListController,doService,3,2
cn.nc.user.ukey.facade.controller.ExportClientUkeyQueryController#clientExportUkeyQueryExcel,cn.nc.user.ukey.facade.controller.ExportClientUkeyQueryController,clientExportUkeyQueryExcel,4,9
cn.nc.user.centerinstuseroperator.controller.CenterInstOperHisListController#centerInstOperHisList,cn.nc.user.centerinstuseroperator.controller.CenterInstOperHisListController,centerInstOperHisList,1,1
cn.nc.issuance.book.dcm.query.facade.controller.dcmbondadmin.BookPrepareCompleteCheckController#handle,cn.nc.issuance.book.dcm.query.facade.controller.dcmbondadmin.BookPrepareCompleteCheckController,handle,1,1
cn.nc.issuance.book.dcm.facade.controller.purchaseorder.PurOrderMakeupAddController#doService,cn.nc.issuance.book.dcm.facade.controller.purchaseorder.PurOrderMakeupAddController,doService,17,129
cn.nc.pub.wkcl.facade.controller.legal.SwitchHolidayController#switchHoliday,cn.nc.pub.wkcl.facade.controller.legal.SwitchHolidayController,switchHoliday,1,1
cn.nc.pub.msg.facade.controller.productTag.ProductTagExportController#doService,cn.nc.pub.msg.facade.controller.productTag.ProductTagExportController,doService,2,19
cn.nc.channel.mix.controller.channel.dist.QueryOngoingDistBondController#doService,cn.nc.channel.mix.controller.channel.dist.QueryOngoingDistBondController,doService,3,2
cn.nc.channel.mix.controller.channel.concerned.QueryMyConcernedBondsController#doService,cn.nc.channel.mix.controller.channel.concerned.QueryMyConcernedBondsController,doService,3,2
cn.nc.user.ukey.facade.controller.UkeyApplyHisCenterBatchApprovalCancelController#doService,cn.nc.user.ukey.facade.controller.UkeyApplyHisCenterBatchApprovalCancelController,doService,2,13
cn.nc.issuance.common.facade.controller.BondKindConfigAddController#handle,cn.nc.issuance.common.facade.controller.BondKindConfigAddController,handle,1,1
cn.nc.user.inst.facade.controller.InstInfoPermissionDocDownController#instDownPermissionDoc,cn.nc.user.inst.facade.controller.InstInfoPermissionDocDownController,instDownPermissionDoc,3,7
cn.nc.channel.mix.controller.channel.statistic.QueryInstitutionBondPurchaseStatsController#doService,cn.nc.channel.mix.controller.channel.statistic.QueryInstitutionBondPurchaseStatsController,doService,3,25
cn.nc.issuance.dist.facade.controller.DistCheckMemController#doService,cn.nc.issuance.dist.facade.controller.DistCheckMemController,doService,5,15
cn.nc.issuance.dist.facade.controller.DistributionRecPurchaseOrderController#doService,cn.nc.issuance.dist.facade.controller.DistributionRecPurchaseOrderController,doService,13,21
cn.nc.issuance.book.dcm.query.facade.controller.bill.PrintPdfDownloadController#downloadByUrls,cn.nc.issuance.book.dcm.query.facade.controller.bill.PrintPdfDownloadController,downloadByUrls,3,14
cn.nc.issuance.book.dcm.facade.controller.bondhome.BondGenCreditReportController#handle,cn.nc.issuance.book.dcm.facade.controller.bondhome.BondGenCreditReportController,handle,1,1
cn.nc.issuance.book.dcm.query.facade.controller.groupSet.GroupDirectorOrgListController#handle,cn.nc.issuance.book.dcm.query.facade.controller.groupSet.GroupDirectorOrgListController,handle,1,1
cn.nc.issuance.book.dcm.query.facade.controller.systemadmin.BookAccountsDetailExportController#doService,cn.nc.issuance.book.dcm.query.facade.controller.systemadmin.BookAccountsDetailExportController,doService,3,10
cn.nc.issuance.common.facade.controller.SysConfigSelectController#doService,cn.nc.issuance.common.facade.controller.SysConfigSelectController,doService,5,7
cn.nc.issuance.common.facade.controller.BillingInformationListController#handle,cn.nc.issuance.common.facade.controller.BillingInformationListController,handle,1,1
cn.nc.issuance.book.dcm.facade.controller.pricingplacing.PreGeneratePlacingResultController#handle,cn.nc.issuance.book.dcm.facade.controller.pricingplacing.PreGeneratePlacingResultController,handle,1,1
cn.nc.pub.msg.facade.controller.parameterTemplate.ParameterTemplateAddController#doService,cn.nc.pub.msg.facade.controller.parameterTemplate.ParameterTemplateAddController,doService,2,2
cn.nc.issuance.book.dcm.query.facade.controller.hisinfoquery.RegistrationNoticeDownLoadController#doService,cn.nc.issuance.book.dcm.query.facade.controller.hisinfoquery.RegistrationNoticeDownLoadController,doService,3,13
cn.nc.user.centerinstuseroperator.controller.CenterInstOperListController#doService,cn.nc.user.centerinstuseroperator.controller.CenterInstOperListController,doService,3,4
cn.nc.issuance.common.facade.controller.operation.ContactDeleteController#handle,cn.nc.issuance.common.facade.controller.operation.ContactDeleteController,handle,1,1
cn.nc.channel.auth.inner.facade.controller.AuthAccessTokenController#doService,cn.nc.channel.auth.inner.facade.controller.AuthAccessTokenController,doService,2,5
cn.nc.issuance.book.dcm.query.facade.controller.querystatistics.CheckBondInfoController#doService,cn.nc.issuance.book.dcm.query.facade.controller.querystatistics.CheckBondInfoController,doService,1,1
cn.nc.user.external.facade.controller.InstRoleListController#getInstinfoByRoleList,cn.nc.user.external.facade.controller.InstRoleListController,getInstinfoByRoleList,1,1
cn.nc.user.external.facade.controller.UserinfoController#getUserinfo,cn.nc.user.external.facade.controller.UserinfoController,getUserinfo,1,1
cn.nc.user.openacctquery.controller.InstOperOpenAcctDetailListController#getInstOperDetailsList,cn.nc.user.openacctquery.controller.InstOperOpenAcctDetailListController,getInstOperDetailsList,1,1
cn.nc.user.staff.facade.controller.MenuTreeListByPermissionIdListController#handle,cn.nc.user.staff.facade.controller.MenuTreeListByPermissionIdListController,handle,1,1
cn.nc.issuance.book.dcm.query.facade.controller.purchaseOffer.TrustAccountMagnifyController#handle,cn.nc.issuance.book.dcm.query.facade.controller.purchaseOffer.TrustAccountMagnifyController,handle,1,1
cn.nc.user.reguser.facade.controller.UserPwdResetController#resetUserPassword,cn.nc.user.reguser.facade.controller.UserPwdResetController,resetUserPassword,1,1
cn.nc.pub.msg.facade.controller.productParameter.ProductParameterGetController#doService,cn.nc.pub.msg.facade.controller.productParameter.ProductParameterGetController,doService,8,33
cn.nc.user.external.facade.controller.InstOperAccountController#doService,cn.nc.user.external.facade.controller.InstOperAccountController,doService,12,36
cn.nc.user.staff.facade.controller.in.OrgAddController#handle,cn.nc.user.staff.facade.controller.in.OrgAddController,handle,1,1
cn.nc.pub.wkcl.facade.controller.sys.SysNoSelectController#sysNoSelect,cn.nc.pub.wkcl.facade.controller.sys.SysNoSelectController,sysNoSelect,1,1
cn.nc.issuance.book.dcm.facade.controller.pricingplacing.PricingPlacingReCreatePurchaseExpController#doService,cn.nc.issuance.book.dcm.facade.controller.pricingplacing.PricingPlacingReCreatePurchaseExpController,doService,2,1
cn.nc.user.summary.facede.comtroller.NationalEconSectorController#getNationalList,cn.nc.user.summary.facede.comtroller.NationalEconSectorController,getNationalList,1,1
cn.nc.user.inst.facade.controller.QueryInstInfoListController#doService,cn.nc.user.inst.facade.controller.QueryInstInfoListController,doService,4,7
cn.nc.operation.base.facade.controller.task.TaskCompleteController#complete,cn.nc.operation.base.facade.controller.task.TaskCompleteController,complete,1,1
cn.nc.user.cfaeacct.facade.controller.CenterCfaeAcctListController#doService,cn.nc.user.cfaeacct.facade.controller.CenterCfaeAcctListController,doService,3,2
cn.nc.user.seal.facade.controller.SealHisClientApprovalPassController#sealHisApprovalPass,cn.nc.user.seal.facade.controller.SealHisClientApprovalPassController,sealHisApprovalPass,1,1
cn.nc.channel.mix.controller.channel.dist.QueryTodayDistBondController#queryTodayDistBond,cn.nc.channel.mix.controller.channel.dist.QueryTodayDistBondController,queryTodayDistBond,1,1
cn.nc.user.cfaeacct.facade.controller.CenterCfaeAcctBatchApproveReturnController#doService,cn.nc.user.cfaeacct.facade.controller.CenterCfaeAcctBatchApproveReturnController,doService,2,3
cn.nc.user.query.facade.controller.GetUserInfoHisByUserIdController#getUserInfoHisByUserId,cn.nc.user.query.facade.controller.GetUserInfoHisByUserIdController,getUserInfoHisByUserId,1,1
cn.nc.pub.wkcl.facade.controller.core.NextDayQueryController#doService,cn.nc.pub.wkcl.facade.controller.core.NextDayQueryController,doService,2,16
cn.nc.issuance.book.dcm.query.facade.controller.querystatistics.DownLoadFileController#downLoadFile,cn.nc.issuance.book.dcm.query.facade.controller.querystatistics.DownLoadFileController,downLoadFile,1,1
cn.nc.issuance.book.dcm.facade.controller.modifyinterimbondinfo.ModifyInterimBondSaveController#doService,cn.nc.issuance.book.dcm.facade.controller.modifyinterimbondinfo.ModifyInterimBondSaveController,doService,19,81
cn.nc.user.staff.facade.controller.in.UserModifyController#doService,cn.nc.user.staff.facade.controller.in.UserModifyController,doService,10,29
cn.nc.user.cfaeacct.facade.controller.CenterCfaeAcctQueryListController#centerCfaeAcctQueryList,cn.nc.user.cfaeacct.facade.controller.CenterCfaeAcctQueryListController,centerCfaeAcctQueryList,1,1
cn.nc.user.external.facade.controller.QueryLargeAccountController#getLargeAccountList,cn.nc.user.external.facade.controller.QueryLargeAccountController,getLargeAccountList,1,1
cn.nc.issuance.book.dcm.facade.controller.pricingplacing.PricingPlacingQueryPurchaseListController#handle,cn.nc.issuance.book.dcm.facade.controller.pricingplacing.PricingPlacingQueryPurchaseListController,handle,1,1
cn.nc.user.query.facade.controller.QueryInstUserPermInfoController#doService,cn.nc.user.query.facade.controller.QueryInstUserPermInfoController,doService,6,37
cn.nc.issuance.book.dcm.query.facade.controller.bondAdd.BondPublishObjectListController#handle,cn.nc.issuance.book.dcm.query.facade.controller.bondAdd.BondPublishObjectListController,handle,1,1
cn.nc.issuance.book.dcm.query.facade.controller.enquirymanage.QueryEnquiryManageController#handle,cn.nc.issuance.book.dcm.query.facade.controller.enquirymanage.QueryEnquiryManageController,handle,1,1
cn.nc.issuance.book.dcm.facade.controller.group.GroupStopGroupClickController#handle,cn.nc.issuance.book.dcm.facade.controller.group.GroupStopGroupClickController,handle,1,1
cn.nc.issuance.book.dcm.facade.controller.unAnnounced.UnAnnounceBondDelController#handle,cn.nc.issuance.book.dcm.facade.controller.unAnnounced.UnAnnounceBondDelController,handle,1,1
cn.nc.user.seal.facade.controller.SealHisClientBatchDeleteController#sealHisBatchDelete,cn.nc.user.seal.facade.controller.SealHisClientBatchDeleteController,sealHisBatchDelete,1,1
cn.nc.channel.search.facade.controller.LoggedInFunctionSearchController#search,cn.nc.channel.search.facade.controller.LoggedInFunctionSearchController,search,1,1
cn.nc.channel.auth.outer.facade.controller.LoginSessionQueryController#findLoginSession,cn.nc.channel.auth.outer.facade.controller.LoginSessionQueryController,findLoginSession,1,1
cn.nc.starter.file.controller.FileStorageController#downloadByUrlWithBucketBytes,cn.nc.starter.file.controller.FileStorageController,downloadByUrlWithBucketBytes,1,4
cn.nc.issuance.dist.facade.controller.SimDistInfoBatchDelController#doService,cn.nc.issuance.dist.facade.controller.SimDistInfoBatchDelController,doService,3,13
cn.nc.pub.msg.facade.controller.log.ReceiveRecordExportController#doService,cn.nc.pub.msg.facade.controller.log.ReceiveRecordExportController,doService,3,17
cn.nc.channel.mix.controller.issuance.QueryDistDetailController#doService,cn.nc.channel.mix.controller.issuance.QueryDistDetailController,doService,5,11
cn.nc.issuance.book.dcm.query.facade.controller.unannounced.UnAnnounceBondDetailController#doService,cn.nc.issuance.book.dcm.query.facade.controller.unannounced.UnAnnounceBondDetailController,doService,5,10
cn.nc.issuance.book.dcm.query.facade.controller.hisinfoquery.SendRegistrationNoticeHisQueryController#handle,cn.nc.issuance.book.dcm.query.facade.controller.hisinfoquery.SendRegistrationNoticeHisQueryController,handle,1,1
cn.nc.channel.backend.facade.controller.UseStatusSelectQueryController#doService,cn.nc.channel.backend.facade.controller.UseStatusSelectQueryController,doService,2,3
cn.nc.user.inst.facade.controller.InstInfoHisBatchDeleteController#doService,cn.nc.user.inst.facade.controller.InstInfoHisBatchDeleteController,doService,3,17
cn.nc.issuance.bid.facade.controller.biddingresultMgmt.QueryRegFileController#doService,cn.nc.issuance.bid.facade.controller.biddingresultMgmt.QueryRegFileController,doService,4,31
cn.nc.issuance.book.dcm.query.facade.controller.inquiry.QueryInquiryController#handle,cn.nc.issuance.book.dcm.query.facade.controller.inquiry.QueryInquiryController,handle,1,1
cn.nc.user.staff.facade.controller.in.PositionListController#doService,cn.nc.user.staff.facade.controller.in.PositionListController,doService,4,10
cn.nc.issuance.book.dcm.query.facade.controller.hisinfoquery.SendRegistrationNoticeHisDownLoadController#doService,cn.nc.issuance.book.dcm.query.facade.controller.hisinfoquery.SendRegistrationNoticeHisDownLoadController,doService,3,5
cn.nc.channel.auth.outer.facade.controller.SwitchInstUserController#switchInstUserByCondition,cn.nc.channel.auth.outer.facade.controller.SwitchInstUserController,switchInstUserByCondition,1,1
cn.nc.issuance.bid.facade.controller.biddingManagement.bidSuppAdmiAdd.QueryResRightAddController#handle,cn.nc.issuance.bid.facade.controller.biddingManagement.bidSuppAdmiAdd.QueryResRightAddController,handle,1,1
cn.nc.user.staff.facade.controller.ResourceAdminPositionSystemListController#doService,cn.nc.user.staff.facade.controller.ResourceAdminPositionSystemListController,doService,4,13
cn.nc.pub.msg.facade.controller.outside.PubBookCrmwProductInstanceReceiveController#doService,cn.nc.pub.msg.facade.controller.outside.PubBookCrmwProductInstanceReceiveController,doService,1,1
cn.nc.pub.wkcl.facade.controller.legal.LegalCalQueryController#doService,cn.nc.pub.wkcl.facade.controller.legal.LegalCalQueryController,doService,3,7
cn.nc.pub.msg.facade.controller.productParameter.ProductParameterRefuseController#refuse,cn.nc.pub.msg.facade.controller.productParameter.ProductParameterRefuseController,refuse,1,1
cn.nc.channel.backend.facade.controller.InstitutionCrmwBookManagementController#institutionCrmwBookManagement,cn.nc.channel.backend.facade.controller.InstitutionCrmwBookManagementController,institutionCrmwBookManagement,1,1
cn.nc.user.staff.facade.controller.AuthOneCacheController#handle,cn.nc.user.staff.facade.controller.AuthOneCacheController,handle,1,1
cn.nc.channel.backend.facade.controller.IdentityMappingPublishController#doService,cn.nc.channel.backend.facade.controller.IdentityMappingPublishController,doService,3,7
cn.nc.user.cfaeacct.facade.controller.ClientCfaeAcctDetailController#clientCfaeAcctDetail,cn.nc.user.cfaeacct.facade.controller.ClientCfaeAcctDetailController,clientCfaeAcctDetail,1,1
cn.nc.issuance.book.dcm.query.facade.controller.groupManage.JoinGroupController#doService,cn.nc.issuance.book.dcm.query.facade.controller.groupManage.JoinGroupController,doService,3,2
cn.nc.user.cfaeacct.facade.controller.CenterCfaeAcctHisQueryListController#doService,cn.nc.user.cfaeacct.facade.controller.CenterCfaeAcctHisQueryListController,doService,3,2
cn.nc.issuance.book.dcm.query.facade.controller.querystatistics.BookProcessAdjustExportController#handle,cn.nc.issuance.book.dcm.query.facade.controller.querystatistics.BookProcessAdjustExportController,handle,1,1
cn.nc.user.staff.facade.controller.in.UserForgetController#handle,cn.nc.user.staff.facade.controller.in.UserForgetController,handle,1,1
cn.nc.issuance.common.facade.controller.InstitutionInfoQueryController#handle,cn.nc.issuance.common.facade.controller.InstitutionInfoQueryController,handle,1,1
cn.nc.issuance.dist.facade.controller.external.DCMForExternalSelectBondReportController#doService,cn.nc.issuance.dist.facade.controller.external.DCMForExternalSelectBondReportController,doService,5,41
cn.nc.channel.search.facade.controller.LoggedDcmSearchController#doService,cn.nc.channel.search.facade.controller.LoggedDcmSearchController,doService,3,11
cn.nc.issuance.book.dcm.query.facade.controller.dcmbondadmin.BondSubjectQueryController#handle,cn.nc.issuance.book.dcm.query.facade.controller.dcmbondadmin.BondSubjectQueryController,handle,1,1
cn.nc.pub.wkcl.facade.controller.trade.TradeCalDetailSaveController#doService,cn.nc.pub.wkcl.facade.controller.trade.TradeCalDetailSaveController,doService,5,8
cn.nc.operation.base.facade.controller.notice.NoticeGroupApproverQueryController#doService,cn.nc.operation.base.facade.controller.notice.NoticeGroupApproverQueryController,doService,4,10
cn.nc.user.staff.facade.controller.MenuUserMenuListController#handle,cn.nc.user.staff.facade.controller.MenuUserMenuListController,handle,1,1
cn.nc.user.clientorgquery.facade.controller.ClientOrgJumpAddOrModifyController#doService,cn.nc.user.clientorgquery.facade.controller.ClientOrgJumpAddOrModifyController,doService,5,15
cn.nc.pub.msg.facade.controller.send.SendSmsController#sendSms,cn.nc.pub.msg.facade.controller.send.SendSmsController,sendSms,1,1
cn.nc.channel.mix.controller.channel.subscribe.QueryCrmwPurchasedProductsController#queryCrmwPurchasedProducts,cn.nc.channel.mix.controller.channel.subscribe.QueryCrmwPurchasedProductsController,queryCrmwPurchasedProducts,1,1
cn.nc.channel.backend.facade.controller.PageLayoutQueryByIdController#doService,cn.nc.channel.backend.facade.controller.PageLayoutQueryByIdController,doService,8,45
cn.nc.issuance.book.dcm.query.facade.controller.bond.BondElementInfoController#doService,cn.nc.issuance.book.dcm.query.facade.controller.bond.BondElementInfoController,doService,2,1
cn.nc.user.template.facade.CenterApproveTemplateOrderSaveController#doService,cn.nc.user.template.facade.CenterApproveTemplateOrderSaveController,doService,2,10
cn.nc.user.inst.facade.controller.QueryInstListController#doService,cn.nc.user.inst.facade.controller.QueryInstListController,doService,3,2
cn.nc.user.template.facade.controller.CenterApproveTemplateListController#approveTemplateList,cn.nc.user.template.facade.controller.CenterApproveTemplateListController,approveTemplateList,1,1
cn.nc.operation.base.facade.controller.work.WorkingScheduleUpdateStateController#updateState,cn.nc.operation.base.facade.controller.work.WorkingScheduleUpdateStateController,updateState,1,1
cn.nc.issuance.book.dcm.query.facade.controller.querystatistics.BondGroupFeeQueryController#bondGroupFeeQuery,cn.nc.issuance.book.dcm.query.facade.controller.querystatistics.BondGroupFeeQueryController,bondGroupFeeQuery,1,1
cn.nc.user.position.facade.controller.center.CenterPositionHisCodeController#doService,cn.nc.user.position.facade.controller.center.CenterPositionHisCodeController,doService,2,2
cn.nc.channel.auth.outer.facade.controller.EncryptPublicKeyController#generateSm2PublicKey,cn.nc.channel.auth.outer.facade.controller.EncryptPublicKeyController,generateSm2PublicKey,1,1
cn.nc.issuance.book.dcm.facade.controller.reservationmanage.ReservationManageAuditController#doService,cn.nc.issuance.book.dcm.facade.controller.reservationmanage.ReservationManageAuditController,doService,1,1
cn.nc.issuance.book.dcm.query.facade.controller.directinvestor.whitelist.nx.CheckNWhiteController#doService,cn.nc.issuance.book.dcm.query.facade.controller.directinvestor.whitelist.nx.CheckNWhiteController,doService,2,1
cn.nc.issuance.book.dcm.query.facade.controller.pricingplacing.PricingplacingPdfViewController#proxyPdf,cn.nc.issuance.book.dcm.query.facade.controller.pricingplacing.PricingplacingPdfViewController,proxyPdf,2,11
cn.nc.issuance.book.dcm.query.facade.controller.homeStart.QueryRegisterProcessController#doService,cn.nc.issuance.book.dcm.query.facade.controller.homeStart.QueryRegisterProcessController,doService,2,1
cn.nc.issuance.book.dcm.facade.controller.enquirymanage.SendEnquiryManageController#handle,cn.nc.issuance.book.dcm.facade.controller.enquirymanage.SendEnquiryManageController,handle,1,1
cn.nc.user.staff.facade.controller.ResourceSystemListController#doService,cn.nc.user.staff.facade.controller.ResourceSystemListController,doService,4,7
cn.nc.issuance.book.dcm.facade.controller.pricingplacing.PricingExclusiveSalesControlle#handle,cn.nc.issuance.book.dcm.facade.controller.pricingplacing.PricingExclusiveSalesControlle,handle,1,1
cn.nc.issuance.bid.facade.controller.core.GetProductRuleController#doService,cn.nc.issuance.bid.facade.controller.core.GetProductRuleController,doService,3,8
cn.nc.issuance.bid.facade.controller.core.BondFullInfoController#handle,cn.nc.issuance.bid.facade.controller.core.BondFullInfoController,handle,1,1
cn.nc.user.clientorgquery.facade.controller.ClientOrgUserSelectListController#clientOrgUserHisSelectList,cn.nc.user.clientorgquery.facade.controller.ClientOrgUserSelectListController,clientOrgUserHisSelectList,1,1
cn.nc.issuance.book.dcm.query.facade.controller.bondauthorize.AuthorizeFilesListController#handle,cn.nc.issuance.book.dcm.query.facade.controller.bondauthorize.AuthorizeFilesListController,handle,1,1
cn.nc.user.staff.facade.controller.in.OrgSyncController#handle,cn.nc.user.staff.facade.controller.in.OrgSyncController,handle,1,1
cn.nc.user.ukey.facade.controller.UkeyMaintainHisClientBatchApprovalCancelController#ukeyMaintainHisBatchApprovalCancel,cn.nc.user.ukey.facade.controller.UkeyMaintainHisClientBatchApprovalCancelController,ukeyMaintainHisBatchApprovalCancel,1,1
cn.nc.user.magnifier.facade.controller.InstMagnifierListController#doService,cn.nc.user.magnifier.facade.controller.InstMagnifierListController,doService,3,8
cn.nc.issuance.common.facade.controller.SysDictionaryAuditSelectController#doService,cn.nc.issuance.common.facade.controller.SysDictionaryAuditSelectController,doService,2,1
cn.nc.channel.msg.facade.controller.DisclosureQueryController#query,cn.nc.channel.msg.facade.controller.DisclosureQueryController,query,1,1
cn.nc.pub.msg.facade.controller.select.SysNoSelectController#sysNoSelect,cn.nc.pub.msg.facade.controller.select.SysNoSelectController,sysNoSelect,1,1
cn.nc.channel.mix.controller.channel.statistic.QueryInstitutionCrmwPurchaseStatsController#doService,cn.nc.channel.mix.controller.channel.statistic.QueryInstitutionCrmwPurchaseStatsController,doService,3,25
cn.nc.issuance.book.dcm.facade.controller.pricingplacing.ReceiptConfirmController#doService,cn.nc.issuance.book.dcm.facade.controller.pricingplacing.ReceiptConfirmController,doService,2,1
cn.nc.user.instacct.controller.GetInstCapitalAcctDetailController#getInstCapitalAcctDetail,cn.nc.user.instacct.controller.GetInstCapitalAcctDetailController,getInstCapitalAcctDetail,1,1
cn.nc.issuance.book.dcm.query.facade.controller.purchaseOffer.PurchaseOfferHisDetailQueryController#handle,cn.nc.issuance.book.dcm.query.facade.controller.purchaseOffer.PurchaseOfferHisDetailQueryController,handle,1,1
cn.nc.pub.msg.facade.controller.send.SendEmailAsyncController#doService,cn.nc.pub.msg.facade.controller.send.SendEmailAsyncController,doService,15,78
cn.nc.user.position.facade.controller.center.CenterPositionHisListController#doService,cn.nc.user.position.facade.controller.center.CenterPositionHisListController,doService,4,10
cn.nc.channel.mix.controller.issuance.QueryOfficialBondInfoController#queryOfficialBondInfo,cn.nc.channel.mix.controller.issuance.QueryOfficialBondInfoController,queryOfficialBondInfo,1,1
cn.nc.pub.wkcl.facade.controller.core.ContinWorkDaysQueryController#continWorkDaysQuery,cn.nc.pub.wkcl.facade.controller.core.ContinWorkDaysQueryController,continWorkDaysQuery,1,1
cn.nc.issuance.dist.facade.controller.DistDetailImportController#handle,cn.nc.issuance.dist.facade.controller.DistDetailImportController,handle,3,15
cn.nc.issuance.book.dcm.query.facade.controller.bill.PrintPdfDownloadController#toByteArray,cn.nc.issuance.book.dcm.query.facade.controller.bill.PrintPdfDownloadController,toByteArray,1,2
cn.nc.channel.backend.facade.controller.IssuedCrmwQueryController#doService,cn.nc.channel.backend.facade.controller.IssuedCrmwQueryController,doService,3,6
cn.nc.operation.base.facade.controller.work.WorkingScheduleSaveController#save,cn.nc.operation.base.facade.controller.work.WorkingScheduleSaveController,save,1,1
cn.nc.issuance.book.dcm.query.facade.controller.hisinfoquery.OnlineReplyDetailController#doService,cn.nc.issuance.book.dcm.query.facade.controller.hisinfoquery.OnlineReplyDetailController,doService,3,6
cn.nc.user.reguser.facade.controller.LoginNoPwdCheckController#doService,cn.nc.user.reguser.facade.controller.LoginNoPwdCheckController,doService,3,18
cn.nc.user.ukey.facade.controller.UkeyBindHisCenterDeleteController#doService,cn.nc.user.ukey.facade.controller.UkeyBindHisCenterDeleteController,doService,4,8
cn.nc.user.position.facade.controller.center.CenterPositionHisAddController#handle,cn.nc.user.position.facade.controller.center.CenterPositionHisAddController,handle,1,1
cn.nc.pub.wkcl.facade.controller.legal.LegalCalDetailSaveController#doService,cn.nc.pub.wkcl.facade.controller.legal.LegalCalDetailSaveController,doService,5,8
cn.nc.operation.base.facade.controller.work.WorkingScheduleItemsDictQueryController#queryWorkItems,cn.nc.operation.base.facade.controller.work.WorkingScheduleItemsDictQueryController,queryWorkItems,1,1
cn.nc.issuance.book.dcm.query.facade.controller.modifyinterimbondinfo.ModifyInterimViewBondInfoController#doService,cn.nc.issuance.book.dcm.query.facade.controller.modifyinterimbondinfo.ModifyInterimViewBondInfoController,doService,2,1
cn.nc.channel.msg.facade.controller.NoticeCancelController#handle,cn.nc.channel.msg.facade.controller.NoticeCancelController,handle,1,1
cn.nc.issuance.book.dcm.query.facade.controller.homeStart.OfficialBondInfoInitDetailQueryController#handle,cn.nc.issuance.book.dcm.query.facade.controller.homeStart.OfficialBondInfoInitDetailQueryController,handle,1,1
cn.nc.channel.backend.facade.controller.InstitutionFinancialUnderwritingController#institutionFinancialUnderwriting,cn.nc.channel.backend.facade.controller.InstitutionFinancialUnderwritingController,institutionFinancialUnderwriting,1,1
cn.nc.issuance.common.facade.controller.query.BussinessAllBillsQueryController#doService,cn.nc.issuance.common.facade.controller.query.BussinessAllBillsQueryController,doService,3,5
cn.nc.issuance.book.dcm.facade.controller.bondallocation.BondAllocationDelController#doService,cn.nc.issuance.book.dcm.facade.controller.bondallocation.BondAllocationDelController,doService,2,1
cn.nc.issuance.dist.facade.controller.DistributionDelController#doService,cn.nc.issuance.dist.facade.controller.DistributionDelController,doService,14,46
cn.nc.issuance.dist.facade.controller.DistHisAgreementDetailController#handle,cn.nc.issuance.dist.facade.controller.DistHisAgreementDetailController,handle,1,1
cn.nc.issuance.book.dcm.query.facade.controller.querystatistics.BondPublishProcessMonitorQueryController#doService,cn.nc.issuance.book.dcm.query.facade.controller.querystatistics.BondPublishProcessMonitorQueryController,doService,4,9
cn.nc.issuance.book.dcm.query.facade.controller.systemadmin.BookAccountsDetailExportController#handle,cn.nc.issuance.book.dcm.query.facade.controller.systemadmin.BookAccountsDetailExportController,handle,1,1
cn.nc.user.staff.facade.controller.MenuEmergencyRouteListController#doService,cn.nc.user.staff.facade.controller.MenuEmergencyRouteListController,doService,2,8
cn.nc.user.staff.facade.controller.MenuPubUserApiListController#handle,cn.nc.user.staff.facade.controller.MenuPubUserApiListController,handle,1,1
cn.nc.issuance.bid.facade.controller.biddingManagement.bidSuppAdmiAdd.CancelAdditionAddController#handle,cn.nc.issuance.bid.facade.controller.biddingManagement.bidSuppAdmiAdd.CancelAdditionAddController,handle,1,1
cn.nc.user.position.facade.controller.center.CenterPositionListController#handle,cn.nc.user.position.facade.controller.center.CenterPositionListController,handle,1,1
cn.nc.issuance.book.dcm.query.facade.controller.querystatistics.BondGroupFeeExportController#bondGroupFeeExport,cn.nc.issuance.book.dcm.query.facade.controller.querystatistics.BondGroupFeeExportController,bondGroupFeeExport,1,1
cn.nc.channel.backend.facade.controller.ConcernFinancialBondController#concernFinancial,cn.nc.channel.backend.facade.controller.ConcernFinancialBondController,concernFinancial,1,1
cn.nc.issuance.book.dcm.facade.controller.pricingplacing.PrintCenterUploadAuditController#handle,cn.nc.issuance.book.dcm.facade.controller.pricingplacing.PrintCenterUploadAuditController,handle,1,1
cn.nc.operation.base.facade.controller.notice.NoticeCancelStickTopController#doService,cn.nc.operation.base.facade.controller.notice.NoticeCancelStickTopController,doService,5,10
cn.nc.issuance.common.facade.controller.SysDictionaryAuditAddController#handle,cn.nc.issuance.common.facade.controller.SysDictionaryAuditAddController,handle,1,1
cn.nc.user.thirduser.facade.controller.GetInstThirdUserRelDetailController#doService,cn.nc.user.thirduser.facade.controller.GetInstThirdUserRelDetailController,doService,3,2
cn.nc.issuance.book.dcm.facade.controller.purchaseOffer.PurchaseOfferCancelController#doService,cn.nc.issuance.book.dcm.facade.controller.purchaseOffer.PurchaseOfferCancelController,doService,2,1
cn.nc.issuance.book.dcm.query.facade.controller.querystatistics.PublishSuccBondExportController#publishSuccBondInfoExport,cn.nc.issuance.book.dcm.query.facade.controller.querystatistics.PublishSuccBondExportController,publishSuccBondInfoExport,1,1
cn.nc.issuance.common.facade.controller.SysDictionaryListController#doService,cn.nc.issuance.common.facade.controller.SysDictionaryListController,doService,2,1
cn.nc.issuance.dist.facade.controller.DistBondsPlanQueryController#handle,cn.nc.issuance.dist.facade.controller.DistBondsPlanQueryController,handle,1,1
cn.nc.user.cfaeacct.facade.controller.CenterCfaeAcctAddSaveController#cfaeAcctAddSaveCenter,cn.nc.user.cfaeacct.facade.controller.CenterCfaeAcctAddSaveController,cfaeAcctAddSaveCenter,1,1
cn.nc.operation.base.facade.controller.notice.NoticeCancelStickTopController#cancelStickTopNotice,cn.nc.operation.base.facade.controller.notice.NoticeCancelStickTopController,cancelStickTopNotice,1,1
cn.nc.issuance.book.dcm.query.facade.controller.purchaseOffer.PurchaseOfferListController#doService,cn.nc.issuance.book.dcm.query.facade.controller.purchaseOffer.PurchaseOfferListController,doService,4,28
cn.nc.user.archive.facade.controller.GetArchivedController#doService,cn.nc.user.archive.facade.controller.GetArchivedController,doService,2,1
cn.nc.issuance.bid.facade.controller.biddingManagement.bidSuppAdmi.DownLoadLeftAdditionController#handle,cn.nc.issuance.bid.facade.controller.biddingManagement.bidSuppAdmi.DownLoadLeftAdditionController,handle,1,1
cn.nc.issuance.bid.facade.controller.core.QueryServerTimeController#handle,cn.nc.issuance.bid.facade.controller.core.QueryServerTimeController,handle,1,1
cn.nc.issuance.dist.facade.controller.DistributionSellerConfirmController#handle,cn.nc.issuance.dist.facade.controller.DistributionSellerConfirmController,handle,1,1
cn.nc.channel.mix.controller.channel.statistic.QueryInstitutionBondIssuanceStatsController#queryInstitutionBondIssuanceStats,cn.nc.channel.mix.controller.channel.statistic.QueryInstitutionBondIssuanceStatsController,queryInstitutionBondIssuanceStats,1,1
cn.nc.user.position.facade.controller.client.ClientPositionHisListController#handle,cn.nc.user.position.facade.controller.client.ClientPositionHisListController,handle,1,1
cn.nc.issuance.book.dcm.query.facade.controller.purchaseManage.PurchaseOfferManageDetailController#handle,cn.nc.issuance.book.dcm.query.facade.controller.purchaseManage.PurchaseOfferManageDetailController,handle,1,1
cn.nc.issuance.dist.facade.controller.TemplateQueryController#doService,cn.nc.issuance.dist.facade.controller.TemplateQueryController,doService,4,24
cn.nc.channel.backend.facade.controller.InstitutionCrmwBookManagementController#doService,cn.nc.channel.backend.facade.controller.InstitutionCrmwBookManagementController,doService,3,6
cn.nc.channel.auth.outer.facade.controller.EncryptPublicKeyController#doService,cn.nc.channel.auth.outer.facade.controller.EncryptPublicKeyController,doService,3,6
cn.nc.issuance.common.facade.controller.query.RegistrationFilesQueryController#handle,cn.nc.issuance.common.facade.controller.query.RegistrationFilesQueryController,handle,1,1
cn.nc.issuance.common.facade.controller.BondKindConfigSelectController#handle,cn.nc.issuance.common.facade.controller.BondKindConfigSelectController,handle,1,1
cn.nc.issuance.book.dcm.facade.controller.group.InvestorModifyController#handle,cn.nc.issuance.book.dcm.facade.controller.group.InvestorModifyController,handle,1,1
cn.nc.issuance.book.dcm.query.facade.controller.purchaseOffer.PurchaseOfferExprotExController#doService,cn.nc.issuance.book.dcm.query.facade.controller.purchaseOffer.PurchaseOfferExprotExController,doService,1,1
cn.nc.user.query.facade.controller.RegisterUserValidateController#doService,cn.nc.user.query.facade.controller.RegisterUserValidateController,doService,3,8
cn.nc.user.instacct.controller.AddInstCapitalAcctController#doService,cn.nc.user.instacct.controller.AddInstCapitalAcctController,doService,3,9
cn.nc.channel.backend.facade.controller.ConcernFinancialBondQueryController#doService,cn.nc.channel.backend.facade.controller.ConcernFinancialBondQueryController,doService,4,19
cn.nc.channel.backend.facade.controller.IdentityTypeQueryController#queryIdentityType,cn.nc.channel.backend.facade.controller.IdentityTypeQueryController,queryIdentityType,1,1
cn.nc.issuance.dist.facade.controller.DistributionNewConfirmController#handle,cn.nc.issuance.dist.facade.controller.DistributionNewConfirmController,handle,1,1
cn.nc.issuance.book.dcm.query.facade.controller.bondAdd.BondAssetCategoryListController#handle,cn.nc.issuance.book.dcm.query.facade.controller.bondAdd.BondAssetCategoryListController,handle,1,1
cn.nc.issuance.book.dcm.query.facade.controller.directinvestor.whitelist.AccountWlQueryController#doService,cn.nc.issuance.book.dcm.query.facade.controller.directinvestor.whitelist.AccountWlQueryController,doService,3,5
cn.nc.user.inst.facade.controller.QueryInstInfoHisMaintianListController#queryInstInfoHisMaintainList,cn.nc.user.inst.facade.controller.QueryInstInfoHisMaintianListController,queryInstInfoHisMaintainList,1,1
cn.nc.issuance.bid.facade.controller.biddingresultMgmt.SendPlacingResultToClearHouseController#sendPlacingResultToClearHouse,cn.nc.issuance.bid.facade.controller.biddingresultMgmt.SendPlacingResultToClearHouseController,sendPlacingResultToClearHouse,1,1
cn.nc.issuance.bid.facade.controller.biddingresultMgmt.QueryPayAmountPageInfoController#doService,cn.nc.issuance.bid.facade.controller.biddingresultMgmt.QueryPayAmountPageInfoController,doService,5,62
cn.nc.issuance.book.dcm.query.facade.controller.systemadmin.DataSubmittedQueryController#handle,cn.nc.issuance.book.dcm.query.facade.controller.systemadmin.DataSubmittedQueryController,handle,1,1
cn.nc.user.external.facade.controller.InstinfoDetailController#doService,cn.nc.user.external.facade.controller.InstinfoDetailController,doService,7,20
cn.nc.user.clientinstuseroperator.controller.ClientInstOperListHisController#doService,cn.nc.user.clientinstuseroperator.controller.ClientInstOperListHisController,doService,3,6
cn.nc.issuance.book.dcm.query.facade.controller.purchaseManage.PurchaseOfferExprotBidListController#handle,cn.nc.issuance.book.dcm.query.facade.controller.purchaseManage.PurchaseOfferExprotBidListController,handle,1,1
cn.nc.issuance.book.dcm.query.facade.controller.DcmManageReachedTypeListController#doService,cn.nc.issuance.book.dcm.query.facade.controller.DcmManageReachedTypeListController,doService,1,1
cn.nc.channel.auth.outer.facade.controller.RefreshTokenController#refresh,cn.nc.channel.auth.outer.facade.controller.RefreshTokenController,refresh,1,1
cn.nc.user.external.facade.controller.InstUserListController#doService,cn.nc.user.external.facade.controller.InstUserListController,doService,5,28
cn.nc.user.query.facade.controller.QueryInstThirdUserRelApplyController#doService,cn.nc.user.query.facade.controller.QueryInstThirdUserRelApplyController,doService,4,28
cn.nc.issuance.bid.facade.controller.submitPurchaseOffer.TiPurchaseOfferRevokeController#doService,cn.nc.issuance.bid.facade.controller.submitPurchaseOffer.TiPurchaseOfferRevokeController,doService,8,23
cn.nc.channel.backend.facade.controller.LoggedCrmwSearchController#loggedCrmwSearch,cn.nc.channel.backend.facade.controller.LoggedCrmwSearchController,loggedCrmwSearch,1,1
cn.nc.operation.base.facade.controller.statistic.BondApproveBusinessTypesController#doService,cn.nc.operation.base.facade.controller.statistic.BondApproveBusinessTypesController,doService,3,14
cn.nc.issuance.book.dcm.query.facade.controller.BondCodeMagnifierController#doService,cn.nc.issuance.book.dcm.query.facade.controller.BondCodeMagnifierController,doService,3,3
cn.nc.issuance.book.dcm.facade.controller.bondAdmin.BondSubjectSaveController#doService,cn.nc.issuance.book.dcm.facade.controller.bondAdmin.BondSubjectSaveController,doService,7,13
cn.nc.issuance.book.dcm.facade.controller.homestart.CancelOptionalChannelController#handle,cn.nc.issuance.book.dcm.facade.controller.homestart.CancelOptionalChannelController,handle,1,1
cn.nc.issuance.dist.facade.controller.DistHisAgreementQueryController#doService,cn.nc.issuance.dist.facade.controller.DistHisAgreementQueryController,doService,5,12
cn.nc.issuance.book.dcm.facade.controller.modifyinterimbondinfo.ModifyInterimBondModifyModifyApplyController#handle,cn.nc.issuance.book.dcm.facade.controller.modifyinterimbondinfo.ModifyInterimBondModifyModifyApplyController,handle,1,1
cn.nc.issuance.book.dcm.query.facade.controller.querystatistics.QueryPublishBondInfoTotalController#doService,cn.nc.issuance.book.dcm.query.facade.controller.querystatistics.QueryPublishBondInfoTotalController,doService,2,3
cn.nc.channel.auth.outer.facade.controller.GenerateSliderKaptchaController#generateSliderKaptcha,cn.nc.channel.auth.outer.facade.controller.GenerateSliderKaptchaController,generateSliderKaptcha,1,1
cn.nc.issuance.bid.facade.controller.bill.BillListController#handle,cn.nc.issuance.bid.facade.controller.bill.BillListController,handle,1,1
cn.nc.issuance.common.facade.controller.SysConfigAddController#handle,cn.nc.issuance.common.facade.controller.SysConfigAddController,handle,1,1
cn.nc.issuance.common.facade.controller.RoleMenuRelationListController#doService,cn.nc.issuance.common.facade.controller.RoleMenuRelationListController,doService,3,2
cn.nc.issuance.book.dcm.facade.controller.directinvestor.whitelist.nx.AccountWlSendController#accountWhiteListSend,cn.nc.issuance.book.dcm.facade.controller.directinvestor.whitelist.nx.AccountWlSendController,accountWhiteListSend,1,1
cn.nc.issuance.book.dcm.query.facade.controller.directinvestor.whitelist.nx.AccountWlNXQueryController#accountWhiteListNXQuery,cn.nc.issuance.book.dcm.query.facade.controller.directinvestor.whitelist.nx.AccountWlNXQueryController,accountWhiteListNXQuery,1,1
cn.nc.issuance.bid.facade.controller.submitPurchaseOffer.TiPurchaseOfferAuditController#handle,cn.nc.issuance.bid.facade.controller.submitPurchaseOffer.TiPurchaseOfferAuditController,handle,1,1
cn.nc.channel.backend.facade.controller.PageLayoutConfigQueryController#doService,cn.nc.channel.backend.facade.controller.PageLayoutConfigQueryController,doService,3,12
cn.nc.user.cfaeacct.facade.controller.CenterCfaeAcctAddSubmitController#doService,cn.nc.user.cfaeacct.facade.controller.CenterCfaeAcctAddSubmitController,doService,2,4
cn.nc.issuance.book.dcm.query.facade.controller.groupSet.GroupQueryQualifiedInvestorController#doService,cn.nc.issuance.book.dcm.query.facade.controller.groupSet.GroupQueryQualifiedInvestorController,doService,4,6
cn.nc.channel.backend.facade.controller.DistributingBondController#distributingBond,cn.nc.channel.backend.facade.controller.DistributingBondController,distributingBond,1,1
cn.nc.pub.msg.facade.controller.productTag.ProductTagDisableController#doService,cn.nc.pub.msg.facade.controller.productTag.ProductTagDisableController,doService,4,13
cn.nc.user.position.facade.controller.center.CenterPositionPermissionHisListController#doService,cn.nc.user.position.facade.controller.center.CenterPositionPermissionHisListController,doService,4,7
cn.nc.issuance.dist.facade.controller.DistributionNewConfirmToThirdController#handle,cn.nc.issuance.dist.facade.controller.DistributionNewConfirmToThirdController,handle,1,1
cn.nc.channel.backend.facade.controller.DcmConcernBondSyncController#doService,cn.nc.channel.backend.facade.controller.DcmConcernBondSyncController,doService,6,18
cn.nc.issuance.book.dcm.query.facade.controller.bondAdd.BondInsInfoListController#doService,cn.nc.issuance.book.dcm.query.facade.controller.bondAdd.BondInsInfoListController,doService,3,2
cn.nc.operation.base.facade.controller.work.OnDutyMembersQueryController#doService,cn.nc.operation.base.facade.controller.work.OnDutyMembersQueryController,doService,10,29
cn.nc.user.conf.facade.CenterSysConfigFieldSaveController#doService,cn.nc.user.conf.facade.CenterSysConfigFieldSaveController,doService,4,16
cn.nc.issuance.book.dcm.query.facade.controller.hisinfoquery.PublishSolutionDownLoadController#doService,cn.nc.issuance.book.dcm.query.facade.controller.hisinfoquery.PublishSolutionDownLoadController,doService,3,13
cn.nc.user.ukey.facade.controller.UkeyApplyHisCenterApprovalPassController#doService,cn.nc.user.ukey.facade.controller.UkeyApplyHisCenterApprovalPassController,doService,2,3
cn.nc.channel.backend.facade.controller.DcmBondRecommendQueryController#doService,cn.nc.channel.backend.facade.controller.DcmBondRecommendQueryController,doService,3,6
cn.nc.user.magnifier.facade.controller.CnaspAccountMagnifierListController#doService,cn.nc.user.magnifier.facade.controller.CnaspAccountMagnifierListController,doService,2,1
cn.nc.user.cfaeacct.facade.controller.ClientCfaeAcctHisDetailController#clientCfaeAcctHisDetail,cn.nc.user.cfaeacct.facade.controller.ClientCfaeAcctHisDetailController,clientCfaeAcctHisDetail,1,1
cn.nc.user.archive.facade.controller.FileArchiveBatchDeleteController#doService,cn.nc.user.archive.facade.controller.FileArchiveBatchDeleteController,doService,7,24
cn.nc.user.external.facade.controller.InstUserFunctionController#getInstuserFunctionList,cn.nc.user.external.facade.controller.InstUserFunctionController,getInstuserFunctionList,1,1
cn.nc.issuance.book.dcm.facade.controller.group.GroupRepeatGroupController#doService,cn.nc.issuance.book.dcm.facade.controller.group.GroupRepeatGroupController,doService,14,32
cn.nc.issuance.book.dcm.facade.controller.informationservice.InvestmentBankerLinkController#doService,cn.nc.issuance.book.dcm.facade.controller.informationservice.InvestmentBankerLinkController,doService,1,1
cn.nc.issuance.book.dcm.query.facade.controller.bondAdd.BondEffectStatusListController#doService,cn.nc.issuance.book.dcm.query.facade.controller.bondAdd.BondEffectStatusListController,doService,1,1
cn.nc.issuance.book.dcm.facade.controller.reservationmanage.ReservationManageAuditController#handle,cn.nc.issuance.book.dcm.facade.controller.reservationmanage.ReservationManageAuditController,handle,1,1
cn.nc.issuance.book.dcm.facade.controller.bondadjustorder.BondAdjustOrderModifyAdjustAgencyTailRateController#handle,cn.nc.issuance.book.dcm.facade.controller.bondadjustorder.BondAdjustOrderModifyAdjustAgencyTailRateController,handle,1,1
cn.nc.pub.msg.facade.controller.productTag.ProductTagRefuseController#refuseProductTag,cn.nc.pub.msg.facade.controller.productTag.ProductTagRefuseController,refuseProductTag,1,1
cn.nc.user.position.facade.controller.center.CenterPositionHisDeleteRecordController#doService,cn.nc.user.position.facade.controller.center.CenterPositionHisDeleteRecordController,doService,2,8
cn.nc.issuance.dist.facade.controller.DistBondRecordsQueryController#doService,cn.nc.issuance.dist.facade.controller.DistBondRecordsQueryController,doService,3,4
cn.nc.operation.task.engine.controller.BusinessTaskAssignController#doService,cn.nc.operation.task.engine.controller.BusinessTaskAssignController,doService,2,1
cn.nc.issuance.book.dcm.facade.controller.pricingplacing.PricingPlacingPreviewPublishNoticeController#doService,cn.nc.issuance.book.dcm.facade.controller.pricingplacing.PricingPlacingPreviewPublishNoticeController,doService,1,1
cn.nc.channel.auth.inner.facade.controller.AuthFindLoginSessionController#doService,cn.nc.channel.auth.inner.facade.controller.AuthFindLoginSessionController,doService,2,2
cn.nc.user.cfaeacct.facade.controller.CenterCfaeAcctModifySaveController#cfaeAcctModifySaveCenter,cn.nc.user.cfaeacct.facade.controller.CenterCfaeAcctModifySaveController,cfaeAcctModifySaveCenter,1,1
cn.nc.issuance.book.dcm.facade.controller.unAnnounced.UnEnquiryInfoAddController#handle,cn.nc.issuance.book.dcm.facade.controller.unAnnounced.UnEnquiryInfoAddController,handle,1,1
cn.nc.issuance.book.dcm.query.facade.controller.bondAdd.BondBenRateKindListController#doService,cn.nc.issuance.book.dcm.query.facade.controller.bondAdd.BondBenRateKindListController,doService,1,1
cn.nc.issuance.book.dcm.query.facade.controller.homeStart.OfficialBondInfoExportController#doService,cn.nc.issuance.book.dcm.query.facade.controller.homeStart.OfficialBondInfoExportController,doService,1,1
cn.nc.user.centerorgquery.controller.CenterPositionRoleController#centerPositionRole,cn.nc.user.centerorgquery.controller.CenterPositionRoleController,centerPositionRole,1,1
cn.nc.operation.base.facade.controller.work.WorkingScheduleDictQueryController#doService,cn.nc.operation.base.facade.controller.work.WorkingScheduleDictQueryController,doService,2,2
cn.nc.channel.msg.facade.controller.MessageSendController#handle,cn.nc.channel.msg.facade.controller.MessageSendController,handle,1,1
cn.nc.user.ukey.facade.controller.UkeyMaintainHisClientBatchApprovalPassController#ukeyMaintainHisBatchApprovalPass,cn.nc.user.ukey.facade.controller.UkeyMaintainHisClientBatchApprovalPassController,ukeyMaintainHisBatchApprovalPass,1,1
cn.nc.user.ukey.facade.controller.UkeyExpressCenterAddSaveController#doService,cn.nc.user.ukey.facade.controller.UkeyExpressCenterAddSaveController,doService,7,32
cn.nc.issuance.book.dcm.query.facade.controller.bondAdd.BondOrderByFlagListController#handle,cn.nc.issuance.book.dcm.query.facade.controller.bondAdd.BondOrderByFlagListController,handle,1,1
cn.nc.user.conf.facade.controller.CenterConfBusinessRoleListController#confBusinessRoleList,cn.nc.user.conf.facade.controller.CenterConfBusinessRoleListController,confBusinessRoleList,1,1
cn.nc.user.label.facade.controller.LabelDeleteController#doService,cn.nc.user.label.facade.controller.LabelDeleteController,doService,3,5
cn.nc.issuance.common.facade.controller.SysConfigAddController#doService,cn.nc.issuance.common.facade.controller.SysConfigAddController,doService,4,24
cn.nc.issuance.book.dcm.query.facade.controller.hisinfoquery.PublishSolutionDetailController#doService,cn.nc.issuance.book.dcm.query.facade.controller.hisinfoquery.PublishSolutionDetailController,doService,3,2
cn.nc.pub.msg.facade.controller.productTag.ProductTagSubmitController#submitProductTag,cn.nc.pub.msg.facade.controller.productTag.ProductTagSubmitController,submitProductTag,1,1
cn.nc.issuance.book.dcm.facade.controller.group.InstitutionInfoQueryController#doService,cn.nc.issuance.book.dcm.facade.controller.group.InstitutionInfoQueryController,doService,3,2
cn.nc.issuance.book.dcm.facade.controller.bondAdd.BondSubmitController#handle,cn.nc.issuance.book.dcm.facade.controller.bondAdd.BondSubmitController,handle,1,1
cn.nc.operation.base.facade.controller.notice.NoticeTypeSaveController#doService,cn.nc.operation.base.facade.controller.notice.NoticeTypeSaveController,doService,4,10
cn.nc.pub.msg.facade.controller.log.EmailRecordExportController#doService,cn.nc.pub.msg.facade.controller.log.EmailRecordExportController,doService,3,14
cn.nc.channel.backend.facade.controller.FinInvestorQueryController#finInvestorQuery,cn.nc.channel.backend.facade.controller.FinInvestorQueryController,finInvestorQuery,1,1
cn.nc.pub.msg.facade.controller.outside.PubParameterTemplateQueryController#getParameterTemplate,cn.nc.pub.msg.facade.controller.outside.PubParameterTemplateQueryController,getParameterTemplate,1,1
cn.nc.issuance.book.dcm.facade.controller.joinGroup.OfferedRequestAcceptController#handle,cn.nc.issuance.book.dcm.facade.controller.joinGroup.OfferedRequestAcceptController,handle,1,1
cn.nc.user.magnifier.facade.controller.CnaspAccountMagnifierListController#cnaspAccountMagnifierList,cn.nc.user.magnifier.facade.controller.CnaspAccountMagnifierListController,cnaspAccountMagnifierList,1,1
cn.nc.issuance.book.dcm.facade.controller.purchaseorder.PurOrderMakeupAddController#handle,cn.nc.issuance.book.dcm.facade.controller.purchaseorder.PurOrderMakeupAddController,handle,1,1
cn.nc.user.conf.facade.CenterSysBusinessRoleLinkSaveController#sysBusinessRoleLinkSave,cn.nc.user.conf.facade.CenterSysBusinessRoleLinkSaveController,sysBusinessRoleLinkSave,1,1
cn.nc.channel.mix.controller.channel.subscribe.QueryIssuableBondsController#doService,cn.nc.channel.mix.controller.channel.subscribe.QueryIssuableBondsController,doService,3,2
cn.nc.issuance.dist.facade.controller.DistributionBuyerConfirmController#handle,cn.nc.issuance.dist.facade.controller.DistributionBuyerConfirmController,handle,1,1
cn.nc.issuance.book.dcm.facade.controller.group.GroupSubmitConsignperController#handle,cn.nc.issuance.book.dcm.facade.controller.group.GroupSubmitConsignperController,handle,1,1
cn.nc.operation.base.facade.controller.notice.NoticeGroupSaveController#doService,cn.nc.operation.base.facade.controller.notice.NoticeGroupSaveController,doService,8,35
cn.nc.issuance.bid.facade.controller.emergencycontact.QueryEbcListInfoController#doService,cn.nc.issuance.bid.facade.controller.emergencycontact.QueryEbcListInfoController,doService,3,3
cn.nc.pub.msg.facade.controller.productParameter.ProductParameterDeleteController#doService,cn.nc.pub.msg.facade.controller.productParameter.ProductParameterDeleteController,doService,8,37
cn.nc.user.template.facade.CenterApproveTemplateSaveController#approveTemplateSave,cn.nc.user.template.facade.CenterApproveTemplateSaveController,approveTemplateSave,1,1
cn.nc.issuance.book.dcm.query.facade.controller.purchaseOffer.BankAccountMagnifyController#doService,cn.nc.issuance.book.dcm.query.facade.controller.purchaseOffer.BankAccountMagnifyController,doService,1,1
cn.nc.user.ukey.facade.controller.UkeyBindHisCenterApprovalRefuseController#ukeyBindHisRefuse,cn.nc.user.ukey.facade.controller.UkeyBindHisCenterApprovalRefuseController,ukeyBindHisRefuse,1,1
cn.nc.issuance.book.dcm.query.facade.controller.unannounced.CreditReportDownLoadController#doService,cn.nc.issuance.book.dcm.query.facade.controller.unannounced.CreditReportDownLoadController,doService,1,1
cn.nc.user.cfaeacct.facade.controller.ClientCfaeAcctHisListController#clientCfaeAcctHisList,cn.nc.user.cfaeacct.facade.controller.ClientCfaeAcctHisListController,clientCfaeAcctHisList,1,1
cn.nc.issuance.book.dcm.facade.controller.pricingplacing.CheckPlacingController#doService,cn.nc.issuance.book.dcm.facade.controller.pricingplacing.CheckPlacingController,doService,3,23
cn.nc.operation.base.facade.controller.statistic.BondApproveListExportController#exportBondApprove,cn.nc.operation.base.facade.controller.statistic.BondApproveListExportController,exportBondApprove,1,1
cn.nc.user.ukey.facade.controller.UkeyBindHisCenterModifySaveController#ukeyBindHisModifySave,cn.nc.user.ukey.facade.controller.UkeyBindHisCenterModifySaveController,ukeyBindHisModifySave,1,1
cn.nc.issuance.book.dcm.facade.controller.issueamountadjust.IssueAmountAdjustSaveController#doService,cn.nc.issuance.book.dcm.facade.controller.issueamountadjust.IssueAmountAdjustSaveController,doService,2,1
cn.nc.issuance.common.facade.controller.operation.BondAuthorizeSelectController#doService,cn.nc.issuance.common.facade.controller.operation.BondAuthorizeSelectController,doService,2,1
cn.nc.pub.msg.facade.controller.outside.PubProductInstanceDetailQueryController#doService,cn.nc.pub.msg.facade.controller.outside.PubProductInstanceDetailQueryController,doService,1,1
cn.nc.user.archive.facade.controller.QueryUnArchiveListController#queryUnArchivedList,cn.nc.user.archive.facade.controller.QueryUnArchiveListController,queryUnArchivedList,1,1
cn.nc.channel.mix.controller.channel.statistic.QueryInstitutionBondPurchaseStatsController#queryInstitutionBondPurchaseStats,cn.nc.channel.mix.controller.channel.statistic.QueryInstitutionBondPurchaseStatsController,queryInstitutionBondPurchaseStats,1,1
cn.nc.issuance.book.dcm.query.facade.controller.PricingPlacingQueryRegFileController#doService,cn.nc.issuance.book.dcm.query.facade.controller.PricingPlacingQueryRegFileController,doService,1,1
cn.nc.issuance.dist.facade.controller.external.DCMForExternalAbolitionConfirmController#abolitionConfirm,cn.nc.issuance.dist.facade.controller.external.DCMForExternalAbolitionConfirmController,abolitionConfirm,1,1
cn.nc.pub.wkcl.facade.controller.legal.LegalCalInitController#doService,cn.nc.pub.wkcl.facade.controller.legal.LegalCalInitController,doService,5,10
cn.nc.issuance.common.facade.controller.BillingInformationExternalListController#doService,cn.nc.issuance.common.facade.controller.BillingInformationExternalListController,doService,4,6
cn.nc.user.ukey.facade.controller.UkeyMaintainHisClientApprovalRefuseController#ukeyMaintainHisApprovalRefuse,cn.nc.user.ukey.facade.controller.UkeyMaintainHisClientApprovalRefuseController,ukeyMaintainHisApprovalRefuse,1,1
cn.nc.channel.mix.controller.issuance.QueryPlacingBondController#doService,cn.nc.channel.mix.controller.issuance.QueryPlacingBondController,doService,3,2
cn.nc.issuance.book.dcm.facade.controller.external.DCMForExternalIntelligentSupplementOperationController#doService,cn.nc.issuance.book.dcm.facade.controller.external.DCMForExternalIntelligentSupplementOperationController,doService,3,2
cn.nc.issuance.book.dcm.query.facade.controller.directinvestor.whitelist.nx.AccountWlDownLoadController#doService,cn.nc.issuance.book.dcm.query.facade.controller.directinvestor.whitelist.nx.AccountWlDownLoadController,doService,2,1
cn.nc.issuance.dist.facade.controller.DistributionRepealConfirmController#handle,cn.nc.issuance.dist.facade.controller.DistributionRepealConfirmController,handle,1,1
cn.nc.issuance.book.dcm.facade.controller.bondadjustorder.BillAddController#handle,cn.nc.issuance.book.dcm.facade.controller.bondadjustorder.BillAddController,handle,1,1
cn.nc.user.inst.facade.controller.QueryInstRoleRelByCondController#doService,cn.nc.user.inst.facade.controller.QueryInstRoleRelByCondController,doService,3,6
cn.nc.user.centerorgquery.controller.CenterInstInfoQueryListController#centerInstInfoQueryList,cn.nc.user.centerorgquery.controller.CenterInstInfoQueryListController,centerInstInfoQueryList,1,1
cn.nc.operation.base.facade.controller.notice.NoticeGroupQueryController#doService,cn.nc.operation.base.facade.controller.notice.NoticeGroupQueryController,doService,3,8
cn.nc.operation.base.facade.controller.notice.NoticeGroupQueryController#query,cn.nc.operation.base.facade.controller.notice.NoticeGroupQueryController,query,1,1
cn.nc.issuance.common.facade.controller.RoleMenuRelationSelectController#handle,cn.nc.issuance.common.facade.controller.RoleMenuRelationSelectController,handle,1,1
cn.nc.user.instacct.controller.QueryInstLargeAcctListController#doService,cn.nc.user.instacct.controller.QueryInstLargeAcctListController,doService,3,23
cn.nc.channel.auth.inner.facade.controller.AuthFindLoginSessionController#handle,cn.nc.channel.auth.inner.facade.controller.AuthFindLoginSessionController,handle,1,1
cn.nc.user.position.facade.controller.center.CenterPositionHisModifyRecordController#handle,cn.nc.user.position.facade.controller.center.CenterPositionHisModifyRecordController,handle,1,1
cn.nc.operation.task.engine.controller.BusinessTaskDisclaimController#doService,cn.nc.operation.task.engine.controller.BusinessTaskDisclaimController,doService,2,1
cn.nc.issuance.book.dcm.query.facade.controller.purchaseOffer.ContactMagnifyController#doService,cn.nc.issuance.book.dcm.query.facade.controller.purchaseOffer.ContactMagnifyController,doService,1,1
cn.nc.issuance.book.dcm.facade.controller.purchaseorder.PurchaseOrderRejectController#doService,cn.nc.issuance.book.dcm.facade.controller.purchaseorder.PurchaseOrderRejectController,doService,2,1
cn.nc.issuance.common.facade.controller.BillingInformationSelectController#doService,cn.nc.issuance.common.facade.controller.BillingInformationSelectController,doService,4,10
cn.nc.issuance.dist.facade.controller.DistEditSendStatusController#handle,cn.nc.issuance.dist.facade.controller.DistEditSendStatusController,handle,1,1
cn.nc.channel.search.facade.controller.LoggedFinancialSearchController#search,cn.nc.channel.search.facade.controller.LoggedFinancialSearchController,search,1,1
cn.nc.channel.backend.facade.controller.InstitutionFinancialPurchaseController#institutionFinancialPurchase,cn.nc.channel.backend.facade.controller.InstitutionFinancialPurchaseController,institutionFinancialPurchase,1,1
cn.nc.channel.backend.facade.controller.FinTenderOfferQueryController#finTenderOfferQuery,cn.nc.channel.backend.facade.controller.FinTenderOfferQueryController,finTenderOfferQuery,1,1
cn.nc.operation.base.facade.controller.work.WorkingScheduleQueryLoginUserMembersScheduleController#queryLoginUserMembersSchedule,cn.nc.operation.base.facade.controller.work.WorkingScheduleQueryLoginUserMembersScheduleController,queryLoginUserMembersSchedule,1,1
cn.nc.issuance.common.facade.controller.OrgEnglishNameListController#doService,cn.nc.issuance.common.facade.controller.OrgEnglishNameListController,doService,5,6
cn.nc.issuance.book.dcm.query.facade.controller.bondReview.BondReviewDetailController#handle,cn.nc.issuance.book.dcm.query.facade.controller.bondReview.BondReviewDetailController,handle,1,1
cn.nc.channel.auth.outer.facade.controller.WebMobileRegistrationController#registerWebMobileUser,cn.nc.channel.auth.outer.facade.controller.WebMobileRegistrationController,registerWebMobileUser,1,1
cn.nc.channel.mix.controller.channel.statistic.QueryInstitutionBondIssuanceStatsController#doService,cn.nc.channel.mix.controller.channel.statistic.QueryInstitutionBondIssuanceStatsController,doService,3,25
cn.nc.user.template.facade.CenterApproveTemplateSaveController#doService,cn.nc.user.template.facade.CenterApproveTemplateSaveController,doService,5,13
cn.nc.user.magnifier.facade.controller.InstMagnifierListController#instMagnifierList,cn.nc.user.magnifier.facade.controller.InstMagnifierListController,instMagnifierList,1,1
cn.nc.channel.backend.facade.controller.PageDispOrderSaveController#doService,cn.nc.channel.backend.facade.controller.PageDispOrderSaveController,doService,5,12
cn.nc.issuance.book.dcm.facade.controller.pricingplacing.PricingPlacingChineseMoneyModifyController#handle,cn.nc.issuance.book.dcm.facade.controller.pricingplacing.PricingPlacingChineseMoneyModifyController,handle,1,1
cn.nc.channel.backend.facade.controller.DebtInstTenderOfferQueryController#debtInstTenderOfferQuery,cn.nc.channel.backend.facade.controller.DebtInstTenderOfferQueryController,debtInstTenderOfferQuery,1,1
cn.nc.issuance.book.dcm.facade.controller.homestart.ExerciseRemindersCancelSubscribeController#doService,cn.nc.issuance.book.dcm.facade.controller.homestart.ExerciseRemindersCancelSubscribeController,doService,1,1
cn.nc.user.conf.facade.controller.CenterConfBusinessRoleSelectListController#doService,cn.nc.user.conf.facade.controller.CenterConfBusinessRoleSelectListController,doService,3,6
cn.nc.issuance.common.facade.controller.query.BussinessAllBillsDownLoadController#handle,cn.nc.issuance.common.facade.controller.query.BussinessAllBillsDownLoadController,handle,1,1
cn.nc.issuance.book.dcm.query.facade.controller.purchaseOffer.PurchaseOfferMidHisListController#handle,cn.nc.issuance.book.dcm.query.facade.controller.purchaseOffer.PurchaseOfferMidHisListController,handle,1,1
cn.nc.user.cfaeacct.facade.controller.ClientCfaeAcctDeregisterSubmitController#doService,cn.nc.user.cfaeacct.facade.controller.ClientCfaeAcctDeregisterSubmitController,doService,2,3
cn.nc.user.staff.facade.controller.in.PositionFindInfoController#doService,cn.nc.user.staff.facade.controller.in.PositionFindInfoController,doService,4,6
cn.nc.issuance.book.dcm.query.facade.controller.PricingPlacingPlacing2Controller#doService,cn.nc.issuance.book.dcm.query.facade.controller.PricingPlacingPlacing2Controller,doService,1,1
cn.nc.issuance.bid.facade.controller.biddingresultMgmt.GenPlacingResultController#genPlacingResult,cn.nc.issuance.bid.facade.controller.biddingresultMgmt.GenPlacingResultController,genPlacingResult,1,1
cn.nc.issuance.common.facade.controller.SysDictionarySubAuditListController#handle,cn.nc.issuance.common.facade.controller.SysDictionarySubAuditListController,handle,1,1
cn.nc.issuance.book.dcm.query.facade.controller.querystatistics.BookProcessAdjustQueryController#handle,cn.nc.issuance.book.dcm.query.facade.controller.querystatistics.BookProcessAdjustQueryController,handle,1,1
cn.nc.issuance.book.dcm.query.facade.controller.dcmbondadmin.QueryFinanceStatementController#doService,cn.nc.issuance.book.dcm.query.facade.controller.dcmbondadmin.QueryFinanceStatementController,doService,4,8
cn.nc.issuance.book.dcm.facade.controller.homestart.ExerciseRemindersFrequencyModifyController#doService,cn.nc.issuance.book.dcm.facade.controller.homestart.ExerciseRemindersFrequencyModifyController,doService,1,1
cn.nc.issuance.book.dcm.facade.controller.systemadmin.BondConfigSaveController#doService,cn.nc.issuance.book.dcm.facade.controller.systemadmin.BondConfigSaveController,doService,2,1
cn.nc.user.ukey.facade.controller.QueryUkeyCodeFeignController#queryUkeyListByInst,cn.nc.user.ukey.facade.controller.QueryUkeyCodeFeignController,queryUkeyListByInst,1,1
cn.nc.channel.mix.controller.channel.selfbond.QueryInstitutionHistoricalCrmwController#queryInstitutionHistoricalCrmw,cn.nc.channel.mix.controller.channel.selfbond.QueryInstitutionHistoricalCrmwController,queryInstitutionHistoricalCrmw,1,1
cn.nc.user.comtask.facade.controller.CenterComTaskApproveController#comTaskApprove,cn.nc.user.comtask.facade.controller.CenterComTaskApproveController,comTaskApprove,1,1
cn.nc.operation.base.facade.controller.task.TaskAssignController#assign,cn.nc.operation.base.facade.controller.task.TaskAssignController,assign,1,1
cn.nc.issuance.book.dcm.query.facade.controller.hisinfoquery.SearchNxMessageListController#handle,cn.nc.issuance.book.dcm.query.facade.controller.hisinfoquery.SearchNxMessageListController,handle,1,1
cn.nc.issuance.book.dcm.facade.controller.informationservice.InvestmentBankerLinkController#handle,cn.nc.issuance.book.dcm.facade.controller.informationservice.InvestmentBankerLinkController,handle,1,1
cn.nc.user.query.facade.controller.SearchThirdRelDetailsController#doService,cn.nc.user.query.facade.controller.SearchThirdRelDetailsController,doService,4,13
cn.nc.user.query.facade.controller.QueryUserHasRoleController#doService,cn.nc.user.query.facade.controller.QueryUserHasRoleController,doService,4,8
cn.nc.issuance.common.facade.controller.BondKindConfigModifyController#handle,cn.nc.issuance.common.facade.controller.BondKindConfigModifyController,handle,1,1
cn.nc.user.external.facade.controller.UserAuthController#getUserAuthList,cn.nc.user.external.facade.controller.UserAuthController,getUserAuthList,1,1
cn.nc.issuance.bid.facade.controller.biddingManagement.bidSuppAdmiAdd.DownLoadRightAdditionAddController#handle,cn.nc.issuance.bid.facade.controller.biddingManagement.bidSuppAdmiAdd.DownLoadRightAdditionAddController,handle,1,1
cn.nc.user.cfaeacct.facade.controller.CenterCfaeAcctApprovePassController#doService,cn.nc.user.cfaeacct.facade.controller.CenterCfaeAcctApprovePassController,doService,2,3
cn.nc.user.external.facade.controller.InstDepositAccListController#doService,cn.nc.user.external.facade.controller.InstDepositAccListController,doService,1,1
cn.nc.user.conf.facade.controller.CenterConfBusinessRoleFieldListController#doService,cn.nc.user.conf.facade.controller.CenterConfBusinessRoleFieldListController,doService,2,8
cn.nc.channel.backend.facade.controller.IssuedCrmwQueryController#issuedCrmwQuery,cn.nc.channel.backend.facade.controller.IssuedCrmwQueryController,issuedCrmwQuery,1,1
cn.nc.user.staff.facade.controller.PermissionMenuListController#doService,cn.nc.user.staff.facade.controller.PermissionMenuListController,doService,4,7
cn.nc.pub.msg.facade.controller.send.QuerySendMessageController#doService,cn.nc.pub.msg.facade.controller.send.QuerySendMessageController,doService,3,6
cn.nc.user.ukey.facade.controller.UkeyBindHisCenterRevokeController#doService,cn.nc.user.ukey.facade.controller.UkeyBindHisCenterRevokeController,doService,4,8
cn.nc.issuance.book.dcm.facade.controller.group.InvestorSaveAssignLinkManagerController#doService,cn.nc.issuance.book.dcm.facade.controller.group.InvestorSaveAssignLinkManagerController,doService,2,1
cn.nc.issuance.bid.facade.controller.regfile.RegFileBatchDownloadController#RegFileListQuery,cn.nc.issuance.bid.facade.controller.regfile.RegFileBatchDownloadController,RegFileListQuery,1,1
cn.nc.user.reguser.facade.controller.CheckUserBindController#doService,cn.nc.user.reguser.facade.controller.CheckUserBindController,doService,3,58
cn.nc.user.comfile.facade.controller.QueryComFileListController#doService,cn.nc.user.comfile.facade.controller.QueryComFileListController,doService,3,11
cn.nc.operation.base.facade.controller.statistic.WorkloadExportController#export,cn.nc.operation.base.facade.controller.statistic.WorkloadExportController,export,1,1
cn.nc.user.staff.facade.controller.MenuModifyController#doService,cn.nc.user.staff.facade.controller.MenuModifyController,doService,8,23
cn.nc.user.ukey.facade.controller.UkeyApplyHisClientBatchDeleteController#doService,cn.nc.user.ukey.facade.controller.UkeyApplyHisClientBatchDeleteController,doService,2,11
cn.nc.channel.mix.controller.issuance.QueryOfficialBondInfoController#doService,cn.nc.channel.mix.controller.issuance.QueryOfficialBondInfoController,doService,3,2
cn.nc.user.initinst.facade.controller.UpdateInstOpenApplyController#updateInstOpenApply,cn.nc.user.initinst.facade.controller.UpdateInstOpenApplyController,updateInstOpenApply,1,1
cn.nc.issuance.bid.facade.controller.biddingresultMgmt.CheckPlacingResultController#doService,cn.nc.issuance.bid.facade.controller.biddingresultMgmt.CheckPlacingResultController,doService,12,75
cn.nc.issuance.book.dcm.query.facade.controller.querystatistics.QueryCurrentDateBondStaticsController#doService,cn.nc.issuance.book.dcm.query.facade.controller.querystatistics.QueryCurrentDateBondStaticsController,doService,2,2
cn.nc.issuance.common.facade.controller.OrgEnglishNameSelectController#doService,cn.nc.issuance.common.facade.controller.OrgEnglishNameSelectController,doService,4,5
cn.nc.issuance.book.dcm.query.facade.controller.informationservice.SmartDocumentLinkController#doService,cn.nc.issuance.book.dcm.query.facade.controller.informationservice.SmartDocumentLinkController,doService,3,9
cn.nc.issuance.common.facade.controller.SysDictionarySubSelectController#doService,cn.nc.issuance.common.facade.controller.SysDictionarySubSelectController,doService,4,6
cn.nc.issuance.book.dcm.facade.controller.bookkeepingprocessiinfo.SendPurchaseSendTotalController#doService,cn.nc.issuance.book.dcm.facade.controller.bookkeepingprocessiinfo.SendPurchaseSendTotalController,doService,13,41
cn.nc.user.reguser.facade.controller.UnbindThirdUserController#doService,cn.nc.user.reguser.facade.controller.UnbindThirdUserController,doService,2,3
cn.nc.user.reguser.facade.controller.ApprovalRejectUserInfoHisController#approvalRejectUserInfoHis,cn.nc.user.reguser.facade.controller.ApprovalRejectUserInfoHisController,approvalRejectUserInfoHis,1,1
cn.nc.user.dict.facade.CenterSysDictionaryDeleteController#doService,cn.nc.user.dict.facade.CenterSysDictionaryDeleteController,doService,6,12
cn.nc.issuance.common.facade.controller.SysConfigListController#doService,cn.nc.issuance.common.facade.controller.SysConfigListController,doService,4,8
cn.nc.operation.base.facade.controller.work.WorkGroupQueryWorkItemsController#queryLoginUserWorkItems,cn.nc.operation.base.facade.controller.work.WorkGroupQueryWorkItemsController,queryLoginUserWorkItems,1,1
cn.nc.pub.msg.facade.controller.outside.PubProductTagDetailQueryController#getProductTag,cn.nc.pub.msg.facade.controller.outside.PubProductTagDetailQueryController,getProductTag,1,1
cn.nc.pub.wkcl.facade.controller.core.WorkDayCalcController#workDayCalc,cn.nc.pub.wkcl.facade.controller.core.WorkDayCalcController,workDayCalc,1,1
cn.nc.user.staff.facade.controller.PermissionDeleteController#handle,cn.nc.user.staff.facade.controller.PermissionDeleteController,handle,1,1
cn.nc.issuance.book.dcm.query.facade.controller.pricingplacing.PricingplacingPdfViewController#proxyPdfById,cn.nc.issuance.book.dcm.query.facade.controller.pricingplacing.PricingplacingPdfViewController,proxyPdfById,3,11
cn.nc.user.summary.facede.comtroller.ExportUserinfoController#exportUserinfoStatictisList,cn.nc.user.summary.facede.comtroller.ExportUserinfoController,exportUserinfoStatictisList,3,12
cn.nc.channel.msg.facade.controller.SilentModeToggleController#handle,cn.nc.channel.msg.facade.controller.SilentModeToggleController,handle,1,1
cn.nc.operation.base.facade.controller.task.TaskCompleteController#doService,cn.nc.operation.base.facade.controller.task.TaskCompleteController,doService,4,9
cn.nc.issuance.common.facade.controller.BillListController#handle,cn.nc.issuance.common.facade.controller.BillListController,handle,1,1
cn.nc.issuance.book.dcm.facade.controller.pricingplacing.PricingPlacingSendRegFileController#handle,cn.nc.issuance.book.dcm.facade.controller.pricingplacing.PricingPlacingSendRegFileController,handle,1,1
cn.nc.issuance.book.dcm.query.facade.controller.querystatistics.UnderWriterStaticsByBondExportController#handle,cn.nc.issuance.book.dcm.query.facade.controller.querystatistics.UnderWriterStaticsByBondExportController,handle,1,1
cn.nc.issuance.book.dcm.query.facade.controller.homeStart.OfficialBondInfoInitDetailQueryController#doService,cn.nc.issuance.book.dcm.query.facade.controller.homeStart.OfficialBondInfoInitDetailQueryController,doService,1,1
cn.nc.issuance.book.dcm.facade.controller.bondAdmin.MqSendProductModifyController#doService,cn.nc.issuance.book.dcm.facade.controller.bondAdmin.MqSendProductModifyController,doService,5,3
cn.nc.operation.base.facade.controller.statistic.BondApproveBusinessTypesController#queryBondBusinessTypes,cn.nc.operation.base.facade.controller.statistic.BondApproveBusinessTypesController,queryBondBusinessTypes,1,1
cn.nc.pub.wkcl.facade.controller.legal.LegalCalTemplateController#doService,cn.nc.pub.wkcl.facade.controller.legal.LegalCalTemplateController,doService,2,22
cn.nc.user.position.facade.controller.client.ClientPositionFindInfoController#handle,cn.nc.user.position.facade.controller.client.ClientPositionFindInfoController,handle,1,1
cn.nc.user.seal.facade.controller.SealHisClientBatchApprovalRefuseController#doService,cn.nc.user.seal.facade.controller.SealHisClientBatchApprovalRefuseController,doService,5,17
cn.nc.user.ukey.facade.controller.UkeyMaintainHisClientBatchApprovalCancelController#doService,cn.nc.user.ukey.facade.controller.UkeyMaintainHisClientBatchApprovalCancelController,doService,5,16
cn.nc.issuance.book.dcm.query.facade.controller.directinvestor.whitelist.AccountWlSendHisRecordsController#doService,cn.nc.issuance.book.dcm.query.facade.controller.directinvestor.whitelist.AccountWlSendHisRecordsController,doService,3,5
cn.nc.issuance.bid.facade.controller.regfile.RegFileDownloadController#downloadRegFile,cn.nc.issuance.bid.facade.controller.regfile.RegFileDownloadController,downloadRegFile,1,1
cn.nc.user.position.facade.controller.center.CenterPositionHisDeleteController#doService,cn.nc.user.position.facade.controller.center.CenterPositionHisDeleteController,doService,2,2
cn.nc.user.ukey.facade.controller.QueryUkeyCenterController#queryUkeyListCenter,cn.nc.user.ukey.facade.controller.QueryUkeyCenterController,queryUkeyListCenter,1,1
cn.nc.issuance.book.dcm.facade.controller.homestart.AddOptionalChannelController#doService,cn.nc.issuance.book.dcm.facade.controller.homestart.AddOptionalChannelController,doService,2,8
cn.nc.channel.mix.controller.channel.statistic.QueryInstitutionFinancialBondUnderwritingStatsController#queryInstitutionFinancialBondUnderwritingStats,cn.nc.channel.mix.controller.channel.statistic.QueryInstitutionFinancialBondUnderwritingStatsController,queryInstitutionFinancialBondUnderwritingStats,1,1
cn.nc.issuance.book.dcm.query.facade.controller.purchaseOffer.TrustAccountMagnifyController#doService,cn.nc.issuance.book.dcm.query.facade.controller.purchaseOffer.TrustAccountMagnifyController,doService,1,1
cn.nc.issuance.book.dcm.query.facade.controller.systemadmin.RegistrationFilesDownLoadController#handle,cn.nc.issuance.book.dcm.query.facade.controller.systemadmin.RegistrationFilesDownLoadController,handle,1,1
cn.nc.user.org.external.facade.controller.InstThirdUserRelController#saveInstThirdUserRel,cn.nc.user.org.external.facade.controller.InstThirdUserRelController,saveInstThirdUserRel,1,1
cn.nc.issuance.bid.facade.controller.shchTenderMgmt.QueryHisBidMembersController#queryHisBidMembers,cn.nc.issuance.bid.facade.controller.shchTenderMgmt.QueryHisBidMembersController,queryHisBidMembers,1,1
cn.nc.issuance.bid.facade.controller.regfile.QueryRegFileListController#RegFileListQuery,cn.nc.issuance.bid.facade.controller.regfile.QueryRegFileListController,RegFileListQuery,1,1
cn.nc.user.conf.facade.controller.CenterConfFileFieldListController#confFileFieldList,cn.nc.user.conf.facade.controller.CenterConfFileFieldListController,confFileFieldList,1,1
cn.nc.issuance.book.dcm.query.facade.controller.purchaseorder.PurchaseOrderBondQueryController#doService,cn.nc.issuance.book.dcm.query.facade.controller.purchaseorder.PurchaseOrderBondQueryController,doService,2,1
cn.nc.user.ukey.facade.controller.QueryUkeyMaintainController#queryUkeyMaintainList,cn.nc.user.ukey.facade.controller.QueryUkeyMaintainController,queryUkeyMaintainList,1,1
cn.nc.issuance.book.dcm.query.facade.controller.directinvestor.whitelist.nx.CheckNWhiteController#checkNWhite,cn.nc.issuance.book.dcm.query.facade.controller.directinvestor.whitelist.nx.CheckNWhiteController,checkNWhite,1,1
cn.nc.user.ukey.facade.controller.GetUkeyDetailsController#doService,cn.nc.user.ukey.facade.controller.GetUkeyDetailsController,doService,2,10
cn.nc.issuance.book.dcm.query.facade.controller.querystatistics.PublishSuccBondQueryController#doService,cn.nc.issuance.book.dcm.query.facade.controller.querystatistics.PublishSuccBondQueryController,doService,2,1
cn.nc.channel.backend.facade.controller.CrmwTenderOfferQueryController#doService,cn.nc.channel.backend.facade.controller.CrmwTenderOfferQueryController,doService,3,6
cn.nc.issuance.book.dcm.query.facade.controller.InvestorQueryListController#handle,cn.nc.issuance.book.dcm.query.facade.controller.InvestorQueryListController,handle,1,1
cn.nc.issuance.book.dcm.query.facade.controller.bondAdd.BondRateTypeListController#doService,cn.nc.issuance.book.dcm.query.facade.controller.bondAdd.BondRateTypeListController,doService,1,1
cn.nc.operation.base.facade.controller.work.WorkMemberAccessibleWorkItemsController#queryLoginUserWorkItems,cn.nc.operation.base.facade.controller.work.WorkMemberAccessibleWorkItemsController,queryLoginUserWorkItems,1,1
cn.nc.issuance.book.dcm.facade.controller.group.GroupAssignlinkClickController#doService,cn.nc.issuance.book.dcm.facade.controller.group.GroupAssignlinkClickController,doService,2,1
cn.nc.user.query.facade.controller.GetInstThirdUserRelApplyController#doService,cn.nc.user.query.facade.controller.GetInstThirdUserRelApplyController,doService,6,12
cn.nc.user.cfaeacct.facade.controller.CenterCfaeAcctCapitalQueryListController#centerCfaeAcctCapitalQueryList,cn.nc.user.cfaeacct.facade.controller.CenterCfaeAcctCapitalQueryListController,centerCfaeAcctCapitalQueryList,1,1
cn.nc.channel.auth.outer.facade.controller.AppUserResetPwdController#resetUserPwd,cn.nc.channel.auth.outer.facade.controller.AppUserResetPwdController,resetUserPwd,1,1
cn.nc.issuance.bid.facade.controller.biddingManagement.bidSuppAdmiAdd.CheckAdditionAddController#handle,cn.nc.issuance.bid.facade.controller.biddingManagement.bidSuppAdmiAdd.CheckAdditionAddController,handle,1,1
cn.nc.user.centerorgquery.controller.CenterOrgUserHisListController#doService,cn.nc.user.centerorgquery.controller.CenterOrgUserHisListController,doService,3,6
cn.nc.issuance.book.dcm.facade.controller.systemadmin.BondConfigSaveController#handle,cn.nc.issuance.book.dcm.facade.controller.systemadmin.BondConfigSaveController,handle,1,1
cn.nc.user.conf.facade.CenterSysBusinessRoleSaveController#sysBusinessRoleSave,cn.nc.user.conf.facade.CenterSysBusinessRoleSaveController,sysBusinessRoleSave,1,1
cn.nc.pub.wkcl.facade.controller.core.WorkDayCalcController#doService,cn.nc.pub.wkcl.facade.controller.core.WorkDayCalcController,doService,2,44
cn.nc.user.summary.facede.comtroller.InnerUserWorkDetailController#doService,cn.nc.user.summary.facede.comtroller.InnerUserWorkDetailController,doService,3,5
cn.nc.issuance.book.dcm.query.facade.controller.bond.PublisherListController#handle,cn.nc.issuance.book.dcm.query.facade.controller.bond.PublisherListController,handle,1,1
cn.nc.issuance.bid.facade.controller.submitPurchaseOffer.TiPurchaseOfferHisQueryController#handle,cn.nc.issuance.bid.facade.controller.submitPurchaseOffer.TiPurchaseOfferHisQueryController,handle,1,1
cn.nc.issuance.common.facade.controller.operation.ContactPortAddController#handle,cn.nc.issuance.common.facade.controller.operation.ContactPortAddController,handle,1,1
cn.nc.channel.mix.controller.issuance.QueryGroupUnderwriterController#queryGroupUnderwriter,cn.nc.channel.mix.controller.issuance.QueryGroupUnderwriterController,queryGroupUnderwriter,1,1
cn.nc.channel.auth.inner.facade.controller.AuthPubAccessTokenController#doService,cn.nc.channel.auth.inner.facade.controller.AuthPubAccessTokenController,doService,2,5
cn.nc.issuance.book.dcm.query.facade.controller.bondAdd.BondMemberListController#handle,cn.nc.issuance.book.dcm.query.facade.controller.bondAdd.BondMemberListController,handle,1,1
cn.nc.pub.wkcl.facade.controller.core.WorkDayQueryController#workDayQuery,cn.nc.pub.wkcl.facade.controller.core.WorkDayQueryController,workDayQuery,1,1
cn.nc.issuance.book.dcm.query.facade.controller.bookkeepingprocessiinfo.PurchaseViewQueryListController#doService,cn.nc.issuance.book.dcm.query.facade.controller.bookkeepingprocessiinfo.PurchaseViewQueryListController,doService,2,1
cn.nc.user.cfaeacct.facade.controller.ClientCfaeAcctAddSaveController#doService,cn.nc.user.cfaeacct.facade.controller.ClientCfaeAcctAddSaveController,doService,2,4
cn.nc.issuance.book.dcm.facade.controller.pricingplacing.PricingPlacingSendRegFileListController#handle,cn.nc.issuance.book.dcm.facade.controller.pricingplacing.PricingPlacingSendRegFileListController,handle,1,1
cn.nc.issuance.book.dcm.query.facade.controller.querystatistics.AllocationStatisticsExportController#allocationStatisticsExport,cn.nc.issuance.book.dcm.query.facade.controller.querystatistics.AllocationStatisticsExportController,allocationStatisticsExport,1,1
cn.nc.issuance.bid.facade.controller.submitPurchaseOffer.TiPurchaseOfferAddController#doService,cn.nc.issuance.bid.facade.controller.submitPurchaseOffer.TiPurchaseOfferAddController,doService,22,56
cn.nc.pub.msg.facade.controller.parameterTemplate.ParameterTemplateBatchAgreeController#agree,cn.nc.pub.msg.facade.controller.parameterTemplate.ParameterTemplateBatchAgreeController,agree,1,1
cn.nc.issuance.book.dcm.facade.controller.homestart.ExerciseRemindersExportBatchController#handle,cn.nc.issuance.book.dcm.facade.controller.homestart.ExerciseRemindersExportBatchController,handle,1,1
cn.nc.user.ukey.facade.controller.QueryUkeyController#doService,cn.nc.user.ukey.facade.controller.QueryUkeyController,doService,4,7
cn.nc.channel.mix.controller.channel.selfbond.QueryInstitutionHistoricalFinancialBondsController#doService,cn.nc.channel.mix.controller.channel.selfbond.QueryInstitutionHistoricalFinancialBondsController,doService,3,2
cn.nc.issuance.book.dcm.query.facade.controller.groupSet.GroupCompleteGroupInvitationQueryController#doService,cn.nc.issuance.book.dcm.query.facade.controller.groupSet.GroupCompleteGroupInvitationQueryController,doService,4,7
cn.nc.user.dict.facade.CenterSysDictionaryDeleteController#sysDictionaryDelete,cn.nc.user.dict.facade.CenterSysDictionaryDeleteController,sysDictionaryDelete,1,1
cn.nc.channel.backend.facade.controller.DebtInstInvestorQueryController#doService,cn.nc.channel.backend.facade.controller.DebtInstInvestorQueryController,doService,3,6
cn.nc.issuance.dist.facade.controller.DistGetShchReqMessageController#doService,cn.nc.issuance.dist.facade.controller.DistGetShchReqMessageController,doService,4,10
cn.nc.issuance.book.dcm.query.facade.controller.unannounced.UnAnnounceBondExportController#doService,cn.nc.issuance.book.dcm.query.facade.controller.unannounced.UnAnnounceBondExportController,doService,1,1
cn.nc.issuance.bid.facade.controller.shchTenderMgmt.TiShchBondSubmitController#doService,cn.nc.issuance.bid.facade.controller.shchTenderMgmt.TiShchBondSubmitController,doService,2,2
cn.nc.issuance.book.dcm.query.facade.controller.systemadmin.BussinessAllBillsQueryController#doService,cn.nc.issuance.book.dcm.query.facade.controller.systemadmin.BussinessAllBillsQueryController,doService,3,5
cn.nc.channel.backend.facade.controller.IssuedFinancialQueryController#doService,cn.nc.channel.backend.facade.controller.IssuedFinancialQueryController,doService,3,6
cn.nc.user.staff.facade.controller.in.UserResetController#handle,cn.nc.user.staff.facade.controller.in.UserResetController,handle,1,1
cn.nc.operation.base.facade.controller.notice.NoticeGroupSaveController#save,cn.nc.operation.base.facade.controller.notice.NoticeGroupSaveController,save,1,1
cn.nc.issuance.common.facade.controller.operation.ContactAddController#handle,cn.nc.issuance.common.facade.controller.operation.ContactAddController,handle,1,1
cn.nc.user.clientorgquery.facade.controller.ClientOrgUserHisListController#doService,cn.nc.user.clientorgquery.facade.controller.ClientOrgUserHisListController,doService,3,6
cn.nc.user.instuser.facade.controller.StopOrEnableInstUserController#stopOrEnableInstUser,cn.nc.user.instuser.facade.controller.StopOrEnableInstUserController,stopOrEnableInstUser,1,1
cn.nc.issuance.book.dcm.query.facade.controller.bond.PrdtRatingListController#doService,cn.nc.issuance.book.dcm.query.facade.controller.bond.PrdtRatingListController,doService,2,1
cn.nc.issuance.dist.facade.controller.SendDistInfoController#doService,cn.nc.issuance.dist.facade.controller.SendDistInfoController,doService,11,89
cn.nc.issuance.bid.facade.controller.shchTenderMgmt.TiShchBondEnableOrDiscontinueController#doService,cn.nc.issuance.bid.facade.controller.shchTenderMgmt.TiShchBondEnableOrDiscontinueController,doService,4,11
cn.nc.user.staff.facade.controller.in.UserNoPageListController#handle,cn.nc.user.staff.facade.controller.in.UserNoPageListController,handle,1,1
cn.nc.channel.msg.facade.controller.MessageStatusDeleteBatchAddController#doService,cn.nc.channel.msg.facade.controller.MessageStatusDeleteBatchAddController,doService,2,7
cn.nc.issuance.book.dcm.query.facade.controller.groupSet.GroupDirectorOrgListController#doService,cn.nc.issuance.book.dcm.query.facade.controller.groupSet.GroupDirectorOrgListController,doService,3,8
cn.nc.issuance.dist.facade.controller.DistributionRecBondPlacingInfoController#doService,cn.nc.issuance.dist.facade.controller.DistributionRecBondPlacingInfoController,doService,31,149
cn.nc.channel.auth.outer.facade.controller.AppQrLoginController#appQrLogin,cn.nc.channel.auth.outer.facade.controller.AppQrLoginController,appQrLogin,1,1
cn.nc.user.cfaeacct.facade.controller.ClientCfaeAcctHisDetailController#doService,cn.nc.user.cfaeacct.facade.controller.ClientCfaeAcctHisDetailController,doService,3,8
cn.nc.issuance.book.dcm.facade.controller.reservationmanage.ReservationManageSaveController#doService,cn.nc.issuance.book.dcm.facade.controller.reservationmanage.ReservationManageSaveController,doService,2,1
cn.nc.issuance.book.dcm.query.facade.controller.PricingPlacingSendSupplementFileController#doService,cn.nc.issuance.book.dcm.query.facade.controller.PricingPlacingSendSupplementFileController,doService,1,1
cn.nc.channel.mix.controller.channel.selfbond.QueryInstitutionHistoricalBondsController#doService,cn.nc.channel.mix.controller.channel.selfbond.QueryInstitutionHistoricalBondsController,doService,3,2
cn.nc.user.label.facade.controller.LabelModifyController#doService,cn.nc.user.label.facade.controller.LabelModifyController,doService,4,9
cn.nc.issuance.bid.facade.controller.shchTenderMgmt.TiBillGenController#doService,cn.nc.issuance.bid.facade.controller.shchTenderMgmt.TiBillGenController,doService,4,30
cn.nc.issuance.book.dcm.facade.controller.job.threepartyunannouncedbond.IsemUnPublishBondDealDateController#doService,cn.nc.issuance.book.dcm.facade.controller.job.threepartyunannouncedbond.IsemUnPublishBondDealDateController,doService,2,2
cn.nc.pub.msg.facade.controller.log.ReceiveRecordExportController#excelExport,cn.nc.pub.msg.facade.controller.log.ReceiveRecordExportController,excelExport,1,1
cn.nc.channel.backend.facade.controller.ImageStorageDownloadController#imageDownloadById,cn.nc.channel.backend.facade.controller.ImageStorageDownloadController,imageDownloadById,1,1
cn.nc.issuance.book.dcm.facade.controller.group.InvestorSaveController#handle,cn.nc.issuance.book.dcm.facade.controller.group.InvestorSaveController,handle,1,1
cn.nc.user.reguser.facade.controller.ApprovalRejectUserInfoHisController#doService,cn.nc.user.reguser.facade.controller.ApprovalRejectUserInfoHisController,doService,3,21
cn.nc.issuance.book.dcm.query.facade.controller.bookkeepingprocessiinfo.PurchaseViewQueryListController#handle,cn.nc.issuance.book.dcm.query.facade.controller.bookkeepingprocessiinfo.PurchaseViewQueryListController,handle,1,1
cn.nc.pub.wkcl.facade.controller.sys.SysNoSelectController#doService,cn.nc.pub.wkcl.facade.controller.sys.SysNoSelectController,doService,2,3
cn.nc.issuance.book.dcm.query.facade.controller.enquirymanage.SelectEnquiryManageModifyDetailController#doService,cn.nc.issuance.book.dcm.query.facade.controller.enquirymanage.SelectEnquiryManageModifyDetailController,doService,2,1
cn.nc.user.reguser.facade.controller.QueryUserInfoByMobileNumberController#queryUserInfoListByMobileNumbers,cn.nc.user.reguser.facade.controller.QueryUserInfoByMobileNumberController,queryUserInfoListByMobileNumbers,1,1
cn.nc.issuance.dist.facade.controller.DistributionRecPurchaseOrderController#handle,cn.nc.issuance.dist.facade.controller.DistributionRecPurchaseOrderController,handle,1,1
cn.nc.user.conf.facade.CenterSysBusinessRoleFieldBatchDeleteController#sysBusinessRoleFieldBatchDelete,cn.nc.user.conf.facade.CenterSysBusinessRoleFieldBatchDeleteController,sysBusinessRoleFieldBatchDelete,1,1
cn.nc.user.staff.facade.controller.PermissionModifyController#handle,cn.nc.user.staff.facade.controller.PermissionModifyController,handle,1,1
cn.nc.issuance.book.dcm.query.facade.controller.hisinfoquery.TemplateHisQueryController#doService,cn.nc.issuance.book.dcm.query.facade.controller.hisinfoquery.TemplateHisQueryController,doService,2,2
cn.nc.channel.auth.outer.facade.controller.MobileBindController#bindMobile,cn.nc.channel.auth.outer.facade.controller.MobileBindController,bindMobile,1,1
cn.nc.pub.msg.facade.controller.send.SendEmailController#doService,cn.nc.pub.msg.facade.controller.send.SendEmailController,doService,17,81
cn.nc.user.cfaeacct.facade.controller.CenterCfaeAcctApprovePassController#cfaeAcctApprovePassCenter,cn.nc.user.cfaeacct.facade.controller.CenterCfaeAcctApprovePassController,cfaeAcctApprovePassCenter,1,1
cn.nc.issuance.book.dcm.query.facade.controller.bond.PublisherListController#doService,cn.nc.issuance.book.dcm.query.facade.controller.bond.PublisherListController,doService,2,1
cn.nc.issuance.book.dcm.facade.controller.unAnnounced.UnEnquiryRespAddController#handle,cn.nc.issuance.book.dcm.facade.controller.unAnnounced.UnEnquiryRespAddController,handle,1,1
cn.nc.user.archive.facade.controller.FileArchiveModifyHandoverFormController#fileArchiveModifyHandoverForm,cn.nc.user.archive.facade.controller.FileArchiveModifyHandoverFormController,fileArchiveModifyHandoverForm,1,1
cn.nc.user.staff.facade.controller.MenuUserRouteListController#doService,cn.nc.user.staff.facade.controller.MenuUserRouteListController,doService,2,2
cn.nc.pub.msg.facade.controller.product.ProductExportController#exportProduct,cn.nc.pub.msg.facade.controller.product.ProductExportController,exportProduct,1,1
cn.nc.issuance.book.dcm.facade.controller.purchaseorder.PurchaseOrderModifyController#handle,cn.nc.issuance.book.dcm.facade.controller.purchaseorder.PurchaseOrderModifyController,handle,1,1
cn.nc.issuance.book.dcm.query.facade.controller.bondAdd.BondTypeListController#handle,cn.nc.issuance.book.dcm.query.facade.controller.bondAdd.BondTypeListController,handle,1,1
cn.nc.user.centerinstuseroperator.controller.CenterInstOperManageListController#centerInstOperManageList,cn.nc.user.centerinstuseroperator.controller.CenterInstOperManageListController,centerInstOperManageList,1,1
cn.nc.issuance.book.dcm.query.facade.controller.homeStart.QueryOptionalBondController#doService,cn.nc.issuance.book.dcm.query.facade.controller.homeStart.QueryOptionalBondController,doService,2,1
cn.nc.channel.backend.facade.controller.IssuedFinancialQueryController#issuedFinancialQuery,cn.nc.channel.backend.facade.controller.IssuedFinancialQueryController,issuedFinancialQuery,1,1
cn.nc.operation.base.facade.controller.work.WorkingScheduleDictQueryListController#doService,cn.nc.operation.base.facade.controller.work.WorkingScheduleDictQueryListController,doService,2,2
cn.nc.issuance.book.dcm.query.facade.controller.systemadmin.RegistrationFilesToSHCHQueryController#doService,cn.nc.issuance.book.dcm.query.facade.controller.systemadmin.RegistrationFilesToSHCHQueryController,doService,4,7
cn.nc.issuance.book.dcm.facade.controller.automaticDisclosure.AutomaticDisclosureMakePublicOrNoController#handle,cn.nc.issuance.book.dcm.facade.controller.automaticDisclosure.AutomaticDisclosureMakePublicOrNoController,handle,1,1
cn.nc.user.staff.facade.controller.in.UserSyncController#doService,cn.nc.user.staff.facade.controller.in.UserSyncController,doService,5,7
cn.nc.issuance.bid.facade.controller.bondccdc.SubmitBondInfoCcdcController#handle,cn.nc.issuance.bid.facade.controller.bondccdc.SubmitBondInfoCcdcController,handle,1,1
cn.nc.pub.wkcl.facade.controller.core.WorkDayQueryController#doService,cn.nc.pub.wkcl.facade.controller.core.WorkDayQueryController,doService,5,28
cn.nc.pub.msg.facade.controller.send.SmsListenerStatusController#doService,cn.nc.pub.msg.facade.controller.send.SmsListenerStatusController,doService,4,10
cn.nc.user.reguser.facade.controller.ApprovalPassUserInfoHisController#approvalPassUserInfoHis,cn.nc.user.reguser.facade.controller.ApprovalPassUserInfoHisController,approvalPassUserInfoHis,1,1
cn.nc.issuance.book.dcm.facade.controller.purchaseorder.PurchaseOrderRejectController#handle,cn.nc.issuance.book.dcm.facade.controller.purchaseorder.PurchaseOrderRejectController,handle,1,1
cn.nc.user.ukey.facade.controller.UkeyApplyHisCenterBatchApprovalPassController#ukeyApplyHisBatchApprovalPass,cn.nc.user.ukey.facade.controller.UkeyApplyHisCenterBatchApprovalPassController,ukeyApplyHisBatchApprovalPass,1,1
cn.nc.issuance.bid.facade.controller.shchTenderMgmt.QueryEmergencyContactController#queryEmergencyContact,cn.nc.issuance.bid.facade.controller.shchTenderMgmt.QueryEmergencyContactController,queryEmergencyContact,1,1
cn.nc.issuance.book.dcm.query.facade.controller.directinvestor.DirectInvestorAuthBondMagniferController#handle,cn.nc.issuance.book.dcm.query.facade.controller.directinvestor.DirectInvestorAuthBondMagniferController,handle,1,1
cn.nc.issuance.book.dcm.query.facade.controller.querystatistics.OrganMonitorDetailController#handle,cn.nc.issuance.book.dcm.query.facade.controller.querystatistics.OrganMonitorDetailController,handle,1,1
cn.nc.channel.mix.controller.issuance.QueryGroupBondController#queryGroupBond,cn.nc.channel.mix.controller.issuance.QueryGroupBondController,queryGroupBond,1,1
cn.nc.pub.msg.facade.controller.productParameter.ProductParameterHistoryListController#getHistory,cn.nc.pub.msg.facade.controller.productParameter.ProductParameterHistoryListController,getHistory,1,1
cn.nc.issuance.common.facade.controller.SysConfigSelectController#handle,cn.nc.issuance.common.facade.controller.SysConfigSelectController,handle,1,1
cn.nc.issuance.book.dcm.query.facade.controller.FileAuthConfigListController#handle,cn.nc.issuance.book.dcm.query.facade.controller.FileAuthConfigListController,handle,1,1
cn.nc.user.index.facade.controller.GetStatisticsInstAccountController#getStatisticsInstAccountListByLogin,cn.nc.user.index.facade.controller.GetStatisticsInstAccountController,getStatisticsInstAccountListByLogin,1,1
cn.nc.channel.search.facade.controller.ManualCollectController#doService,cn.nc.channel.search.facade.controller.ManualCollectController,doService,2,2
cn.nc.issuance.book.dcm.facade.controller.group.GroupCompleteGroupConfirmController#doService,cn.nc.issuance.book.dcm.facade.controller.group.GroupCompleteGroupConfirmController,doService,10,28
cn.nc.issuance.book.dcm.query.facade.controller.directinvestor.whitelist.AccountWlViewController#doService,cn.nc.issuance.book.dcm.query.facade.controller.directinvestor.whitelist.AccountWlViewController,doService,4,7
cn.nc.issuance.book.dcm.facade.controller.bondadjustorder.BondAdjustOrderModifyTimeController#handle,cn.nc.issuance.book.dcm.facade.controller.bondadjustorder.BondAdjustOrderModifyTimeController,handle,1,1
cn.nc.channel.auth.outer.facade.controller.ImageKaptchaController#doService,cn.nc.channel.auth.outer.facade.controller.ImageKaptchaController,doService,5,7
cn.nc.issuance.book.dcm.facade.controller.informationservice.SmartDocumentLinkController#handle,cn.nc.issuance.book.dcm.facade.controller.informationservice.SmartDocumentLinkController,handle,1,1
cn.nc.pub.msg.facade.controller.setting.MsgSceneConfigDeleteController#delete,cn.nc.pub.msg.facade.controller.setting.MsgSceneConfigDeleteController,delete,1,1
cn.nc.issuance.book.dcm.query.facade.controller.purchaseOffer.PurchaseOfferDownController#handle,cn.nc.issuance.book.dcm.query.facade.controller.purchaseOffer.PurchaseOfferDownController,handle,1,1
cn.nc.user.ukey.facade.controller.GetUkeyBindDetailsController#getUkeyBindDetails,cn.nc.user.ukey.facade.controller.GetUkeyBindDetailsController,getUkeyBindDetails,1,1
cn.nc.user.staff.facade.controller.MenuAddController#handle,cn.nc.user.staff.facade.controller.MenuAddController,handle,1,1
cn.nc.operation.base.facade.controller.notice.NoticeTypeListQueryController#query,cn.nc.operation.base.facade.controller.notice.NoticeTypeListQueryController,query,1,1
cn.nc.pub.wkcl.facade.controller.legal.LegalCalSaveController#doService,cn.nc.pub.wkcl.facade.controller.legal.LegalCalSaveController,doService,9,38
cn.nc.channel.backend.facade.controller.ComponentQueryByIdController#doService,cn.nc.channel.backend.facade.controller.ComponentQueryByIdController,doService,7,22
cn.nc.channel.mix.controller.channel.concerned.QueryMyConcernedCrmwBondsController#queryMyConcernedCrmwBonds,cn.nc.channel.mix.controller.channel.concerned.QueryMyConcernedCrmwBondsController,queryMyConcernedCrmwBonds,1,1
cn.nc.issuance.book.dcm.query.facade.controller.homeStart.QueryRegisterProcessController#handle,cn.nc.issuance.book.dcm.query.facade.controller.homeStart.QueryRegisterProcessController,handle,1,1
cn.nc.issuance.book.dcm.query.facade.controller.reservationmanage.ReservationManageModifyInitController#handle,cn.nc.issuance.book.dcm.query.facade.controller.reservationmanage.ReservationManageModifyInitController,handle,1,1
cn.nc.issuance.common.facade.controller.SysDictionarySubAuditCheckController#handle,cn.nc.issuance.common.facade.controller.SysDictionarySubAuditCheckController,handle,1,1
cn.nc.channel.msg.facade.controller.NoticeBatchTopToggleController#handle,cn.nc.channel.msg.facade.controller.NoticeBatchTopToggleController,handle,1,1
cn.nc.issuance.book.dcm.query.facade.controller.bond.getProductRuleController#handle,cn.nc.issuance.book.dcm.query.facade.controller.bond.getProductRuleController,handle,1,1
cn.nc.channel.mix.controller.issuance.QueryPublishResultController#doService,cn.nc.channel.mix.controller.issuance.QueryPublishResultController,doService,3,2
cn.nc.issuance.common.facade.controller.BillingInformationExternalListController#handle,cn.nc.issuance.common.facade.controller.BillingInformationExternalListController,handle,1,1
cn.nc.issuance.book.dcm.facade.controller.purchaseorder.PurchaseOrderAcceptController#handle,cn.nc.issuance.book.dcm.facade.controller.purchaseorder.PurchaseOrderAcceptController,handle,1,1
cn.nc.issuance.dist.facade.controller.QueryDistInstanceInfoController#doService,cn.nc.issuance.dist.facade.controller.QueryDistInstanceInfoController,doService,2,12
cn.nc.issuance.book.dcm.query.facade.controller.purchaseOffer.PurchaseOfferDownController#doService,cn.nc.issuance.book.dcm.query.facade.controller.purchaseOffer.PurchaseOfferDownController,doService,1,1
cn.nc.issuance.bid.facade.controller.submitPurchaseOffer.TiPurchaseOfferRevokeController#handle,cn.nc.issuance.bid.facade.controller.submitPurchaseOffer.TiPurchaseOfferRevokeController,handle,1,1
cn.nc.issuance.book.dcm.query.facade.controller.issueamountadjust.PurchaseDetailExportController#handle,cn.nc.issuance.book.dcm.query.facade.controller.issueamountadjust.PurchaseDetailExportController,handle,1,1
cn.nc.pub.msg.facade.controller.product.ProductRefuseController#doService,cn.nc.pub.msg.facade.controller.product.ProductRefuseController,doService,5,12
cn.nc.issuance.book.dcm.facade.controller.external.DCMForExternalXInstitutionalChangeController#doService,cn.nc.issuance.book.dcm.facade.controller.external.DCMForExternalXInstitutionalChangeController,doService,4,18
cn.nc.issuance.book.dcm.facade.controller.uploadfile.XFileExtController#doService,cn.nc.issuance.book.dcm.facade.controller.uploadfile.XFileExtController,doService,4,10
cn.nc.issuance.bid.facade.controller.emergencycontact.BatchDeleteEbcInfoController#batchDelEbc,cn.nc.issuance.bid.facade.controller.emergencycontact.BatchDeleteEbcInfoController,batchDelEbc,1,1
cn.nc.issuance.book.dcm.query.facade.controller.modifyinterimbondinfo.ModifyInterimViewBondInfoController#handle,cn.nc.issuance.book.dcm.query.facade.controller.modifyinterimbondinfo.ModifyInterimViewBondInfoController,handle,1,1
cn.nc.issuance.book.dcm.query.facade.controller.reservationmanage.ReservationManagerRelationTimeController#doService,cn.nc.issuance.book.dcm.query.facade.controller.reservationmanage.ReservationManagerRelationTimeController,doService,5,2
cn.nc.issuance.book.dcm.facade.controller.bondAdmin.BondSubjectModifyController#handle,cn.nc.issuance.book.dcm.facade.controller.bondAdmin.BondSubjectModifyController,handle,1,1
cn.nc.user.cfaeacct.facade.controller.ClientCfaeAcctModifySubmitController#doService,cn.nc.user.cfaeacct.facade.controller.ClientCfaeAcctModifySubmitController,doService,2,3
cn.nc.channel.backend.facade.controller.InstitutionBondBookManagementController#institutionBondBookManagement,cn.nc.channel.backend.facade.controller.InstitutionBondBookManagementController,institutionBondBookManagement,1,1
cn.nc.issuance.book.dcm.query.facade.controller.hisinfoquery.OnlineReplyQueryController#handle,cn.nc.issuance.book.dcm.query.facade.controller.hisinfoquery.OnlineReplyQueryController,handle,1,1
cn.nc.starter.file.controller.FileStorageController#exists,cn.nc.starter.file.controller.FileStorageController,exists,1,4
cn.nc.issuance.book.dcm.query.facade.controller.bond.PubCreditListController#doService,cn.nc.issuance.book.dcm.query.facade.controller.bond.PubCreditListController,doService,2,1
cn.nc.pub.msg.facade.controller.parameterTemplate.ParameterTemplateGetController#get,cn.nc.pub.msg.facade.controller.parameterTemplate.ParameterTemplateGetController,get,1,1
cn.nc.issuance.book.dcm.query.facade.controller.systemadmin.VerFormsToSendSHCHExController#handle,cn.nc.issuance.book.dcm.query.facade.controller.systemadmin.VerFormsToSendSHCHExController,handle,1,1
cn.nc.issuance.book.dcm.facade.controller.directinvestor.DirectInvestorAuthAuditController#directInvestorAuthAudit,cn.nc.issuance.book.dcm.facade.controller.directinvestor.DirectInvestorAuthAuditController,directInvestorAuthAudit,1,1
cn.nc.user.magnifier.facade.controller.IssuanceInstMagnifierListController#doService,cn.nc.user.magnifier.facade.controller.IssuanceInstMagnifierListController,doService,2,1
cn.nc.issuance.dist.facade.controller.SimDistInfoDelController#doService,cn.nc.issuance.dist.facade.controller.SimDistInfoDelController,doService,3,5
cn.nc.issuance.book.dcm.facade.controller.bondAdd.BondCheckAuditController#doService,cn.nc.issuance.book.dcm.facade.controller.bondAdd.BondCheckAuditController,doService,2,2
cn.nc.issuance.book.dcm.facade.controller.bondadjustorder.BondAdjustOrderauditRateController#doService,cn.nc.issuance.book.dcm.facade.controller.bondadjustorder.BondAdjustOrderauditRateController,doService,2,1
cn.nc.pub.msg.facade.controller.log.SendRecordQueryController#doService,cn.nc.pub.msg.facade.controller.log.SendRecordQueryController,doService,3,6
cn.nc.starter.file.controller.FileStoragePresignedController#delete,cn.nc.starter.file.controller.FileStoragePresignedController,delete,1,4
cn.nc.issuance.dist.facade.controller.DistributionDelController#handle,cn.nc.issuance.dist.facade.controller.DistributionDelController,handle,1,1
cn.nc.starter.file.controller.FileStorageController#downloadByUrlWithBucket,cn.nc.starter.file.controller.FileStorageController,downloadByUrlWithBucket,1,4
cn.nc.operation.base.facade.controller.work.WorkGroupDeleteController#delete,cn.nc.operation.base.facade.controller.work.WorkGroupDeleteController,delete,1,1
cn.nc.issuance.book.dcm.facade.controller.job.threepartyunannouncedbond.IsemUnPublishBondUpdateController#handle,cn.nc.issuance.book.dcm.facade.controller.job.threepartyunannouncedbond.IsemUnPublishBondUpdateController,handle,1,1
cn.nc.issuance.common.facade.controller.operation.BondAuthorizeModifyController#doService,cn.nc.issuance.common.facade.controller.operation.BondAuthorizeModifyController,doService,2,1
cn.nc.user.instacct.controller.UpdateInstCapitalAcctController#updateInstCapitalAcct,cn.nc.user.instacct.controller.UpdateInstCapitalAcctController,updateInstCapitalAcct,1,1
cn.nc.pub.msg.facade.controller.setting.MsgSendOperatorDeleteController#doService,cn.nc.pub.msg.facade.controller.setting.MsgSendOperatorDeleteController,doService,3,6
cn.nc.pub.msg.facade.controller.outside.PubProductInstanceListQueryController#doService,cn.nc.pub.msg.facade.controller.outside.PubProductInstanceListQueryController,doService,1,1
cn.nc.user.staff.facade.controller.in.UserPositionFindListController#doService,cn.nc.user.staff.facade.controller.in.UserPositionFindListController,doService,4,7
cn.nc.issuance.book.dcm.facade.controller.informationservice.SmartDocumentToReportController#handle,cn.nc.issuance.book.dcm.facade.controller.informationservice.SmartDocumentToReportController,handle,1,1
cn.nc.issuance.dist.facade.controller.SimDistInfoDetailController#doService,cn.nc.issuance.dist.facade.controller.SimDistInfoDetailController,doService,4,8
cn.nc.channel.auth.outer.facade.controller.UserChangePwdController#changeUserPwd,cn.nc.channel.auth.outer.facade.controller.UserChangePwdController,changeUserPwd,1,1
cn.nc.user.reguser.facade.controller.UnbindThirdUserRelRegUserController#unbindThirdUserAndRegUser,cn.nc.user.reguser.facade.controller.UnbindThirdUserRelRegUserController,unbindThirdUserAndRegUser,1,1
cn.nc.issuance.common.facade.controller.BillingInformationAddController#handle,cn.nc.issuance.common.facade.controller.BillingInformationAddController,handle,1,1
cn.nc.issuance.dist.facade.controller.DistributionManageQueryAccountInfoController#handle,cn.nc.issuance.dist.facade.controller.DistributionManageQueryAccountInfoController,handle,1,1
cn.nc.user.cfaeacct.facade.controller.CenterCfaeAcctModifySubmitController#cfaeAcctModifySubmitCenter,cn.nc.user.cfaeacct.facade.controller.CenterCfaeAcctModifySubmitController,cfaeAcctModifySubmitCenter,1,1
cn.nc.user.position.facade.controller.client.ClientPositionHisAddController#doService,cn.nc.user.position.facade.controller.client.ClientPositionHisAddController,doService,2,5
cn.nc.issuance.book.dcm.facade.controller.group.InvestorCancelAssignLinkManagerController#doService,cn.nc.issuance.book.dcm.facade.controller.group.InvestorCancelAssignLinkManagerController,doService,2,1
cn.nc.issuance.book.dcm.query.facade.controller.bondAdd.BondContactListController#handle,cn.nc.issuance.book.dcm.query.facade.controller.bondAdd.BondContactListController,handle,1,1
cn.nc.user.position.facade.controller.center.CenterPositionPermissionHisListController#handle,cn.nc.user.position.facade.controller.center.CenterPositionPermissionHisListController,handle,1,1
cn.nc.user.centerorgquery.controller.CenterInstInfoQueryListController#doService,cn.nc.user.centerorgquery.controller.CenterInstInfoQueryListController,doService,3,2
cn.nc.issuance.dist.facade.controller.SimDistInfoDetailController#handle,cn.nc.issuance.dist.facade.controller.SimDistInfoDetailController,handle,1,1
cn.nc.issuance.book.dcm.facade.controller.unAnnounced.UnEnquiryRespAddController#doService,cn.nc.issuance.book.dcm.facade.controller.unAnnounced.UnEnquiryRespAddController,doService,3,8
cn.nc.channel.mix.controller.issuance.QueryInvoicingConfirmFileController#doService,cn.nc.channel.mix.controller.issuance.QueryInvoicingConfirmFileController,doService,3,2
cn.nc.channel.backend.facade.controller.LayoutChangeRemindQueryController#doService,cn.nc.channel.backend.facade.controller.LayoutChangeRemindQueryController,doService,3,10
cn.nc.user.cfaeacct.facade.controller.CenterCfaeAcctCleanupSubmitController#doService,cn.nc.user.cfaeacct.facade.controller.CenterCfaeAcctCleanupSubmitController,doService,2,3
cn.nc.operation.base.facade.controller.work.WorkingScheduleDictQueryController#query,cn.nc.operation.base.facade.controller.work.WorkingScheduleDictQueryController,query,1,1
cn.nc.issuance.book.dcm.query.facade.controller.bond.BondHomeInitQueryController#handle,cn.nc.issuance.book.dcm.query.facade.controller.bond.BondHomeInitQueryController,handle,1,1
cn.nc.channel.mix.controller.channel.subscribe.QueryFinancialInvestorPurchasedBondsController#doService,cn.nc.channel.mix.controller.channel.subscribe.QueryFinancialInvestorPurchasedBondsController,doService,3,2
cn.nc.issuance.book.dcm.facade.controller.bondAdd.BondManageAuditController#handle,cn.nc.issuance.book.dcm.facade.controller.bondAdd.BondManageAuditController,handle,1,1
cn.nc.issuance.book.dcm.query.facade.controller.purchaseOffer.PurchaseOfferExprotExQueController#doService,cn.nc.issuance.book.dcm.query.facade.controller.purchaseOffer.PurchaseOfferExprotExQueController,doService,1,1
cn.nc.user.instoperuser.facade.controller.ModifyOperUserController#instOperModify,cn.nc.user.instoperuser.facade.controller.ModifyOperUserController,instOperModify,1,1
cn.nc.issuance.book.dcm.facade.controller.bondAdd.BondManageAuditController#doService,cn.nc.issuance.book.dcm.facade.controller.bondAdd.BondManageAuditController,doService,2,2
cn.nc.issuance.book.dcm.query.facade.controller.consignpercent.ConsignPercentEditController#handle,cn.nc.issuance.book.dcm.query.facade.controller.consignpercent.ConsignPercentEditController,handle,1,1
cn.nc.user.archive.facade.controller.FileArchiveModifyHandoverFormController#doService,cn.nc.user.archive.facade.controller.FileArchiveModifyHandoverFormController,doService,3,19
cn.nc.issuance.book.dcm.query.facade.controller.querystatistics.BondPublishProcessMonitorExportController#doService,cn.nc.issuance.book.dcm.query.facade.controller.querystatistics.BondPublishProcessMonitorExportController,doService,3,4
cn.nc.channel.backend.facade.controller.ComponentUnrelEntranceController#doService,cn.nc.channel.backend.facade.controller.ComponentUnrelEntranceController,doService,3,2
cn.nc.issuance.book.dcm.query.facade.controller.PricingPlacingPlacingTryController#handle,cn.nc.issuance.book.dcm.query.facade.controller.PricingPlacingPlacingTryController,handle,1,1
cn.nc.issuance.book.dcm.query.facade.controller.querystatistics.ExportPDFBondOfferedController#handle,cn.nc.issuance.book.dcm.query.facade.controller.querystatistics.ExportPDFBondOfferedController,handle,1,1
cn.nc.user.seal.facade.controller.GetSealHisDetailsController#getSealHisDetails,cn.nc.user.seal.facade.controller.GetSealHisDetailsController,getSealHisDetails,1,1
cn.nc.issuance.book.dcm.query.facade.controller.homeStart.OptionExerciseNoticeLinkController#handle,cn.nc.issuance.book.dcm.query.facade.controller.homeStart.OptionExerciseNoticeLinkController,handle,1,1
cn.nc.channel.auth.outer.facade.controller.RefreshTokenController#doService,cn.nc.channel.auth.outer.facade.controller.RefreshTokenController,doService,3,23
cn.nc.user.ukey.facade.controller.UkeyApplyHisClientBatchDeleteController#ukeyApplyHisBatchDelete,cn.nc.user.ukey.facade.controller.UkeyApplyHisClientBatchDeleteController,ukeyApplyHisBatchDelete,1,1
cn.nc.user.ukey.facade.controller.UkeyApplyHisCenterBatchApprovalCancelController#ukeyApplyHisBatchApprovalCancel,cn.nc.user.ukey.facade.controller.UkeyApplyHisCenterBatchApprovalCancelController,ukeyApplyHisBatchApprovalCancel,1,1
cn.nc.pub.msg.facade.controller.setting.MsgEmailServerSaveController#saveOrUpdate,cn.nc.pub.msg.facade.controller.setting.MsgEmailServerSaveController,saveOrUpdate,1,1
cn.nc.channel.backend.facade.controller.InstitutionHistoricalBondController#institutionHistoricalBond,cn.nc.channel.backend.facade.controller.InstitutionHistoricalBondController,institutionHistoricalBond,1,1
cn.nc.issuance.book.dcm.facade.controller.issueamountadjust.IssueAmountAdjustModifyController#doService,cn.nc.issuance.book.dcm.facade.controller.issueamountadjust.IssueAmountAdjustModifyController,doService,2,1
cn.nc.user.staff.facade.controller.ResourceAddController#handle,cn.nc.user.staff.facade.controller.ResourceAddController,handle,1,1
cn.nc.pub.wkcl.facade.controller.legal.LegalCalSaveController#saveOrUpdate,cn.nc.pub.wkcl.facade.controller.legal.LegalCalSaveController,saveOrUpdate,1,1
cn.nc.issuance.bid.facade.controller.biddingresultMgmt.QueryAppendBiddingResultController#queryAppendBiddingResult,cn.nc.issuance.bid.facade.controller.biddingresultMgmt.QueryAppendBiddingResultController,queryAppendBiddingResult,1,1
cn.nc.issuance.book.dcm.facade.controller.enquirymanage.DeleteEnquiryManageController#handle,cn.nc.issuance.book.dcm.facade.controller.enquirymanage.DeleteEnquiryManageController,handle,1,1
cn.nc.pub.msg.facade.controller.product.ProductExportController#doService,cn.nc.pub.msg.facade.controller.product.ProductExportController,doService,2,3
cn.nc.user.cfaeacct.facade.controller.ClientCfaeAcctRevokeController#cfaeacctRevokeClient,cn.nc.user.cfaeacct.facade.controller.ClientCfaeAcctRevokeController,cfaeacctRevokeClient,1,1
cn.nc.user.instuser.facade.controller.ThirdUserRelInstUserApplyController#doService,cn.nc.user.instuser.facade.controller.ThirdUserRelInstUserApplyController,doService,7,85
cn.nc.issuance.bid.facade.controller.biddingManagement.bidInfoMgmt.CheckAddBondController#doService,cn.nc.issuance.bid.facade.controller.biddingManagement.bidInfoMgmt.CheckAddBondController,doService,39,117
cn.nc.issuance.common.facade.controller.query.BussinessAllBillsPrintController#handle,cn.nc.issuance.common.facade.controller.query.BussinessAllBillsPrintController,handle,1,1
cn.nc.user.ukey.facade.controller.QueryUkeyExpressLastExpressTypeController#queryLastExpressType,cn.nc.user.ukey.facade.controller.QueryUkeyExpressLastExpressTypeController,queryLastExpressType,1,1
cn.nc.issuance.book.dcm.query.facade.controller.DistHisResultExportController#doService,cn.nc.issuance.book.dcm.query.facade.controller.DistHisResultExportController,doService,3,4
cn.nc.user.reguser.facade.controller.GetRegThirdUserRelDetailController#doService,cn.nc.user.reguser.facade.controller.GetRegThirdUserRelDetailController,doService,4,6
cn.nc.pub.wkcl.facade.controller.sys.SysTradeCalSaveController#saveOrUpdate,cn.nc.pub.wkcl.facade.controller.sys.SysTradeCalSaveController,saveOrUpdate,1,1
cn.nc.issuance.book.dcm.query.facade.controller.querystatistics.QueryUnderWritingRatioDetailController#handle,cn.nc.issuance.book.dcm.query.facade.controller.querystatistics.QueryUnderWritingRatioDetailController,handle,1,1
cn.nc.user.staff.facade.controller.in.OrgSyncController#doService,cn.nc.user.staff.facade.controller.in.OrgSyncController,doService,5,17
cn.nc.issuance.dist.facade.controller.external.DCMForExternalSellerConfirmController#doService,cn.nc.issuance.dist.facade.controller.external.DCMForExternalSellerConfirmController,doService,2,2
cn.nc.issuance.common.facade.controller.operation.ContactAddController#doService,cn.nc.issuance.common.facade.controller.operation.ContactAddController,doService,8,28
cn.nc.issuance.book.dcm.query.facade.controller.querystatistics.UnderWritingRatioChangeQueryController#underWritingRatioChangeQuery,cn.nc.issuance.book.dcm.query.facade.controller.querystatistics.UnderWritingRatioChangeQueryController,underWritingRatioChangeQuery,1,1
cn.nc.user.ukey.facade.controller.ExportCenterUkeyQueryController#clientExportUkeyQueryExcel,cn.nc.user.ukey.facade.controller.ExportCenterUkeyQueryController,clientExportUkeyQueryExcel,4,9
cn.nc.user.ukey.facade.controller.QueryUkeyBindHisController#doService,cn.nc.user.ukey.facade.controller.QueryUkeyBindHisController,doService,4,17
cn.nc.user.query.facade.controller.GetUserInfoByUserIdController#getUserInfoByUserId,cn.nc.user.query.facade.controller.GetUserInfoByUserIdController,getUserInfoByUserId,1,1
cn.nc.issuance.book.dcm.query.facade.controller.purchaseorder.PurchaseOrderStatusListController#handle,cn.nc.issuance.book.dcm.query.facade.controller.purchaseorder.PurchaseOrderStatusListController,handle,1,1
cn.nc.issuance.book.dcm.query.facade.controller.groupSet.GroupContactInfoController#handle,cn.nc.issuance.book.dcm.query.facade.controller.groupSet.GroupContactInfoController,handle,1,1
cn.nc.issuance.book.dcm.query.facade.controller.querystatistics.QueryUnderWritingRatioBondController#doService,cn.nc.issuance.book.dcm.query.facade.controller.querystatistics.QueryUnderWritingRatioBondController,doService,2,3
cn.nc.issuance.book.dcm.query.facade.controller.querystatistics.QueryBiddingOrganDetailController#handle,cn.nc.issuance.book.dcm.query.facade.controller.querystatistics.QueryBiddingOrganDetailController,handle,1,1
cn.nc.channel.mix.controller.issuance.QueryInGroupBondDetailController#doService,cn.nc.channel.mix.controller.issuance.QueryInGroupBondDetailController,doService,3,2
cn.nc.issuance.bid.facade.controller.submitPurchaseOffer.TiPurchaseOfferModifyController#doService,cn.nc.issuance.bid.facade.controller.submitPurchaseOffer.TiPurchaseOfferModifyController,doService,21,65
cn.nc.issuance.common.facade.controller.SysConfigModifyController#handle,cn.nc.issuance.common.facade.controller.SysConfigModifyController,handle,1,1
cn.nc.operation.base.facade.controller.notice.NoticeSendController#doService,cn.nc.operation.base.facade.controller.notice.NoticeSendController,doService,6,58
cn.nc.issuance.bid.facade.controller.biddingresultMgmt.GenPlacingResultController#doService,cn.nc.issuance.bid.facade.controller.biddingresultMgmt.GenPlacingResultController,doService,3,20
cn.nc.issuance.book.dcm.facade.controller.external.DCMForExternalIntelligentSupplementController#doService,cn.nc.issuance.book.dcm.facade.controller.external.DCMForExternalIntelligentSupplementController,doService,3,2
cn.nc.issuance.book.dcm.query.facade.controller.querystatistics.BookProcessAdjustExportController#doService,cn.nc.issuance.book.dcm.query.facade.controller.querystatistics.BookProcessAdjustExportController,doService,3,4
cn.nc.user.staff.facade.controller.PermissionOutUserListController#doService,cn.nc.user.staff.facade.controller.PermissionOutUserListController,doService,4,8
cn.nc.channel.log.LogSystemListQueryController#querySystemList,cn.nc.channel.log.LogSystemListQueryController,querySystemList,1,1
cn.nc.issuance.book.dcm.query.facade.controller.systemadmin.BussinessAllBillsDownLoadController#doService,cn.nc.issuance.book.dcm.query.facade.controller.systemadmin.BussinessAllBillsDownLoadController,doService,4,6
cn.nc.issuance.book.dcm.facade.controller.unAnnounced.UnAnnounceBondModifyController#handle,cn.nc.issuance.book.dcm.facade.controller.unAnnounced.UnAnnounceBondModifyController,handle,1,1
cn.nc.issuance.book.dcm.facade.controller.issueamountadjust.IssueAmountAdjustGenAndPushController#handle,cn.nc.issuance.book.dcm.facade.controller.issueamountadjust.IssueAmountAdjustGenAndPushController,handle,1,1
cn.nc.user.staff.facade.controller.PermissionFindInfoController#doService,cn.nc.user.staff.facade.controller.PermissionFindInfoController,doService,4,6
cn.nc.issuance.common.facade.controller.ErrorInfoModifyController#doService,cn.nc.issuance.common.facade.controller.ErrorInfoModifyController,doService,8,20
cn.nc.channel.backend.facade.controller.PageLayoutConfigQueryController#queryPageLayoutByCondition,cn.nc.channel.backend.facade.controller.PageLayoutConfigQueryController,queryPageLayoutByCondition,1,1
cn.nc.issuance.book.dcm.query.facade.controller.dcmbondadmin.QueryBondBalanceController#doService,cn.nc.issuance.book.dcm.query.facade.controller.dcmbondadmin.QueryBondBalanceController,doService,2,1
cn.nc.channel.mix.controller.channel.fulltext.QueryFullTextCrmwController#queryFullTextCrmw,cn.nc.channel.mix.controller.channel.fulltext.QueryFullTextCrmwController,queryFullTextCrmw,1,1
cn.nc.issuance.book.dcm.facade.controller.homestart.AddOptionalChannelController#handle,cn.nc.issuance.book.dcm.facade.controller.homestart.AddOptionalChannelController,handle,1,1
cn.nc.issuance.book.dcm.facade.controller.group.InvestorSelectController#doService,cn.nc.issuance.book.dcm.facade.controller.group.InvestorSelectController,doService,2,1
cn.nc.issuance.common.facade.controller.SysDictionaryPortController#handle,cn.nc.issuance.common.facade.controller.SysDictionaryPortController,handle,1,1
cn.nc.user.seal.facade.controller.QuerySealController#querySealList,cn.nc.user.seal.facade.controller.QuerySealController,querySealList,1,1
cn.nc.channel.backend.facade.controller.InstitutionCrmwUnderwritingController#institutionCrmwUnderwriting,cn.nc.channel.backend.facade.controller.InstitutionCrmwUnderwritingController,institutionCrmwUnderwriting,1,1
cn.nc.issuance.book.dcm.query.facade.controller.dcmbondadmin.PurchaseHisExporeController#doService,cn.nc.issuance.book.dcm.query.facade.controller.dcmbondadmin.PurchaseHisExporeController,doService,3,10
cn.nc.issuance.book.dcm.facade.controller.bondAdd.BondSaveController#handle,cn.nc.issuance.book.dcm.facade.controller.bondAdd.BondSaveController,handle,1,1
cn.nc.user.sync.facade.controller.QueryCfaeRegisterUserController#doService,cn.nc.user.sync.facade.controller.QueryCfaeRegisterUserController,doService,3,5
cn.nc.user.staff.facade.controller.in.PositionDeleteController#handle,cn.nc.user.staff.facade.controller.in.PositionDeleteController,handle,1,1
cn.nc.issuance.book.dcm.query.facade.controller.hisinfoquery.RegistrationNoticeQueryController#handle,cn.nc.issuance.book.dcm.query.facade.controller.hisinfoquery.RegistrationNoticeQueryController,handle,1,1
cn.nc.issuance.dist.facade.controller.DistBondsQueryController#doService,cn.nc.issuance.dist.facade.controller.DistBondsQueryController,doService,3,4
cn.nc.issuance.book.dcm.query.facade.controller.dcmbondadmin.BondPublishExportController#handle,cn.nc.issuance.book.dcm.query.facade.controller.dcmbondadmin.BondPublishExportController,handle,2,0
cn.nc.issuance.book.dcm.query.facade.controller.bondAdd.BondSecOrgListController#handle,cn.nc.issuance.book.dcm.query.facade.controller.bondAdd.BondSecOrgListController,handle,1,1
cn.nc.common.transaction.support.controller.TxQueryController#doService,cn.nc.common.transaction.support.controller.TxQueryController,doService,2,12
cn.nc.issuance.book.dcm.query.facade.controller.groupSet.GroupSettingPdfViewController#proxyPdfById,cn.nc.issuance.book.dcm.query.facade.controller.groupSet.GroupSettingPdfViewController,proxyPdfById,4,11
cn.nc.user.reguser.facade.controller.CheckUserBindController#checkUserBind,cn.nc.user.reguser.facade.controller.CheckUserBindController,checkUserBind,1,1
cn.nc.user.external.facade.controller.InstListController#getInstinfoList,cn.nc.user.external.facade.controller.InstListController,getInstinfoList,1,1
cn.nc.issuance.dist.facade.controller.DistHisResultQueryController#doService,cn.nc.issuance.dist.facade.controller.DistHisResultQueryController,doService,1,1
cn.nc.issuance.book.dcm.query.facade.controller.AutomaticDisclosureQueryBillInfoController#handle,cn.nc.issuance.book.dcm.query.facade.controller.AutomaticDisclosureQueryBillInfoController,handle,1,1
cn.nc.pub.msg.facade.controller.setting.MsgSendOperatorDeleteController#delete,cn.nc.pub.msg.facade.controller.setting.MsgSendOperatorDeleteController,delete,1,1
cn.nc.user.staff.facade.controller.in.UserFindInfoController#doService,cn.nc.user.staff.facade.controller.in.UserFindInfoController,doService,4,9
cn.nc.channel.backend.facade.controller.FinBondRecommendQueryController#doService,cn.nc.channel.backend.facade.controller.FinBondRecommendQueryController,doService,3,6
cn.nc.channel.msg.facade.controller.MessageUnReadCountController#doService,cn.nc.channel.msg.facade.controller.MessageUnReadCountController,doService,2,1
cn.nc.operation.base.facade.controller.work.WorkingScheduleItemsDictQueryController#doService,cn.nc.operation.base.facade.controller.work.WorkingScheduleItemsDictQueryController,doService,2,10
cn.nc.issuance.book.dcm.query.facade.controller.bond.BillInfoQueryController#doService,cn.nc.issuance.book.dcm.query.facade.controller.bond.BillInfoQueryController,doService,2,1
cn.nc.user.ukey.facade.controller.QueryUkeyMaintainListIndexController#queryUkeyMaintainListIndex,cn.nc.user.ukey.facade.controller.QueryUkeyMaintainListIndexController,queryUkeyMaintainListIndex,1,1
cn.nc.issuance.book.dcm.facade.controller.pricingplacing.PricingPlacingCreateReachedBookController#handle,cn.nc.issuance.book.dcm.facade.controller.pricingplacing.PricingPlacingCreateReachedBookController,handle,1,1
cn.nc.user.instacct.controller.GetInstLargeAcctDetailController#getInstLargeAcctDetail,cn.nc.user.instacct.controller.GetInstLargeAcctDetailController,getInstLargeAcctDetail,1,1
cn.nc.issuance.book.dcm.facade.controller.systemadmin.BondModifyApplyAuditController#handle,cn.nc.issuance.book.dcm.facade.controller.systemadmin.BondModifyApplyAuditController,handle,1,1
cn.nc.issuance.dist.facade.controller.SimDistInfoModifyController#handle,cn.nc.issuance.dist.facade.controller.SimDistInfoModifyController,handle,1,1
cn.nc.channel.search.facade.controller.GuestFunctionSearchController#doService,cn.nc.channel.search.facade.controller.GuestFunctionSearchController,doService,3,23
cn.nc.issuance.book.dcm.query.facade.controller.homeStart.QueryOptionalBondController#handle,cn.nc.issuance.book.dcm.query.facade.controller.homeStart.QueryOptionalBondController,handle,1,1
cn.nc.issuance.common.facade.controller.PublisherSubscribeWhiteListController#doService,cn.nc.issuance.common.facade.controller.PublisherSubscribeWhiteListController,doService,4,7
cn.nc.channel.mix.controller.channel.selfbond.QueryInstitutionIssuingProductsController#queryInstitutionIssuingProducts,cn.nc.channel.mix.controller.channel.selfbond.QueryInstitutionIssuingProductsController,queryInstitutionIssuingProducts,1,1
cn.nc.issuance.book.dcm.query.facade.controller.querystatistics.ExportBiddingOrganDetailController#doService,cn.nc.issuance.book.dcm.query.facade.controller.querystatistics.ExportBiddingOrganDetailController,doService,1,1
cn.nc.issuance.book.dcm.facade.controller.pricingplacing.PricingPlacingCreateReachedBookController#doService,cn.nc.issuance.book.dcm.facade.controller.pricingplacing.PricingPlacingCreateReachedBookController,doService,2,1
cn.nc.issuance.bid.facade.controller.emergencycontact.QueryEbcListInfoController#queryListEbcInfo,cn.nc.issuance.bid.facade.controller.emergencycontact.QueryEbcListInfoController,queryListEbcInfo,1,1
cn.nc.issuance.book.dcm.facade.controller.purchaseorder.PurchaseOrderRevokedController#doService,cn.nc.issuance.book.dcm.facade.controller.purchaseorder.PurchaseOrderRevokedController,doService,2,1
cn.nc.user.cfaeacct.facade.controller.CenterCfaeAcctDeleteController#doService,cn.nc.user.cfaeacct.facade.controller.CenterCfaeAcctDeleteController,doService,2,3
cn.nc.user.cfaeacct.facade.controller.OperatorDepositAcctQueryListController#doService,cn.nc.user.cfaeacct.facade.controller.OperatorDepositAcctQueryListController,doService,4,3
cn.nc.user.initinst.facade.controller.DeleteInstOpenApplyController#doService,cn.nc.user.initinst.facade.controller.DeleteInstOpenApplyController,doService,2,7
cn.nc.user.reguser.facade.controller.GetSm2PubKeyController#resetUserPassword,cn.nc.user.reguser.facade.controller.GetSm2PubKeyController,resetUserPassword,1,1
cn.nc.operation.base.facade.controller.work.WorkGroupQueryMembersController#queryLoginUserMembers,cn.nc.operation.base.facade.controller.work.WorkGroupQueryMembersController,queryLoginUserMembers,1,1
cn.nc.issuance.book.dcm.facade.controller.bondadjustorder.BondAdjustOrderAddRateController#doService,cn.nc.issuance.book.dcm.facade.controller.bondadjustorder.BondAdjustOrderAddRateController,doService,2,1
cn.nc.issuance.common.facade.controller.query.BussinessAllBillsDownLoadController#doService,cn.nc.issuance.common.facade.controller.query.BussinessAllBillsDownLoadController,doService,4,2
cn.nc.channel.backend.facade.controller.IdentityMappingPublishController#publishIdentityMapping,cn.nc.channel.backend.facade.controller.IdentityMappingPublishController,publishIdentityMapping,1,1
cn.nc.issuance.book.dcm.facade.controller.informationservice.SmartDocumentAutoInputController#doService,cn.nc.issuance.book.dcm.facade.controller.informationservice.SmartDocumentAutoInputController,doService,1,1
cn.nc.issuance.book.dcm.facade.controller.group.GroupRepeatGroupController#handle,cn.nc.issuance.book.dcm.facade.controller.group.GroupRepeatGroupController,handle,1,1
cn.nc.user.staff.facade.controller.in.UserAddController#doService,cn.nc.user.staff.facade.controller.in.UserAddController,doService,11,29
cn.nc.user.ukey.facade.controller.UkeyExpressCenterSendSMSController#ukeyExpressSendSMS,cn.nc.user.ukey.facade.controller.UkeyExpressCenterSendSMSController,ukeyExpressSendSMS,1,1
cn.nc.issuance.book.dcm.query.facade.controller.bondAdd.BondPublishModeListController#doService,cn.nc.issuance.book.dcm.query.facade.controller.bondAdd.BondPublishModeListController,doService,1,1
cn.nc.channel.mix.controller.issuance.QueryGroupUnderwriterController#doService,cn.nc.channel.mix.controller.issuance.QueryGroupUnderwriterController,doService,3,2
cn.nc.issuance.bid.facade.controller.biddingManagement.queryBidding.QueryBiddingDetailController#handle,cn.nc.issuance.bid.facade.controller.biddingManagement.queryBidding.QueryBiddingDetailController,handle,1,1
cn.nc.issuance.dist.facade.controller.external.DCMForExternalTransReceptionBackController#doService,cn.nc.issuance.dist.facade.controller.external.DCMForExternalTransReceptionBackController,doService,2,2
cn.nc.issuance.book.dcm.facade.controller.group.InvestorSaveAssignMainManagerController#doService,cn.nc.issuance.book.dcm.facade.controller.group.InvestorSaveAssignMainManagerController,doService,2,1
cn.nc.issuance.book.dcm.query.facade.controller.BondCodeMagnifierController#handle,cn.nc.issuance.book.dcm.query.facade.controller.BondCodeMagnifierController,handle,1,1
cn.nc.user.auth.facade.controller.AuthUserPermissionMenuGroupListController#doService,cn.nc.user.auth.facade.controller.AuthUserPermissionMenuGroupListController,doService,2,2
cn.nc.operation.base.facade.controller.notice.NoticeGroupApproverQueryController#queryApproveMembers,cn.nc.operation.base.facade.controller.notice.NoticeGroupApproverQueryController,queryApproveMembers,1,1
cn.nc.user.conf.facade.CenterSysBusinessRoleLinkDeleteRoleController#doService,cn.nc.user.conf.facade.CenterSysBusinessRoleLinkDeleteRoleController,doService,3,6
cn.nc.issuance.book.dcm.query.facade.controller.querystatistics.OrganMonitorExportController#doService,cn.nc.issuance.book.dcm.query.facade.controller.querystatistics.OrganMonitorExportController,doService,3,4
cn.nc.pub.msg.facade.controller.parameterGroup.ParameterGroupSubmitController#submitParameterGroup,cn.nc.pub.msg.facade.controller.parameterGroup.ParameterGroupSubmitController,submitParameterGroup,1,1
cn.nc.issuance.book.dcm.query.facade.controller.querystatistics.UnderWritingRatioChangeDetailQueryController#underWritingRatioChangeDetailQuery,cn.nc.issuance.book.dcm.query.facade.controller.querystatistics.UnderWritingRatioChangeDetailQueryController,underWritingRatioChangeDetailQuery,1,1
cn.nc.issuance.book.dcm.facade.controller.pricingplacing.UpdatePrePlacingFlagController#handle,cn.nc.issuance.book.dcm.facade.controller.pricingplacing.UpdatePrePlacingFlagController,handle,1,1
cn.nc.issuance.book.dcm.query.facade.controller.directinvestor.whitelist.nx.AccountWlNXQueryController#doService,cn.nc.issuance.book.dcm.query.facade.controller.directinvestor.whitelist.nx.AccountWlNXQueryController,doService,2,1
cn.nc.channel.msg.facade.controller.NoticeBatchSendController#doService,cn.nc.channel.msg.facade.controller.NoticeBatchSendController,doService,2,1
cn.nc.channel.auth.inner.facade.controller.AuthImageCaptchaController#handle,cn.nc.channel.auth.inner.facade.controller.AuthImageCaptchaController,handle,1,1
cn.nc.issuance.book.dcm.query.facade.controller.querystatistics.ExportBondOfferedController#handle,cn.nc.issuance.book.dcm.query.facade.controller.querystatistics.ExportBondOfferedController,handle,1,1
cn.nc.channel.auth.outer.facade.controller.LogoutController#logout,cn.nc.channel.auth.outer.facade.controller.LogoutController,logout,1,1
cn.nc.issuance.common.facade.controller.BondKindConfigAddController#doService,cn.nc.issuance.common.facade.controller.BondKindConfigAddController,doService,6,19
cn.nc.pub.msg.facade.controller.parameterTemplate.ParameterTemplateCopyController#copy,cn.nc.pub.msg.facade.controller.parameterTemplate.ParameterTemplateCopyController,copy,1,1
cn.nc.issuance.book.dcm.facade.controller.bondAdd.BondGenPurchaseExpController#doService,cn.nc.issuance.book.dcm.facade.controller.bondAdd.BondGenPurchaseExpController,doService,3,25
cn.nc.channel.backend.facade.controller.PageSettingQueryCmptListController#doService,cn.nc.channel.backend.facade.controller.PageSettingQueryCmptListController,doService,3,14
cn.nc.issuance.bid.facade.controller.regfile.RegFileBatchDownloadController#doService,cn.nc.issuance.bid.facade.controller.regfile.RegFileBatchDownloadController,doService,3,17
cn.nc.issuance.book.dcm.facade.controller.group.GroupSubmitConsignperController#doService,cn.nc.issuance.book.dcm.facade.controller.group.GroupSubmitConsignperController,doService,16,64
cn.nc.channel.msg.facade.controller.MessageSendController#doService,cn.nc.channel.msg.facade.controller.MessageSendController,doService,2,1
cn.nc.operation.base.facade.controller.work.WorkingScheduleQueryLoginUserMembersDashboardController#doService,cn.nc.operation.base.facade.controller.work.WorkingScheduleQueryLoginUserMembersDashboardController,doService,3,11
cn.nc.user.instuser.facade.controller.ApproveRefuseInstUserController#instUserApproveRefuse,cn.nc.user.instuser.facade.controller.ApproveRefuseInstUserController,instUserApproveRefuse,1,1
cn.nc.user.instacct.controller.BatchDelInstLargeAcctController#doService,cn.nc.user.instacct.controller.BatchDelInstLargeAcctController,doService,2,3
cn.nc.user.cfaeacct.facade.controller.CenterCfaeAcctAddSubmitController#cfaeAcctAddSubmitCenter,cn.nc.user.cfaeacct.facade.controller.CenterCfaeAcctAddSubmitController,cfaeAcctAddSubmitCenter,1,1
cn.nc.operation.base.facade.controller.notice.NoticeSubmitController#submitNotice,cn.nc.operation.base.facade.controller.notice.NoticeSubmitController,submitNotice,1,1
cn.nc.issuance.book.dcm.query.facade.controller.bond.BondBasicInfoController#handle,cn.nc.issuance.book.dcm.query.facade.controller.bond.BondBasicInfoController,handle,1,1
cn.nc.issuance.book.dcm.query.facade.controller.systemadmin.RegistrationFilesToSHCHQueryController#handle,cn.nc.issuance.book.dcm.query.facade.controller.systemadmin.RegistrationFilesToSHCHQueryController,handle,1,1
cn.nc.user.position.facade.controller.center.CenterPositionHisApprovalInfoController#handle,cn.nc.user.position.facade.controller.center.CenterPositionHisApprovalInfoController,handle,1,1
cn.nc.user.auth.facade.controller.AuthUserPermissionMenuListController#handle,cn.nc.user.auth.facade.controller.AuthUserPermissionMenuListController,handle,1,1
cn.nc.issuance.book.dcm.facade.controller.automaticDisclosure.AutomaticDisclosureMakePublicOrNoController#doService,cn.nc.issuance.book.dcm.facade.controller.automaticDisclosure.AutomaticDisclosureMakePublicOrNoController,doService,2,1
cn.nc.issuance.book.dcm.query.facade.controller.querystatistics.QueryBiddingOrganDetailController#doService,cn.nc.issuance.book.dcm.query.facade.controller.querystatistics.QueryBiddingOrganDetailController,doService,1,1
cn.nc.user.conf.facade.controller.CenterConfDictionaryListController#confDictionaryList,cn.nc.user.conf.facade.controller.CenterConfDictionaryListController,confDictionaryList,1,1
cn.nc.pub.msg.facade.controller.parameterRule.ParameterRuleBatchAgreeController#doService,cn.nc.pub.msg.facade.controller.parameterRule.ParameterRuleBatchAgreeController,doService,2,15
cn.nc.issuance.book.dcm.query.facade.controller.querystatistics.QueryUnderWritingRatioBondController#handle,cn.nc.issuance.book.dcm.query.facade.controller.querystatistics.QueryUnderWritingRatioBondController,handle,1,1
cn.nc.user.cfaeacct.facade.controller.CenterCfaeAcctDetailController#doService,cn.nc.user.cfaeacct.facade.controller.CenterCfaeAcctDetailController,doService,2,2
cn.nc.user.cfaeacct.facade.controller.CenterCfaeAcctModifySaveController#doService,cn.nc.user.cfaeacct.facade.controller.CenterCfaeAcctModifySaveController,doService,2,3
cn.nc.pub.msg.facade.controller.send.SmsListenerStatusController#listenerStatus,cn.nc.pub.msg.facade.controller.send.SmsListenerStatusController,listenerStatus,1,1
cn.nc.issuance.book.dcm.facade.controller.unAnnounced.UnAnnounceBondSaveController#handle,cn.nc.issuance.book.dcm.facade.controller.unAnnounced.UnAnnounceBondSaveController,handle,1,1
cn.nc.user.staff.facade.controller.in.UserFindInfoByTokenController#handle,cn.nc.user.staff.facade.controller.in.UserFindInfoByTokenController,handle,1,1
cn.nc.pub.msg.facade.controller.parameterTemplate.ParameterTemplateEnableController#enable,cn.nc.pub.msg.facade.controller.parameterTemplate.ParameterTemplateEnableController,enable,1,1
cn.nc.user.conf.facade.CenterSysBusinessRoleLinkBatchDeleteRoleController#doService,cn.nc.user.conf.facade.CenterSysBusinessRoleLinkBatchDeleteRoleController,doService,3,6
cn.nc.issuance.book.dcm.facade.controller.purchaseorder.PurchaseOrderRevokedController#handle,cn.nc.issuance.book.dcm.facade.controller.purchaseorder.PurchaseOrderRevokedController,handle,1,1
cn.nc.pub.msg.facade.controller.setting.MsgBizSystemDeleteController#doService,cn.nc.pub.msg.facade.controller.setting.MsgBizSystemDeleteController,doService,3,6
cn.nc.issuance.book.dcm.facade.controller.bookkeepingprocessiinfo.SendPurchaseSendTotalController#handle,cn.nc.issuance.book.dcm.facade.controller.bookkeepingprocessiinfo.SendPurchaseSendTotalController,handle,1,1
cn.nc.issuance.book.dcm.facade.controller.systemadmin.AdvertisingPositionSaveController#handle,cn.nc.issuance.book.dcm.facade.controller.systemadmin.AdvertisingPositionSaveController,handle,1,1
cn.nc.issuance.book.dcm.query.facade.controller.bill.BillBondQueryListController#doService,cn.nc.issuance.book.dcm.query.facade.controller.bill.BillBondQueryListController,doService,5,31
cn.nc.issuance.book.dcm.facade.controller.PrintCenterUploadFileController#uploadFile,cn.nc.issuance.book.dcm.facade.controller.PrintCenterUploadFileController,uploadFile,8,38
cn.nc.user.conf.facade.controller.ClientUserPermissionController#doService,cn.nc.user.conf.facade.controller.ClientUserPermissionController,doService,2,2
cn.nc.pub.msg.facade.controller.parameterRule.ParameterRuleSubmitController#submit,cn.nc.pub.msg.facade.controller.parameterRule.ParameterRuleSubmitController,submit,1,1
cn.nc.user.conf.facade.controller.CenterConfBusinessRoleLinkRelListController#confBusinessRoleLinkRoleList,cn.nc.user.conf.facade.controller.CenterConfBusinessRoleLinkRelListController,confBusinessRoleLinkRoleList,1,1
cn.nc.user.reguser.facade.controller.UserPwdResetController#doService,cn.nc.user.reguser.facade.controller.UserPwdResetController,doService,7,26
cn.nc.user.ukey.facade.controller.QueryUkeyMaintainHisController#doService,cn.nc.user.ukey.facade.controller.QueryUkeyMaintainHisController,doService,5,13
cn.nc.user.staff.facade.controller.MenuOutUserMenuTreeListController#handle,cn.nc.user.staff.facade.controller.MenuOutUserMenuTreeListController,handle,1,1
cn.nc.operation.base.facade.controller.work.WorkingScheduleQueryLoginUserMembersScheduleController#doService,cn.nc.operation.base.facade.controller.work.WorkingScheduleQueryLoginUserMembersScheduleController,doService,2,2
cn.nc.user.ukey.facade.controller.QueryUkeyApplyController#doService,cn.nc.user.ukey.facade.controller.QueryUkeyApplyController,doService,4,7
cn.nc.issuance.book.dcm.query.facade.controller.bondAdd.BondTradeMarketListController#doService,cn.nc.issuance.book.dcm.query.facade.controller.bondAdd.BondTradeMarketListController,doService,1,1
cn.nc.user.staff.facade.controller.MenuEmergencyRouteListController#handle,cn.nc.user.staff.facade.controller.MenuEmergencyRouteListController,handle,1,1
cn.nc.issuance.book.dcm.query.facade.controller.querystatistics.BookBuildResultExportController#doService,cn.nc.issuance.book.dcm.query.facade.controller.querystatistics.BookBuildResultExportController,doService,2,1
cn.nc.channel.search.facade.controller.GuestFinancialSearchController#search,cn.nc.channel.search.facade.controller.GuestFinancialSearchController,search,1,1
cn.nc.user.sync.facade.controller.SyncRegisterUserController#doService,cn.nc.user.sync.facade.controller.SyncRegisterUserController,doService,2,2
cn.nc.issuance.dist.facade.controller.DistHisAgreDetailQueryController#handle,cn.nc.issuance.dist.facade.controller.DistHisAgreDetailQueryController,handle,1,1
cn.nc.operation.base.facade.controller.task.TaskQueryAssignedController#doService,cn.nc.operation.base.facade.controller.task.TaskQueryAssignedController,doService,4,9
cn.nc.issuance.book.dcm.facade.controller.group.InstitutionInfoQueryController#handle,cn.nc.issuance.book.dcm.facade.controller.group.InstitutionInfoQueryController,handle,1,1
cn.nc.user.ukey.facade.controller.UkeyBindHisCenterApprovalPassController#doService,cn.nc.user.ukey.facade.controller.UkeyBindHisCenterApprovalPassController,doService,2,3
cn.nc.issuance.book.dcm.facade.controller.unAnnounced.UnAnnounceBondModifyController#doService,cn.nc.issuance.book.dcm.facade.controller.unAnnounced.UnAnnounceBondModifyController,doService,2,1
cn.nc.issuance.book.dcm.facade.controller.job.threepartyunannouncedbond.IsemUnPublishBondUpdateController#doService,cn.nc.issuance.book.dcm.facade.controller.job.threepartyunannouncedbond.IsemUnPublishBondUpdateController,doService,2,2
cn.nc.channel.backend.facade.controller.LoggedCrmwSearchController#doService,cn.nc.channel.backend.facade.controller.LoggedCrmwSearchController,doService,2,2
cn.nc.channel.auth.outer.facade.controller.AppQrLoginSseController#connect,cn.nc.channel.auth.outer.facade.controller.AppQrLoginSseController,connect,1,1
cn.nc.issuance.book.dcm.query.facade.controller.querystatistics.QueryPublishedBondInfoController#doService,cn.nc.issuance.book.dcm.query.facade.controller.querystatistics.QueryPublishedBondInfoController,doService,1,1
cn.nc.issuance.book.dcm.facade.controller.bondadjustorder.BondAdjustOrderauditAgencyTailRateController#handle,cn.nc.issuance.book.dcm.facade.controller.bondadjustorder.BondAdjustOrderauditAgencyTailRateController,handle,1,1
cn.nc.issuance.book.dcm.facade.controller.enquirymanage.SendEnquiryManageController#doService,cn.nc.issuance.book.dcm.facade.controller.enquirymanage.SendEnquiryManageController,doService,15,102
cn.nc.issuance.book.dcm.facade.controller.pricingplacing.HolderAccountQueryController#doService,cn.nc.issuance.book.dcm.facade.controller.pricingplacing.HolderAccountQueryController,doService,6,11
cn.nc.user.ukey.facade.controller.UkeyMaintainHisClientAddSaveController#doService,cn.nc.user.ukey.facade.controller.UkeyMaintainHisClientAddSaveController,doService,5,23
cn.nc.pub.msg.facade.controller.outside.PubParameterTemplateListQueryController#doService,cn.nc.pub.msg.facade.controller.outside.PubParameterTemplateListQueryController,doService,1,1
cn.nc.user.staff.facade.controller.PermissionListController#doService,cn.nc.user.staff.facade.controller.PermissionListController,doService,8,14
cn.nc.user.reguser.facade.controller.ExportRegUserListController#setRespone,cn.nc.user.reguser.facade.controller.ExportRegUserListController,setRespone,1,0
cn.nc.issuance.bid.facade.controller.shchTenderMgmt.GenBondPriceInfoController#doService,cn.nc.issuance.bid.facade.controller.shchTenderMgmt.GenBondPriceInfoController,doService,2,21
cn.nc.issuance.book.dcm.facade.controller.pricingplacing.CheckPlacingAllExclusiveSalesController#handle,cn.nc.issuance.book.dcm.facade.controller.pricingplacing.CheckPlacingAllExclusiveSalesController,handle,1,1
cn.nc.issuance.book.dcm.query.facade.controller.systemadmin.SendNoticeToXPExportController#handle,cn.nc.issuance.book.dcm.query.facade.controller.systemadmin.SendNoticeToXPExportController,handle,1,1
cn.nc.user.ukey.facade.controller.UkeyApplyHisCenterApprovalCancelController#ukeyApplyHisApprovalCancel,cn.nc.user.ukey.facade.controller.UkeyApplyHisCenterApprovalCancelController,ukeyApplyHisApprovalCancel,1,1
cn.nc.user.conf.facade.controller.CenterConfBusinessRoleLinkListController#doService,cn.nc.user.conf.facade.controller.CenterConfBusinessRoleLinkListController,doService,3,2
cn.nc.issuance.book.dcm.query.facade.controller.bondAdd.BondQueryGroupController#handle,cn.nc.issuance.book.dcm.query.facade.controller.bondAdd.BondQueryGroupController,handle,1,1
cn.nc.issuance.book.dcm.facade.controller.bondauthorize.BondAuthorizeAuditController#doService,cn.nc.issuance.book.dcm.facade.controller.bondauthorize.BondAuthorizeAuditController,doService,17,170
cn.nc.pub.msg.facade.controller.parameterTemplate.ParameterTemplateAddController#add,cn.nc.pub.msg.facade.controller.parameterTemplate.ParameterTemplateAddController,add,1,1
cn.nc.operation.base.facade.controller.task.TaskQueryCompletedHisController#queryCompletedHis,cn.nc.operation.base.facade.controller.task.TaskQueryCompletedHisController,queryCompletedHis,1,1
cn.nc.user.org.external.facade.controller.InstThirdUserRelController#doService,cn.nc.user.org.external.facade.controller.InstThirdUserRelController,doService,1,1
cn.nc.user.seal.facade.controller.SealHisClientDeleteController#doService,cn.nc.user.seal.facade.controller.SealHisClientDeleteController,doService,5,12
cn.nc.issuance.common.facade.controller.SysDictionarySelectController#handle,cn.nc.issuance.common.facade.controller.SysDictionarySelectController,handle,1,1
cn.nc.issuance.book.dcm.query.facade.controller.PricingPlacingCreateReachedBookController#handle,cn.nc.issuance.book.dcm.query.facade.controller.PricingPlacingCreateReachedBookController,handle,1,1
cn.nc.operation.base.facade.controller.notice.NoticeStickTopController#stickTopNotice,cn.nc.operation.base.facade.controller.notice.NoticeStickTopController,stickTopNotice,1,1
cn.nc.issuance.book.dcm.query.facade.controller.purchaseOffer.PurchaseOfferViewController#doService,cn.nc.issuance.book.dcm.query.facade.controller.purchaseOffer.PurchaseOfferViewController,doService,5,66
cn.nc.user.position.facade.controller.client.ClientPositionHisOwnerListController#handle,cn.nc.user.position.facade.controller.client.ClientPositionHisOwnerListController,handle,1,1
cn.nc.issuance.book.dcm.facade.controller.automaticDisclosure.AutomaticDisclosureController#doService,cn.nc.issuance.book.dcm.facade.controller.automaticDisclosure.AutomaticDisclosureController,doService,2,1
cn.nc.issuance.book.dcm.query.facade.controller.AutomaticDisclosurePreViewController#handle,cn.nc.issuance.book.dcm.query.facade.controller.AutomaticDisclosurePreViewController,handle,1,1
cn.nc.user.external.facade.controller.UserAuthController#doService,cn.nc.user.external.facade.controller.UserAuthController,doService,4,7
cn.nc.operation.base.facade.controller.work.WorkGroupQueryController#doService,cn.nc.operation.base.facade.controller.work.WorkGroupQueryController,doService,4,8
cn.nc.issuance.book.dcm.query.facade.controller.purchaseorder.PurchaseOrderExportController#doService,cn.nc.issuance.book.dcm.query.facade.controller.purchaseorder.PurchaseOrderExportController,doService,2,1
cn.nc.issuance.book.dcm.query.facade.controller.groupSet.GroupLoadConsignperController#handle,cn.nc.issuance.book.dcm.query.facade.controller.groupSet.GroupLoadConsignperController,handle,1,1
cn.nc.user.template.facade.controller.CenterApproveTemplateListController#doService,cn.nc.user.template.facade.controller.CenterApproveTemplateListController,doService,3,2
cn.nc.channel.mix.controller.channel.statistic.QueryInstitutionCrmwUnderwritingStatsController#doService,cn.nc.channel.mix.controller.channel.statistic.QueryInstitutionCrmwUnderwritingStatsController,doService,3,25
cn.nc.user.comfile.facade.controller.QueryComFileListController#queryComFileList,cn.nc.user.comfile.facade.controller.QueryComFileListController,queryComFileList,1,1
cn.nc.issuance.book.dcm.query.facade.controller.querystatistics.QueryBondStaticsController#doService,cn.nc.issuance.book.dcm.query.facade.controller.querystatistics.QueryBondStaticsController,doService,1,1
cn.nc.user.inst.facade.controller.SearchCompanyNameController#searchCompanyName,cn.nc.user.inst.facade.controller.SearchCompanyNameController,searchCompanyName,1,1
cn.nc.issuance.book.dcm.facade.controller.issueamountadjust.IssueAmountAdjustReSendController#handle,cn.nc.issuance.book.dcm.facade.controller.issueamountadjust.IssueAmountAdjustReSendController,handle,1,1
cn.nc.operation.base.facade.controller.notice.NoticeTypeDeleteController#remove,cn.nc.operation.base.facade.controller.notice.NoticeTypeDeleteController,remove,1,1
cn.nc.issuance.book.dcm.query.facade.controller.homeStart.GroupBondPayFilesDownLoadController#doService,cn.nc.issuance.book.dcm.query.facade.controller.homeStart.GroupBondPayFilesDownLoadController,doService,1,1
cn.nc.user.inst.facade.controller.GetCompareInstInfoHisController#doService,cn.nc.user.inst.facade.controller.GetCompareInstInfoHisController,doService,7,26
cn.nc.issuance.book.dcm.facade.controller.modifyinterimbondinfo.ModifyInterimBondSubmitModifyApplyController#doService,cn.nc.issuance.book.dcm.facade.controller.modifyinterimbondinfo.ModifyInterimBondSubmitModifyApplyController,doService,18,181
cn.nc.channel.mix.controller.issuance.QueryGroupBondController#doService,cn.nc.channel.mix.controller.issuance.QueryGroupBondController,doService,3,2
cn.nc.issuance.book.dcm.facade.controller.bondadjustorder.BjBondAdjustNoticeReGenSendController#handle,cn.nc.issuance.book.dcm.facade.controller.bondadjustorder.BjBondAdjustNoticeReGenSendController,handle,1,1
cn.nc.issuance.book.dcm.query.facade.controller.homeStart.OfficialBondInfoExportController#handle,cn.nc.issuance.book.dcm.query.facade.controller.homeStart.OfficialBondInfoExportController,handle,1,1
cn.nc.issuance.common.facade.controller.PublisherSubscribeWhiteModifyController#handle,cn.nc.issuance.common.facade.controller.PublisherSubscribeWhiteModifyController,handle,1,1
cn.nc.issuance.book.dcm.query.facade.controller.querystatistics.AllocationStatisticsQueryController#doService,cn.nc.issuance.book.dcm.query.facade.controller.querystatistics.AllocationStatisticsQueryController,doService,2,1
cn.nc.channel.backend.facade.controller.ConcernCrmwController#concernCrmw,cn.nc.channel.backend.facade.controller.ConcernCrmwController,concernCrmw,1,1
cn.nc.issuance.book.dcm.facade.controller.homestart.AddOptionalBondController#doService,cn.nc.issuance.book.dcm.facade.controller.homestart.AddOptionalBondController,doService,3,7
cn.nc.channel.msg.facade.controller.DisclosureQueryController#doService,cn.nc.channel.msg.facade.controller.DisclosureQueryController,doService,4,12
cn.nc.issuance.book.dcm.query.facade.controller.pricingplacing.PricingPlacingQueryDetailListController#handle,cn.nc.issuance.book.dcm.query.facade.controller.pricingplacing.PricingPlacingQueryDetailListController,handle,1,1
cn.nc.user.clientinstuseroperator.controller.OuterInstUserListController#getInstUserByCodes,cn.nc.user.clientinstuseroperator.controller.OuterInstUserListController,getInstUserByCodes,1,1
cn.nc.issuance.book.dcm.query.facade.controller.inquiry.QueryInquiryController#doService,cn.nc.issuance.book.dcm.query.facade.controller.inquiry.QueryInquiryController,doService,2,1
cn.nc.issuance.book.dcm.query.facade.controller.dcmbondadmin.BondPublishQueryController#handle,cn.nc.issuance.book.dcm.query.facade.controller.dcmbondadmin.BondPublishQueryController,handle,1,1
cn.nc.pub.msg.facade.controller.setting.MsgSceneConfigQueryController#queryPage,cn.nc.pub.msg.facade.controller.setting.MsgSceneConfigQueryController,queryPage,1,1
cn.nc.user.staff.facade.controller.MenuUserApiListController#handle,cn.nc.user.staff.facade.controller.MenuUserApiListController,handle,1,1
cn.nc.operation.base.facade.controller.work.WorkGroupGetByIdController#getById,cn.nc.operation.base.facade.controller.work.WorkGroupGetByIdController,getById,1,1
cn.nc.issuance.book.dcm.facade.controller.purchaseorder.PurOrderMakeupModifyController#doService,cn.nc.issuance.book.dcm.facade.controller.purchaseorder.PurOrderMakeupModifyController,doService,13,126
cn.nc.issuance.book.dcm.facade.controller.external.DCMForExternalGroupReplyController#doService,cn.nc.issuance.book.dcm.facade.controller.external.DCMForExternalGroupReplyController,doService,2,2
cn.nc.channel.auth.inner.facade.controller.AuthAccessTokenController#handle,cn.nc.channel.auth.inner.facade.controller.AuthAccessTokenController,handle,1,1
cn.nc.issuance.book.dcm.query.facade.controller.groupSet.GroupCompleteGroupInvitationQueryController#handle,cn.nc.issuance.book.dcm.query.facade.controller.groupSet.GroupCompleteGroupInvitationQueryController,handle,1,1
cn.nc.issuance.book.dcm.query.facade.controller.InvestorExportFileController#handle,cn.nc.issuance.book.dcm.query.facade.controller.InvestorExportFileController,handle,1,1
cn.nc.pub.msg.facade.controller.parameterGroup.ParameterGroupSubmitController#doService,cn.nc.pub.msg.facade.controller.parameterGroup.ParameterGroupSubmitController,doService,10,13
cn.nc.user.external.facade.controller.InstBatchRoleController#doService,cn.nc.user.external.facade.controller.InstBatchRoleController,doService,6,10
cn.nc.user.external.facade.controller.QueryCapitalAccountController#getAccountList,cn.nc.user.external.facade.controller.QueryCapitalAccountController,getAccountList,1,1
cn.nc.user.reguser.facade.controller.AddUserInfoHisController#addUserInfoHis,cn.nc.user.reguser.facade.controller.AddUserInfoHisController,addUserInfoHis,1,1
cn.nc.user.cfaeacct.facade.controller.CenterCfaeAcctApproveReturnController#doService,cn.nc.user.cfaeacct.facade.controller.CenterCfaeAcctApproveReturnController,doService,2,3
cn.nc.pub.wkcl.facade.controller.trade.TradeCalQueryController#doService,cn.nc.pub.wkcl.facade.controller.trade.TradeCalQueryController,doService,3,5
cn.nc.user.position.facade.controller.client.ClientPositionListController#handle,cn.nc.user.position.facade.controller.client.ClientPositionListController,handle,1,1
cn.nc.pub.msg.facade.controller.productInstance.ProductInstanceDetailController#doService,cn.nc.pub.msg.facade.controller.productInstance.ProductInstanceDetailController,doService,2,29
cn.nc.starter.file.controller.FileStoragePresignedController#downLoadProgress,cn.nc.starter.file.controller.FileStoragePresignedController,downLoadProgress,1,4
cn.nc.issuance.common.facade.controller.RegtrationFilesToSHCHDetailController#doService,cn.nc.issuance.common.facade.controller.RegtrationFilesToSHCHDetailController,doService,3,2
cn.nc.user.inst.facade.controller.InstInfoHisCenterBatchApprovalPassController#instMaintainHisBatchApprovalPass,cn.nc.user.inst.facade.controller.InstInfoHisCenterBatchApprovalPassController,instMaintainHisBatchApprovalPass,1,1
cn.nc.issuance.book.dcm.facade.controller.bill.BillModifyController#doService,cn.nc.issuance.book.dcm.facade.controller.bill.BillModifyController,doService,6,8
cn.nc.issuance.bid.facade.controller.biddingManagement.bidSuppAdmi.CheckAdditionController#doService,cn.nc.issuance.bid.facade.controller.biddingManagement.bidSuppAdmi.CheckAdditionController,doService,9,38
cn.nc.user.inst.facade.controller.QueryInstInfoHisMaintianListController#doService,cn.nc.user.inst.facade.controller.QueryInstInfoHisMaintianListController,doService,4,24
cn.nc.issuance.book.dcm.query.facade.controller.systemadmin.DataSubmittedBatchDoenLoadController#doService,cn.nc.issuance.book.dcm.query.facade.controller.systemadmin.DataSubmittedBatchDoenLoadController,doService,2,10
cn.nc.issuance.book.dcm.query.facade.controller.bondAdd.BondTradeMarketListController#handle,cn.nc.issuance.book.dcm.query.facade.controller.bondAdd.BondTradeMarketListController,handle,1,1
cn.nc.issuance.book.dcm.query.facade.controller.bondAdd.BondSecuritWayListController#handle,cn.nc.issuance.book.dcm.query.facade.controller.bondAdd.BondSecuritWayListController,handle,1,1
cn.nc.user.conf.facade.CenterSysBusinessRoleLinkDeleteController#doService,cn.nc.user.conf.facade.CenterSysBusinessRoleLinkDeleteController,doService,5,9
cn.nc.issuance.book.dcm.query.facade.controller.unannounced.CreditReportDownLoadController#handle,cn.nc.issuance.book.dcm.query.facade.controller.unannounced.CreditReportDownLoadController,handle,1,1
cn.nc.pub.msg.facade.controller.setting.MsgSendOperatorCheckController#doService,cn.nc.pub.msg.facade.controller.setting.MsgSendOperatorCheckController,doService,3,8
cn.nc.user.reguser.facade.controller.QueryUserInfoByMobileNumberController#doService,cn.nc.user.reguser.facade.controller.QueryUserInfoByMobileNumberController,doService,4,10
cn.nc.user.seal.facade.controller.SealHisClientApprovalCancelController#sealHisApprovalCancel,cn.nc.user.seal.facade.controller.SealHisClientApprovalCancelController,sealHisApprovalCancel,1,1
cn.nc.pub.msg.facade.controller.product.ProductListQueryController#getProducts,cn.nc.pub.msg.facade.controller.product.ProductListQueryController,getProducts,1,1
cn.nc.user.inst.facade.controller.SearchCompanyNameController#doService,cn.nc.user.inst.facade.controller.SearchCompanyNameController,doService,2,19
cn.nc.channel.auth.outer.facade.controller.InstUserQueryController#queryInstUserByCondition,cn.nc.channel.auth.outer.facade.controller.InstUserQueryController,queryInstUserByCondition,1,1
cn.nc.issuance.dist.facade.controller.DistributionRepealConfirmController#doService,cn.nc.issuance.dist.facade.controller.DistributionRepealConfirmController,doService,34,309
cn.nc.operation.base.facade.controller.work.WorkingScheduleDictDeleteController#doService,cn.nc.operation.base.facade.controller.work.WorkingScheduleDictDeleteController,doService,2,1
cn.nc.channel.backend.facade.controller.InstitutionHistoricalCrmwController#doService,cn.nc.channel.backend.facade.controller.InstitutionHistoricalCrmwController,doService,3,6
cn.nc.issuance.book.dcm.query.facade.controller.systemadmin.VerFormsToSendSHCHQueryController#doService,cn.nc.issuance.book.dcm.query.facade.controller.systemadmin.VerFormsToSendSHCHQueryController,doService,3,2
cn.nc.issuance.book.dcm.query.facade.controller.homeStart.GroupBondQueryController#handle,cn.nc.issuance.book.dcm.query.facade.controller.homeStart.GroupBondQueryController,handle,1,1
cn.nc.issuance.book.dcm.query.facade.controller.systemadmin.BookLocalAppointmentQueryController#doService,cn.nc.issuance.book.dcm.query.facade.controller.systemadmin.BookLocalAppointmentQueryController,doService,4,8
cn.nc.issuance.book.dcm.query.facade.controller.unannounced.UnAnnounceBondQueryController#handle,cn.nc.issuance.book.dcm.query.facade.controller.unannounced.UnAnnounceBondQueryController,handle,1,1
cn.nc.issuance.dist.facade.controller.DistributionModifyController#handle,cn.nc.issuance.dist.facade.controller.DistributionModifyController,handle,1,1
cn.nc.issuance.book.dcm.facade.controller.uploadfile.XFileExtController#batchDeleteByUrls,cn.nc.issuance.book.dcm.facade.controller.uploadfile.XFileExtController,batchDeleteByUrls,1,7
cn.nc.user.position.facade.controller.client.ClientPositionPermissionHisListController#doService,cn.nc.user.position.facade.controller.client.ClientPositionPermissionHisListController,doService,4,7
cn.nc.issuance.common.facade.controller.BondKindConfigEnableController#doService,cn.nc.issuance.common.facade.controller.BondKindConfigEnableController,doService,6,14
cn.nc.user.instuser.facade.controller.ApprovePassInstUserController#instUserApprovePass,cn.nc.user.instuser.facade.controller.ApprovePassInstUserController,instUserApprovePass,1,1
cn.nc.issuance.book.dcm.query.facade.controller.systemadmin.BondConfigManageQueryController#doService,cn.nc.issuance.book.dcm.query.facade.controller.systemadmin.BondConfigManageQueryController,doService,3,2
cn.nc.user.external.facade.controller.QueryLargeAccountController#doService,cn.nc.user.external.facade.controller.QueryLargeAccountController,doService,1,1
cn.nc.channel.backend.facade.controller.ComponentRelEntranceController#doService,cn.nc.channel.backend.facade.controller.ComponentRelEntranceController,doService,3,2
cn.nc.user.ukey.facade.controller.UkeyExpressCenterModifySaveController#doService,cn.nc.user.ukey.facade.controller.UkeyExpressCenterModifySaveController,doService,9,40
cn.nc.user.external.facade.controller.UserinfoController#doService,cn.nc.user.external.facade.controller.UserinfoController,doService,1,1
cn.nc.issuance.common.facade.controller.ErrorInfoEnableController#doService,cn.nc.issuance.common.facade.controller.ErrorInfoEnableController,doService,6,13
cn.nc.pub.msg.facade.controller.parameterRule.ParameterRuleQueryController#doService,cn.nc.pub.msg.facade.controller.parameterRule.ParameterRuleQueryController,doService,7,19
cn.nc.issuance.book.dcm.query.facade.controller.systemadmin.RegtrationFilesToSHCHDetailController#doService,cn.nc.issuance.book.dcm.query.facade.controller.systemadmin.RegtrationFilesToSHCHDetailController,doService,1,1
cn.nc.issuance.book.dcm.query.facade.controller.hisinfoquery.TemplateHisQueryController#templateHisQuery,cn.nc.issuance.book.dcm.query.facade.controller.hisinfoquery.TemplateHisQueryController,templateHisQuery,1,1
cn.nc.user.label.facade.controller.LabelMenuListController#handle,cn.nc.user.label.facade.controller.LabelMenuListController,handle,1,1
cn.nc.issuance.book.dcm.facade.controller.group.GroupAssignMainClickController#doService,cn.nc.issuance.book.dcm.facade.controller.group.GroupAssignMainClickController,doService,3,2
cn.nc.user.reguser.facade.controller.LoginPasswordCheckController#loginPasswordCheck,cn.nc.user.reguser.facade.controller.LoginPasswordCheckController,loginPasswordCheck,1,1
cn.nc.user.ind.facade.controller.InitUserController#initUserCheck,cn.nc.user.ind.facade.controller.InitUserController,initUserCheck,33,147
cn.nc.user.ukey.facade.controller.GetUkeyBindHisDetailsController#doService,cn.nc.user.ukey.facade.controller.GetUkeyBindHisDetailsController,doService,2,10
cn.nc.issuance.bid.facade.controller.core.QueryServerTimeController#doService,cn.nc.issuance.bid.facade.controller.core.QueryServerTimeController,doService,3,2
cn.nc.user.ukey.facade.controller.UkeyMaintainHisClientBatchApprovalPassController#doService,cn.nc.user.ukey.facade.controller.UkeyMaintainHisClientBatchApprovalPassController,doService,7,40
cn.nc.issuance.book.dcm.query.facade.controller.bill.FileListController#handle,cn.nc.issuance.book.dcm.query.facade.controller.bill.FileListController,handle,1,1
cn.nc.user.centerorgquery.controller.CenterOrgHisListController#centerOrgUserHisSelectList,cn.nc.user.centerorgquery.controller.CenterOrgHisListController,centerOrgUserHisSelectList,1,1
cn.nc.starter.file.controller.FileStorageController#downloadByUrlsWithBucket,cn.nc.starter.file.controller.FileStorageController,downloadByUrlsWithBucket,1,4
cn.nc.user.reguser.facade.controller.SendCheckcodeController#doService,cn.nc.user.reguser.facade.controller.SendCheckcodeController,doService,28,106
cn.nc.issuance.common.facade.controller.SysDictionarySubAddController#handle,cn.nc.issuance.common.facade.controller.SysDictionarySubAddController,handle,1,1
cn.nc.issuance.book.dcm.facade.controller.purchaseOffer.PurchaseOfferCancelController#handle,cn.nc.issuance.book.dcm.facade.controller.purchaseOffer.PurchaseOfferCancelController,handle,1,1
cn.nc.user.conf.facade.controller.CenterConfBusinessRoleByIdController#confBusinessRoleById,cn.nc.user.conf.facade.controller.CenterConfBusinessRoleByIdController,confBusinessRoleById,1,1
cn.nc.channel.mix.controller.issuance.QueryInGroupBondDetailController#queryInGroupBondDetail,cn.nc.channel.mix.controller.issuance.QueryInGroupBondDetailController,queryInGroupBondDetail,1,1
cn.nc.user.staff.facade.controller.in.PositionUserPositionListController#doService,cn.nc.user.staff.facade.controller.in.PositionUserPositionListController,doService,6,11
cn.nc.issuance.book.dcm.query.facade.controller.homeStart.ExerciseRemindersRecordController#handle,cn.nc.issuance.book.dcm.query.facade.controller.homeStart.ExerciseRemindersRecordController,handle,1,1
cn.nc.issuance.book.dcm.query.facade.controller.dcmbondadmin.BondSubjectQueryDetailController#handle,cn.nc.issuance.book.dcm.query.facade.controller.dcmbondadmin.BondSubjectQueryDetailController,handle,1,1
cn.nc.issuance.book.dcm.query.facade.controller.purchaseorder.InvestorRoleOrgController#handle,cn.nc.issuance.book.dcm.query.facade.controller.purchaseorder.InvestorRoleOrgController,handle,1,1
cn.nc.user.index.facade.controller.GetStatisticsUkeyController#doService,cn.nc.user.index.facade.controller.GetStatisticsUkeyController,doService,3,2
cn.nc.user.inst.facade.controller.InstInfoHisAddSaveController#doService,cn.nc.user.inst.facade.controller.InstInfoHisAddSaveController,doService,4,35
cn.nc.issuance.book.dcm.query.facade.controller.directinvestor.whitelist.nx.AccountWlToBondQueryController#accountWhiteListToBondQuery,cn.nc.issuance.book.dcm.query.facade.controller.directinvestor.whitelist.nx.AccountWlToBondQueryController,accountWhiteListToBondQuery,1,1
cn.nc.channel.backend.facade.controller.PageLayoutConfigDelController#doService,cn.nc.channel.backend.facade.controller.PageLayoutConfigDelController,doService,5,8
cn.nc.user.archive.facade.controller.QueryArchivedListController#queryArchivedList,cn.nc.user.archive.facade.controller.QueryArchivedListController,queryArchivedList,1,1
cn.nc.issuance.book.dcm.facade.controller.purchaseManage.PurchaseOffManModifyController#doService,cn.nc.issuance.book.dcm.facade.controller.purchaseManage.PurchaseOffManModifyController,doService,5,8
cn.nc.channel.backend.facade.controller.ConcernBondController#doService,cn.nc.channel.backend.facade.controller.ConcernBondController,doService,4,13
cn.nc.issuance.book.dcm.facade.controller.job.threepartyunannouncedbond.IsemUnPublishBondRepeateController#doService,cn.nc.issuance.book.dcm.facade.controller.job.threepartyunannouncedbond.IsemUnPublishBondRepeateController,doService,2,2
cn.nc.issuance.bid.facade.controller.core.GetProductRuleController#getProductRule,cn.nc.issuance.bid.facade.controller.core.GetProductRuleController,getProductRule,1,1
cn.nc.pub.msg.facade.controller.productParameter.ProductParameterBatchDownloadHistoryController#doService,cn.nc.pub.msg.facade.controller.productParameter.ProductParameterBatchDownloadHistoryController,doService,3,11
cn.nc.channel.auth.outer.facade.controller.MobileBindController#doService,cn.nc.channel.auth.outer.facade.controller.MobileBindController,doService,7,49
cn.nc.issuance.bid.facade.controller.biddingresultMgmt.QueryBiddingResultDetailController#doService,cn.nc.issuance.bid.facade.controller.biddingresultMgmt.QueryBiddingResultDetailController,doService,4,19
cn.nc.issuance.book.dcm.facade.controller.pricingplacing.PricingPlacingPreviewRegFileController#handle,cn.nc.issuance.book.dcm.facade.controller.pricingplacing.PricingPlacingPreviewRegFileController,handle,1,1
cn.nc.user.cfaeacct.facade.controller.ClientCfaeAcctDeleteController#doService,cn.nc.user.cfaeacct.facade.controller.ClientCfaeAcctDeleteController,doService,2,3
cn.nc.user.openacctquery.controller.InstOperOpenAcctQueryController#doService,cn.nc.user.openacctquery.controller.InstOperOpenAcctQueryController,doService,3,2
cn.nc.issuance.book.dcm.query.facade.controller.reservationmanage.ReservationManagePrintController#doService,cn.nc.issuance.book.dcm.query.facade.controller.reservationmanage.ReservationManagePrintController,doService,1,1
cn.nc.issuance.book.dcm.facade.controller.homestart.ExerciseRemindersModifySubscribeController#handle,cn.nc.issuance.book.dcm.facade.controller.homestart.ExerciseRemindersModifySubscribeController,handle,1,1
cn.nc.user.archive.facade.controller.FileArchiveDeleteController#doService,cn.nc.user.archive.facade.controller.FileArchiveDeleteController,doService,4,12
cn.nc.issuance.common.facade.controller.RoleMenuRelationPortListController#doService,cn.nc.issuance.common.facade.controller.RoleMenuRelationPortListController,doService,5,43
cn.nc.channel.auth.outer.facade.controller.AppSmsVerificationCodeController#doService,cn.nc.channel.auth.outer.facade.controller.AppSmsVerificationCodeController,doService,10,129
cn.nc.user.query.facade.controller.ExportThirdRelDetailsSearchResultListController#exportUserInfoList,cn.nc.user.query.facade.controller.ExportThirdRelDetailsSearchResultListController,exportUserInfoList,4,15
cn.nc.issuance.book.dcm.query.facade.controller.directinvestor.whitelist.nx.BondInfoQueryController#doService,cn.nc.issuance.book.dcm.query.facade.controller.directinvestor.whitelist.nx.BondInfoQueryController,doService,2,1
cn.nc.user.conf.facade.controller.CenterConfBusinessRoleFieldListController#confBusinessRoleFieldList,cn.nc.user.conf.facade.controller.CenterConfBusinessRoleFieldListController,confBusinessRoleFieldList,1,1
cn.nc.channel.backend.facade.controller.InstitutionBondPurchaseController#institutionBondPurchase,cn.nc.channel.backend.facade.controller.InstitutionBondPurchaseController,institutionBondPurchase,1,1
cn.nc.issuance.common.facade.controller.ErrorInfoListController#handle,cn.nc.issuance.common.facade.controller.ErrorInfoListController,handle,1,1
cn.nc.issuance.common.facade.controller.ErrorInfoAuditListController#handle,cn.nc.issuance.common.facade.controller.ErrorInfoAuditListController,handle,1,1
cn.nc.issuance.dist.facade.controller.DistCheckTrustAccountController#handle,cn.nc.issuance.dist.facade.controller.DistCheckTrustAccountController,handle,1,1
cn.nc.issuance.bid.facade.controller.biddingManagement.bidSuppAdmiAdd.DownLoadLeftAdditionAddController#handle,cn.nc.issuance.bid.facade.controller.biddingManagement.bidSuppAdmiAdd.DownLoadLeftAdditionAddController,handle,1,1
cn.nc.user.cfaeacct.facade.controller.ClientCfaeAcctDepositQueryListController#clientCfaeAcctDepositQueryList,cn.nc.user.cfaeacct.facade.controller.ClientCfaeAcctDepositQueryListController,clientCfaeAcctDepositQueryList,1,1
cn.nc.channel.auth.outer.facade.controller.GenerateSliderKaptchaController#doService,cn.nc.channel.auth.outer.facade.controller.GenerateSliderKaptchaController,doService,2,2
cn.nc.user.summary.facede.comtroller.AreaInfoController#getAreaList,cn.nc.user.summary.facede.comtroller.AreaInfoController,getAreaList,1,1
cn.nc.issuance.dist.facade.controller.QueryFinanceStatementController#doService,cn.nc.issuance.dist.facade.controller.QueryFinanceStatementController,doService,4,8
cn.nc.user.reguser.facade.controller.UnbindInstUserController#unbindInstUserByCheckcode,cn.nc.user.reguser.facade.controller.UnbindInstUserController,unbindInstUserByCheckcode,1,1
cn.nc.issuance.book.dcm.query.facade.controller.querystatistics.AllocationStatisticsQueryController#allocationStatisticsQuery,cn.nc.issuance.book.dcm.query.facade.controller.querystatistics.AllocationStatisticsQueryController,allocationStatisticsQuery,1,1
cn.nc.issuance.bid.facade.controller.core.BondFullInfoController#doService,cn.nc.issuance.bid.facade.controller.core.BondFullInfoController,doService,26,11
cn.nc.issuance.bid.facade.controller.shchTenderMgmt.QueryTiBondEffectStatusAndNodeController#doService,cn.nc.issuance.bid.facade.controller.shchTenderMgmt.QueryTiBondEffectStatusAndNodeController,doService,3,3
cn.nc.user.reguser.facade.controller.EditUserInfoHisController#editUserInfoHis,cn.nc.user.reguser.facade.controller.EditUserInfoHisController,editUserInfoHis,1,1
cn.nc.issuance.bid.facade.controller.biddingManagement.bidInfoMgmt.ExportBidDetailController#doService,cn.nc.issuance.bid.facade.controller.biddingManagement.bidInfoMgmt.ExportBidDetailController,doService,10,35
cn.nc.issuance.book.dcm.facade.controller.issueamountadjust.IssueAmountAdjustAuditController#doService,cn.nc.issuance.book.dcm.facade.controller.issueamountadjust.IssueAmountAdjustAuditController,doService,2,1
cn.nc.issuance.book.dcm.facade.controller.pricingplacing.PricingQueryPurchaseDetailController#handle,cn.nc.issuance.book.dcm.facade.controller.pricingplacing.PricingQueryPurchaseDetailController,handle,1,1
cn.nc.issuance.common.facade.controller.BillingInformationModifyController#doService,cn.nc.issuance.common.facade.controller.BillingInformationModifyController,doService,5,17
cn.nc.issuance.book.dcm.query.facade.controller.querystatistics.UnderWriterStaticsByBondController#doService,cn.nc.issuance.book.dcm.query.facade.controller.querystatistics.UnderWriterStaticsByBondController,doService,3,7
cn.nc.channel.backend.facade.controller.PageLayoutConfigDelController#pageLayoutConfigDelById,cn.nc.channel.backend.facade.controller.PageLayoutConfigDelController,pageLayoutConfigDelById,1,1
cn.nc.issuance.book.dcm.query.facade.controller.bond.BondElementInfoController#handle,cn.nc.issuance.book.dcm.query.facade.controller.bond.BondElementInfoController,handle,1,1
cn.nc.issuance.common.facade.controller.RoleMenuRelationAddController#handle,cn.nc.issuance.common.facade.controller.RoleMenuRelationAddController,handle,1,1
cn.nc.user.ukey.facade.controller.UkeyApplyHisCenterApprovalRefuseController#doService,cn.nc.user.ukey.facade.controller.UkeyApplyHisCenterApprovalRefuseController,doService,2,3
cn.nc.channel.backend.facade.controller.GuestSearchEntranceController#doService,cn.nc.channel.backend.facade.controller.GuestSearchEntranceController,doService,7,29
cn.nc.issuance.common.facade.controller.ErrorInfoAuditModifyController#handle,cn.nc.issuance.common.facade.controller.ErrorInfoAuditModifyController,handle,1,1
cn.nc.issuance.book.dcm.facade.controller.bondauthorize.BondAuthorizeAddController#doService,cn.nc.issuance.book.dcm.facade.controller.bondauthorize.BondAuthorizeAddController,doService,15,71
cn.nc.issuance.bid.facade.controller.biddingresultMgmt.SendPlacingResultToClearHouseController#doService,cn.nc.issuance.bid.facade.controller.biddingresultMgmt.SendPlacingResultToClearHouseController,doService,1,1
cn.nc.issuance.book.dcm.query.facade.controller.reservationmanage.ReservationManageQueryListController#doService,cn.nc.issuance.book.dcm.query.facade.controller.reservationmanage.ReservationManageQueryListController,doService,4,9
cn.nc.issuance.book.dcm.query.facade.controller.purchaseManage.PurchaseOfferExprotDetilListController#doService,cn.nc.issuance.book.dcm.query.facade.controller.purchaseManage.PurchaseOfferExprotDetilListController,doService,1,1
cn.nc.issuance.book.dcm.query.facade.controller.PricingPlacingQueryDetailConfirmHisController#doService,cn.nc.issuance.book.dcm.query.facade.controller.PricingPlacingQueryDetailConfirmHisController,doService,1,1
cn.nc.user.staff.facade.controller.in.OrgDeleteController#handle,cn.nc.user.staff.facade.controller.in.OrgDeleteController,handle,1,1
cn.nc.issuance.book.dcm.query.facade.controller.querystatistics.QueryBondPlacingResultController#handle,cn.nc.issuance.book.dcm.query.facade.controller.querystatistics.QueryBondPlacingResultController,handle,1,1
cn.nc.issuance.dist.facade.controller.SimDistInfoSaveController#doService,cn.nc.issuance.dist.facade.controller.SimDistInfoSaveController,doService,10,24
cn.nc.user.ukey.facade.controller.UkeyBindHisCenterBatchApprovalRefuseController#ukeyBindHisBatchApprovalRefuse,cn.nc.user.ukey.facade.controller.UkeyBindHisCenterBatchApprovalRefuseController,ukeyBindHisBatchApprovalRefuse,1,1
cn.nc.user.ind.facade.controller.RegisterUserByEmailController#doService,cn.nc.user.ind.facade.controller.RegisterUserByEmailController,doService,12,39
cn.nc.channel.auth.inner.facade.controller.AuthLoginPublicKeyController#doService,cn.nc.channel.auth.inner.facade.controller.AuthLoginPublicKeyController,doService,4,7
cn.nc.issuance.book.dcm.query.facade.controller.pricingplacing.LoadHistoryConfirmInfoController#handle,cn.nc.issuance.book.dcm.query.facade.controller.pricingplacing.LoadHistoryConfirmInfoController,handle,1,1
cn.nc.user.instacct.controller.CapitalAccountPushController#pushCapitalAccountHandle,cn.nc.user.instacct.controller.CapitalAccountPushController,pushCapitalAccountHandle,1,1
cn.nc.user.instuser.facade.controller.ApproveRefuseThirdUserApplyController#approveRefuseInstThirdUserApply,cn.nc.user.instuser.facade.controller.ApproveRefuseThirdUserApplyController,approveRefuseInstThirdUserApply,1,1
cn.nc.issuance.book.dcm.query.facade.controller.homeStart.GroupBondPayFilesDownLoadController#handle,cn.nc.issuance.book.dcm.query.facade.controller.homeStart.GroupBondPayFilesDownLoadController,handle,1,1
cn.nc.user.label.facade.controller.LabelDeleteController#handle,cn.nc.user.label.facade.controller.LabelDeleteController,handle,1,1
cn.nc.issuance.book.dcm.facade.controller.external.DCMForExternalPushBondController#releaseItemAdvice,cn.nc.issuance.book.dcm.facade.controller.external.DCMForExternalPushBondController,releaseItemAdvice,1,1
cn.nc.issuance.common.facade.controller.BondKindConfigListController#doService,cn.nc.issuance.common.facade.controller.BondKindConfigListController,doService,4,7
cn.nc.user.position.facade.controller.center.CenterPositionHisBatchDeleteRecordController#doService,cn.nc.user.position.facade.controller.center.CenterPositionHisBatchDeleteRecordController,doService,2,3
cn.nc.user.magnifier.facade.controller.DepositAccountMagnifierListController#doService,cn.nc.user.magnifier.facade.controller.DepositAccountMagnifierListController,doService,2,1
cn.nc.issuance.bid.facade.controller.shchTenderMgmt.QueryFileInfoController#handle,cn.nc.issuance.bid.facade.controller.shchTenderMgmt.QueryFileInfoController,handle,1,1
cn.nc.issuance.book.dcm.facade.controller.group.InvestorSaveController#doService,cn.nc.issuance.book.dcm.facade.controller.group.InvestorSaveController,doService,2,1
cn.nc.issuance.book.dcm.facade.controller.bondallocation.BondAllocationAuditController#doService,cn.nc.issuance.book.dcm.facade.controller.bondallocation.BondAllocationAuditController,doService,2,1
cn.nc.user.reguser.facade.controller.UserPwdModifyController#doService,cn.nc.user.reguser.facade.controller.UserPwdModifyController,doService,8,47
cn.nc.pub.msg.facade.controller.log.SendRecordQueryController#queryPage,cn.nc.pub.msg.facade.controller.log.SendRecordQueryController,queryPage,1,1
cn.nc.user.staff.facade.controller.in.PositionPermissionListController#handle,cn.nc.user.staff.facade.controller.in.PositionPermissionListController,handle,1,1
cn.nc.issuance.book.dcm.query.facade.controller.PricingPlacingQueryDetailConfirmHisController#handle,cn.nc.issuance.book.dcm.query.facade.controller.PricingPlacingQueryDetailConfirmHisController,handle,1,1
cn.nc.operation.base.facade.controller.menu.FavoriteMenuQueryController#queryUserFavoriteMenu,cn.nc.operation.base.facade.controller.menu.FavoriteMenuQueryController,queryUserFavoriteMenu,1,1
cn.nc.issuance.book.dcm.facade.controller.job.threepartyunannouncedbond.IsemUnPublishBondMatchTypeController#handle,cn.nc.issuance.book.dcm.facade.controller.job.threepartyunannouncedbond.IsemUnPublishBondMatchTypeController,handle,1,1
cn.nc.operation.base.facade.controller.notice.NoticeSubmitController#doService,cn.nc.operation.base.facade.controller.notice.NoticeSubmitController,doService,5,44
cn.nc.issuance.bid.facade.controller.biddingresultMgmt.QueryPublishPageInfoController#queryPublishPageInfo,cn.nc.issuance.bid.facade.controller.biddingresultMgmt.QueryPublishPageInfoController,queryPublishPageInfo,1,1
cn.nc.user.cfaeacct.facade.controller.CenterCfaeAcctDeregisterSubmitController#cfaeAcctDeregisterSubmitCenter,cn.nc.user.cfaeacct.facade.controller.CenterCfaeAcctDeregisterSubmitController,cfaeAcctDeregisterSubmitCenter,1,1
cn.nc.operation.base.facade.controller.notice.NoticeApprovalController#approvalNotice,cn.nc.operation.base.facade.controller.notice.NoticeApprovalController,approvalNotice,1,1
cn.nc.issuance.book.dcm.query.facade.controller.PricingPlacingPlacingController#handle,cn.nc.issuance.book.dcm.query.facade.controller.PricingPlacingPlacingController,handle,1,1
cn.nc.user.instuser.facade.controller.ApprovePassThirdUserApplyController#doService,cn.nc.user.instuser.facade.controller.ApprovePassThirdUserApplyController,doService,19,224
cn.nc.issuance.bid.facade.controller.shchTenderMgmt.TiShchBondInfoSaveController#doService,cn.nc.issuance.bid.facade.controller.shchTenderMgmt.TiShchBondInfoSaveController,doService,2,6
cn.nc.user.query.facade.controller.RegisterUserValidateController#registerUserValidate,cn.nc.user.query.facade.controller.RegisterUserValidateController,registerUserValidate,1,1
cn.nc.channel.mix.controller.channel.recommend.QueryDcmPurchasedBondsController#queryPurchasedBonds,cn.nc.channel.mix.controller.channel.recommend.QueryDcmPurchasedBondsController,queryPurchasedBonds,1,1
cn.nc.user.instuser.facade.controller.AddInstUserController#instUserAdd,cn.nc.user.instuser.facade.controller.AddInstUserController,instUserAdd,1,1
cn.nc.user.staff.facade.controller.MenuAddController#doService,cn.nc.user.staff.facade.controller.MenuAddController,doService,8,20
cn.nc.issuance.book.dcm.query.facade.controller.homeStart.OfficialBondInfoQueryController#doService,cn.nc.issuance.book.dcm.query.facade.controller.homeStart.OfficialBondInfoQueryController,doService,2,1
cn.nc.issuance.book.dcm.query.facade.controller.systemadmin.PreviewLocalAppointmentListController#doService,cn.nc.issuance.book.dcm.query.facade.controller.systemadmin.PreviewLocalAppointmentListController,doService,2,2
cn.nc.issuance.common.facade.controller.SysDictionaryAuditEnableController#handle,cn.nc.issuance.common.facade.controller.SysDictionaryAuditEnableController,handle,1,1
cn.nc.issuance.book.dcm.query.facade.controller.bondAdd.BondOrgListController#doService,cn.nc.issuance.book.dcm.query.facade.controller.bondAdd.BondOrgListController,doService,1,1
cn.nc.issuance.book.dcm.facade.controller.external.DCMForExternalGroupCheckController#send,cn.nc.issuance.book.dcm.facade.controller.external.DCMForExternalGroupCheckController,send,1,1
cn.nc.user.index.facade.controller.GetBusinessRoleController#doService,cn.nc.user.index.facade.controller.GetBusinessRoleController,doService,3,6
cn.nc.issuance.book.dcm.query.facade.controller.purchaseManage.PurchaseOfferManageQsController#doService,cn.nc.issuance.book.dcm.query.facade.controller.purchaseManage.PurchaseOfferManageQsController,doService,2,2
cn.nc.issuance.dist.facade.controller.SimDistInfoSaveController#handle,cn.nc.issuance.dist.facade.controller.SimDistInfoSaveController,handle,1,1
cn.nc.issuance.common.facade.controller.ErrorInfoEnableController#handle,cn.nc.issuance.common.facade.controller.ErrorInfoEnableController,handle,1,1
cn.nc.channel.backend.facade.controller.PageLayoutConfigCopyController#copyPageLayoutInfo,cn.nc.channel.backend.facade.controller.PageLayoutConfigCopyController,copyPageLayoutInfo,1,1
cn.nc.issuance.dist.facade.controller.DistDetailExportController#handle,cn.nc.issuance.dist.facade.controller.DistDetailExportController,handle,4,17
cn.nc.channel.backend.facade.controller.ComponentRelSelectQueryController#doService,cn.nc.channel.backend.facade.controller.ComponentRelSelectQueryController,doService,3,3
cn.nc.channel.backend.facade.controller.LoggedFinancialSearchController#doService,cn.nc.channel.backend.facade.controller.LoggedFinancialSearchController,doService,2,2
cn.nc.issuance.book.dcm.query.facade.controller.purchaseorder.GroupInfoQueryInfoController#handle,cn.nc.issuance.book.dcm.query.facade.controller.purchaseorder.GroupInfoQueryInfoController,handle,1,1
cn.nc.issuance.book.dcm.facade.controller.publishadmin.ConsignGroupOfferReplyController#handle,cn.nc.issuance.book.dcm.facade.controller.publishadmin.ConsignGroupOfferReplyController,handle,1,1
cn.nc.channel.backend.facade.controller.IdentityMappingStatusController#doService,cn.nc.channel.backend.facade.controller.IdentityMappingStatusController,doService,2,3
cn.nc.user.query.facade.controller.CompareUserInfoHisListController#doService,cn.nc.user.query.facade.controller.CompareUserInfoHisListController,doService,5,26
cn.nc.issuance.bid.facade.controller.biddingresultMgmt.SendRegFileController#sendTiRegFile,cn.nc.issuance.bid.facade.controller.biddingresultMgmt.SendRegFileController,sendTiRegFile,1,1
cn.nc.pub.msg.facade.controller.parameterRule.ParameterRuleDeleteController#delete,cn.nc.pub.msg.facade.controller.parameterRule.ParameterRuleDeleteController,delete,1,1
cn.nc.user.archive.facade.controller.FileArchiveGenerateHandoverFormController#fileArchiveGenerateHandoverForm,cn.nc.user.archive.facade.controller.FileArchiveGenerateHandoverFormController,fileArchiveGenerateHandoverForm,5,29
cn.nc.issuance.book.dcm.query.facade.controller.hisinfoquery.PublishSolutionQueryController#doService,cn.nc.issuance.book.dcm.query.facade.controller.hisinfoquery.PublishSolutionQueryController,doService,3,2
cn.nc.pub.msg.facade.controller.outside.PubBookDcmProductInstanceReceiveController#doService,cn.nc.pub.msg.facade.controller.outside.PubBookDcmProductInstanceReceiveController,doService,1,1
cn.nc.channel.msg.facade.controller.SilentModeSelectController#doService,cn.nc.channel.msg.facade.controller.SilentModeSelectController,doService,3,7
cn.nc.operation.task.engine.controller.BusinessTaskClaimController#doService,cn.nc.operation.task.engine.controller.BusinessTaskClaimController,doService,2,1
cn.nc.user.ukey.facade.controller.UkeyBindHisCenterBatchApprovalRefuseController#doService,cn.nc.user.ukey.facade.controller.UkeyBindHisCenterBatchApprovalRefuseController,doService,4,12
cn.nc.issuance.book.dcm.query.facade.controller.systemadmin.FeeRateReferenceQueryController#doService,cn.nc.issuance.book.dcm.query.facade.controller.systemadmin.FeeRateReferenceQueryController,doService,4,7
cn.nc.user.external.facade.controller.InstUserFunctionController#doService,cn.nc.user.external.facade.controller.InstUserFunctionController,doService,1,1
cn.nc.operation.base.facade.controller.notice.NoticeAuditQueryController#doService,cn.nc.operation.base.facade.controller.notice.NoticeAuditQueryController,doService,4,16
cn.nc.issuance.book.dcm.query.facade.controller.purchaseManage.PurchaseOfferManageQtController#doService,cn.nc.issuance.book.dcm.query.facade.controller.purchaseManage.PurchaseOfferManageQtController,doService,3,2
cn.nc.issuance.bid.facade.controller.biddingresultMgmt.QueryTenderResultController#doService,cn.nc.issuance.bid.facade.controller.biddingresultMgmt.QueryTenderResultController,doService,12,55
cn.nc.issuance.book.dcm.query.facade.controller.hisinfoquery.SendRegistrationNoticeHisDownLoadController#handle,cn.nc.issuance.book.dcm.query.facade.controller.hisinfoquery.SendRegistrationNoticeHisDownLoadController,handle,1,1
cn.nc.channel.backend.facade.controller.IdentityMappingDelController#identityMappingConfigDelById,cn.nc.channel.backend.facade.controller.IdentityMappingDelController,identityMappingConfigDelById,1,1
cn.nc.pub.wkcl.facade.controller.trade.SwitchTradeDayController#switchHoliday,cn.nc.pub.wkcl.facade.controller.trade.SwitchTradeDayController,switchHoliday,1,1
cn.nc.issuance.book.dcm.query.facade.controller.directinvestor.whitelist.EmFileDownloadController#doService,cn.nc.issuance.book.dcm.query.facade.controller.directinvestor.whitelist.EmFileDownloadController,doService,3,2
cn.nc.issuance.book.dcm.facade.controller.bondadjustorder.BondAdjustOrderAddAgencyTailRateController#doService,cn.nc.issuance.book.dcm.facade.controller.bondadjustorder.BondAdjustOrderAddAgencyTailRateController,doService,2,1
cn.nc.issuance.book.dcm.query.facade.controller.groupSet.GroupShowGroupJoinFileClickController#handle,cn.nc.issuance.book.dcm.query.facade.controller.groupSet.GroupShowGroupJoinFileClickController,handle,1,1
cn.nc.user.staff.facade.controller.in.UserUnfreezeController#doService,cn.nc.user.staff.facade.controller.in.UserUnfreezeController,doService,4,8
cn.nc.operation.base.facade.controller.statistic.BondApproveListExportController#doService,cn.nc.operation.base.facade.controller.statistic.BondApproveListExportController,doService,2,17
cn.nc.issuance.book.dcm.facade.controller.joinGroup.OfferedRequestRefuseController#handle,cn.nc.issuance.book.dcm.facade.controller.joinGroup.OfferedRequestRefuseController,handle,1,1
cn.nc.starter.file.controller.FileStorageController#wordToPdf,cn.nc.starter.file.controller.FileStorageController,wordToPdf,1,4
cn.nc.issuance.book.dcm.facade.controller.uploadfile.XFileExtController#getXFileInfoList,cn.nc.issuance.book.dcm.facade.controller.uploadfile.XFileExtController,getXFileInfoList,1,1
cn.nc.starter.file.controller.FileStoragePresignedController#uploadProgress,cn.nc.starter.file.controller.FileStoragePresignedController,uploadProgress,1,4
cn.nc.channel.mix.controller.channel.dist.QueryOngoingDistBondController#queryOngoingDistBond,cn.nc.channel.mix.controller.channel.dist.QueryOngoingDistBondController,queryOngoingDistBond,1,1
cn.nc.user.external.facade.controller.ThirdUserSelectController#getInstThirdUserList,cn.nc.user.external.facade.controller.ThirdUserSelectController,getInstThirdUserList,1,1
cn.nc.issuance.book.dcm.facade.controller.group.GroupPercentQueryController#handle,cn.nc.issuance.book.dcm.facade.controller.group.GroupPercentQueryController,handle,1,1
cn.nc.pub.msg.facade.controller.outside.PubProductParameterListQueryController#getProductParameters,cn.nc.pub.msg.facade.controller.outside.PubProductParameterListQueryController,getProductParameters,1,1
cn.nc.issuance.book.dcm.query.facade.controller.querystatistics.ExportBookFlowNodeAdjustRecordsController#doService,cn.nc.issuance.book.dcm.query.facade.controller.querystatistics.ExportBookFlowNodeAdjustRecordsController,doService,2,10
cn.nc.issuance.bid.facade.controller.biddingManagement.bidSuppAdmi.CheckOrgCodeController#doService,cn.nc.issuance.bid.facade.controller.biddingManagement.bidSuppAdmi.CheckOrgCodeController,doService,2,2
cn.nc.pub.msg.facade.controller.productParameter.ProductParameterBatchDownloadHistoryController#download,cn.nc.pub.msg.facade.controller.productParameter.ProductParameterBatchDownloadHistoryController,download,1,1
cn.nc.channel.mix.controller.issuance.QueryPublishResultController#queryPublishResult,cn.nc.channel.mix.controller.issuance.QueryPublishResultController,queryPublishResult,1,1
cn.nc.user.position.facade.controller.client.ClientPositionHisCodeController#handle,cn.nc.user.position.facade.controller.client.ClientPositionHisCodeController,handle,1,1
cn.nc.operation.base.facade.controller.task.TaskSaveBatchController#save,cn.nc.operation.base.facade.controller.task.TaskSaveBatchController,save,1,1
cn.nc.channel.mix.controller.issuance.QueryUnannounceBondController#queryUnannounceBond,cn.nc.channel.mix.controller.issuance.QueryUnannounceBondController,queryUnannounceBond,1,1
cn.nc.channel.mix.controller.issuance.QueryDistDetailController#queryDistDetail,cn.nc.channel.mix.controller.issuance.QueryDistDetailController,queryDistDetail,1,1
cn.nc.issuance.book.dcm.query.facade.controller.systemadmin.RegistrationFilesDownLoadController#doService,cn.nc.issuance.book.dcm.query.facade.controller.systemadmin.RegistrationFilesDownLoadController,doService,3,19
cn.nc.user.external.facade.controller.InstDepositAccListController#getInstDepositAccountList,cn.nc.user.external.facade.controller.InstDepositAccListController,getInstDepositAccountList,1,1
cn.nc.user.seal.facade.controller.SealHisClientBatchApprovalPassController#doService,cn.nc.user.seal.facade.controller.SealHisClientBatchApprovalPassController,doService,5,28
cn.nc.user.external.facade.controller.InstinfoDetailController#getInstinfoDetail,cn.nc.user.external.facade.controller.InstinfoDetailController,getInstinfoDetail,1,1
cn.nc.issuance.common.facade.controller.SysDictionarySubSavePortController#doService,cn.nc.issuance.common.facade.controller.SysDictionarySubSavePortController,doService,4,13
cn.nc.issuance.common.facade.controller.OrgEnglishNameSaveController#handle,cn.nc.issuance.common.facade.controller.OrgEnglishNameSaveController,handle,1,1
cn.nc.pub.wkcl.facade.controller.legal.LegalCalQueryController#queryPage,cn.nc.pub.wkcl.facade.controller.legal.LegalCalQueryController,queryPage,1,1
cn.nc.issuance.book.dcm.facade.controller.bondauthorize.BackFileController#doService,cn.nc.issuance.book.dcm.facade.controller.bondauthorize.BackFileController,doService,9,7
cn.nc.channel.backend.facade.controller.PageLayoutConfigSaveController#doService,cn.nc.channel.backend.facade.controller.PageLayoutConfigSaveController,doService,10,39
cn.nc.operation.base.facade.controller.notice.NoticeDeleteController#doService,cn.nc.operation.base.facade.controller.notice.NoticeDeleteController,doService,4,14
cn.nc.issuance.book.dcm.facade.controller.external.DCMForExternalReplyEnquiryController#send,cn.nc.issuance.book.dcm.facade.controller.external.DCMForExternalReplyEnquiryController,send,1,1
cn.nc.user.xfile.facade.controller.XFileExtController#donwloadXFileByPdfId,cn.nc.user.xfile.facade.controller.XFileExtController,donwloadXFileByPdfId,4,28
cn.nc.issuance.book.dcm.query.facade.controller.bondallocation.BondAllocationAddInitController#doService,cn.nc.issuance.book.dcm.query.facade.controller.bondallocation.BondAllocationAddInitController,doService,3,2
cn.nc.issuance.book.dcm.query.facade.controller.directinvestor.whitelist.nx.AccountWlRecordQueryController#doService,cn.nc.issuance.book.dcm.query.facade.controller.directinvestor.whitelist.nx.AccountWlRecordQueryController,doService,2,1
cn.nc.issuance.book.dcm.query.facade.controller.systemadmin.DataSubmittedBatchDoenLoadController#handle,cn.nc.issuance.book.dcm.query.facade.controller.systemadmin.DataSubmittedBatchDoenLoadController,handle,1,1
cn.nc.operation.base.facade.controller.work.WorkingScheduleUpdateStateController#doService,cn.nc.operation.base.facade.controller.work.WorkingScheduleUpdateStateController,doService,5,14
cn.nc.issuance.bid.facade.controller.emergencycontact.BatchDeleteEbcInfoController#doService,cn.nc.issuance.bid.facade.controller.emergencycontact.BatchDeleteEbcInfoController,doService,3,5
cn.nc.issuance.book.dcm.query.facade.controller.unannounced.UnAnnounceBondDetailController#handle,cn.nc.issuance.book.dcm.query.facade.controller.unannounced.UnAnnounceBondDetailController,handle,1,1
cn.nc.user.staff.facade.controller.in.OrgFindInfoController#doService,cn.nc.user.staff.facade.controller.in.OrgFindInfoController,doService,4,6
cn.nc.issuance.book.dcm.facade.controller.bondAdmin.BondPublishEnableController#doService,cn.nc.issuance.book.dcm.facade.controller.bondAdmin.BondPublishEnableController,doService,3,28
cn.nc.user.ind.facade.controller.RegisterUserByEmailController#registerUserByEmail,cn.nc.user.ind.facade.controller.RegisterUserByEmailController,registerUserByEmail,1,1
cn.nc.issuance.book.dcm.query.facade.controller.purchaseManage.PurchaseOfferExprotBidListController#doService,cn.nc.issuance.book.dcm.query.facade.controller.purchaseManage.PurchaseOfferExprotBidListController,doService,1,1
cn.nc.user.staff.facade.controller.MenuPubUserMenuListController#handle,cn.nc.user.staff.facade.controller.MenuPubUserMenuListController,handle,1,1
cn.nc.user.template.facade.CenterApproveTemplateOrderSaveController#approveTemplateOrderSave,cn.nc.user.template.facade.CenterApproveTemplateOrderSaveController,approveTemplateOrderSave,1,1
cn.nc.issuance.book.dcm.query.facade.controller.bondAdd.BondYearDayRuleListController#doService,cn.nc.issuance.book.dcm.query.facade.controller.bondAdd.BondYearDayRuleListController,doService,1,1
cn.nc.channel.auth.outer.facade.controller.AppQrResultController#appQrResult,cn.nc.channel.auth.outer.facade.controller.AppQrResultController,appQrResult,1,1
cn.nc.issuance.bid.facade.controller.shchTenderMgmt.TiShchBondConfirmPublishController#doService,cn.nc.issuance.bid.facade.controller.shchTenderMgmt.TiShchBondConfirmPublishController,doService,2,2
cn.nc.operation.base.facade.controller.menu.FavoriteMenuRemoveController#doService,cn.nc.operation.base.facade.controller.menu.FavoriteMenuRemoveController,doService,2,2
cn.nc.user.conf.facade.CenterSysBusinessRoleBatchDeleteController#doService,cn.nc.user.conf.facade.CenterSysBusinessRoleBatchDeleteController,doService,6,15
cn.nc.channel.mix.controller.channel.subscribe.QueryFinancialIssuableBondsController#queryFinancialIssuableBonds,cn.nc.channel.mix.controller.channel.subscribe.QueryFinancialIssuableBondsController,queryFinancialIssuableBonds,1,1
cn.nc.issuance.book.dcm.facade.controller.checkWhiteList.WhiteListCheckController#handle,cn.nc.issuance.book.dcm.facade.controller.checkWhiteList.WhiteListCheckController,handle,1,1
cn.nc.channel.search.facade.controller.GuestDcmSearchController#doService,cn.nc.channel.search.facade.controller.GuestDcmSearchController,doService,3,9
cn.nc.issuance.book.dcm.query.facade.controller.pricingplacing.ReachedTypeListController#doService,cn.nc.issuance.book.dcm.query.facade.controller.pricingplacing.ReachedTypeListController,doService,1,1
cn.nc.user.initinst.facade.controller.QueryPrereviewApplyController#queryPrereviewApplyList,cn.nc.user.initinst.facade.controller.QueryPrereviewApplyController,queryPrereviewApplyList,1,1
cn.nc.pub.msg.facade.controller.parameterGroup.ParameterGroupDeleteController#doService,cn.nc.pub.msg.facade.controller.parameterGroup.ParameterGroupDeleteController,doService,6,13
cn.nc.operation.base.facade.controller.notice.NoticeGroupGetByIdController#getById,cn.nc.operation.base.facade.controller.notice.NoticeGroupGetByIdController,getById,1,1
cn.nc.user.conf.facade.controller.CenterConfAccountFieldListController#confAccountFieldList,cn.nc.user.conf.facade.controller.CenterConfAccountFieldListController,confAccountFieldList,1,1
cn.nc.user.staff.facade.controller.in.OrgModifyController#handle,cn.nc.user.staff.facade.controller.in.OrgModifyController,handle,1,1
cn.nc.issuance.book.dcm.query.facade.controller.purchaseOffer.PurchaseOfferSelectController#handle,cn.nc.issuance.book.dcm.query.facade.controller.purchaseOffer.PurchaseOfferSelectController,handle,1,1
cn.nc.issuance.bid.facade.controller.emergencycontact.SaveOrUpdateEbcController#saveOrUpdateEbc,cn.nc.issuance.bid.facade.controller.emergencycontact.SaveOrUpdateEbcController,saveOrUpdateEbc,1,1
cn.nc.issuance.book.dcm.query.facade.controller.querystatistics.ExportWinBiddingOrganDetailController#doService,cn.nc.issuance.book.dcm.query.facade.controller.querystatistics.ExportWinBiddingOrganDetailController,doService,1,1
cn.nc.user.staff.facade.controller.in.UserFindListController#handle,cn.nc.user.staff.facade.controller.in.UserFindListController,handle,1,1
cn.nc.operation.base.facade.controller.notice.NoticeCancelController#doService,cn.nc.operation.base.facade.controller.notice.NoticeCancelController,doService,5,39
cn.nc.issuance.book.dcm.query.facade.controller.systemadmin.AdvertisingPositionQueryController#handle,cn.nc.issuance.book.dcm.query.facade.controller.systemadmin.AdvertisingPositionQueryController,handle,1,1
cn.nc.issuance.book.dcm.facade.controller.unAnnounced.UnAnnounceBondImportController#doService,cn.nc.issuance.book.dcm.facade.controller.unAnnounced.UnAnnounceBondImportController,doService,2,1
cn.nc.user.conf.facade.CenterSysConfigFieldDeleteController#doService,cn.nc.user.conf.facade.CenterSysConfigFieldDeleteController,doService,3,6
cn.nc.issuance.book.dcm.query.facade.controller.directinvestor.whitelist.EmFileDownloadController#download,cn.nc.issuance.book.dcm.query.facade.controller.directinvestor.whitelist.EmFileDownloadController,download,1,1
cn.nc.user.ukey.facade.controller.UkeyBindHisCenterApprovalCancelController#ukeyBindHisApprovalCancel,cn.nc.user.ukey.facade.controller.UkeyBindHisCenterApprovalCancelController,ukeyBindHisApprovalCancel,1,1
cn.nc.issuance.book.dcm.facade.controller.checkWhiteList.WhiteListCheckController#doService,cn.nc.issuance.book.dcm.facade.controller.checkWhiteList.WhiteListCheckController,doService,9,107
cn.nc.user.external.facade.controller.ThirdUserSelectController#doService,cn.nc.user.external.facade.controller.ThirdUserSelectController,doService,5,10
cn.nc.user.inst.facade.controller.GetInstInfoController#getInstInfo,cn.nc.user.inst.facade.controller.GetInstInfoController,getInstInfo,1,1
cn.nc.user.cfaeacct.facade.controller.CenterCfaeAcctAddSaveController#doService,cn.nc.user.cfaeacct.facade.controller.CenterCfaeAcctAddSaveController,doService,2,4
cn.nc.issuance.book.dcm.query.facade.controller.systemadmin.DataSubmittedDownLoadController#handle,cn.nc.issuance.book.dcm.query.facade.controller.systemadmin.DataSubmittedDownLoadController,handle,1,1
cn.nc.issuance.book.dcm.query.facade.controller.inquiry.SelectInquiryDetailController#handle,cn.nc.issuance.book.dcm.query.facade.controller.inquiry.SelectInquiryDetailController,handle,1,1
cn.nc.user.position.facade.controller.center.CenterPositionHisListController#handle,cn.nc.user.position.facade.controller.center.CenterPositionHisListController,handle,1,1
cn.nc.user.auth.facade.controller.AuthOneCacheController#doService,cn.nc.user.auth.facade.controller.AuthOneCacheController,doService,2,1
cn.nc.user.ukey.facade.controller.UkeyApplyHisClientDeleteController#doService,cn.nc.user.ukey.facade.controller.UkeyApplyHisClientDeleteController,doService,2,8
cn.nc.common.transaction.support.controller.TxQueryController#queryPage,cn.nc.common.transaction.support.controller.TxQueryController,queryPage,1,1
cn.nc.channel.backend.facade.controller.LayoutChangeRemindController#saveLayoutChangeRemind,cn.nc.channel.backend.facade.controller.LayoutChangeRemindController,saveLayoutChangeRemind,1,1
cn.nc.issuance.book.dcm.facade.controller.bondhome.BondPrepareFinishController#doService,cn.nc.issuance.book.dcm.facade.controller.bondhome.BondPrepareFinishController,doService,11,44
cn.nc.issuance.book.dcm.query.facade.controller.InvestorQueryByIdController#doService,cn.nc.issuance.book.dcm.query.facade.controller.InvestorQueryByIdController,doService,4,6
cn.nc.issuance.book.dcm.query.facade.controller.pricingplacing.BondQueryRegFileController#handle,cn.nc.issuance.book.dcm.query.facade.controller.pricingplacing.BondQueryRegFileController,handle,1,1
cn.nc.channel.mix.controller.issuance.QueryPublishProcessBondController#doService,cn.nc.channel.mix.controller.issuance.QueryPublishProcessBondController,doService,3,2
cn.nc.user.ukey.facade.controller.UkeyMaintainHisClientApprovalCancelController#ukeyMaintainHisApprovalCancel,cn.nc.user.ukey.facade.controller.UkeyMaintainHisClientApprovalCancelController,ukeyMaintainHisApprovalCancel,1,1
cn.nc.issuance.book.dcm.query.facade.controller.directinvestor.whitelist.AccountWlSendHisDetailController#accountWhiteListSendHisDetail,cn.nc.issuance.book.dcm.query.facade.controller.directinvestor.whitelist.AccountWlSendHisDetailController,accountWhiteListSendHisDetail,1,1
cn.nc.channel.msg.facade.controller.MessageStatusReadBatchAddController#handle,cn.nc.channel.msg.facade.controller.MessageStatusReadBatchAddController,handle,1,1
cn.nc.user.reguser.facade.controller.QueryRegThirdUserRelListController#doService,cn.nc.user.reguser.facade.controller.QueryRegThirdUserRelListController,doService,3,2
cn.nc.user.inst.facade.controller.GetInstInfoHisController#doService,cn.nc.user.inst.facade.controller.GetInstInfoHisController,doService,3,9
cn.nc.user.conf.facade.controller.CenterConfBusinessRoleLinkDetailController#confBusinessRoleLinkDetail,cn.nc.user.conf.facade.controller.CenterConfBusinessRoleLinkDetailController,confBusinessRoleLinkDetail,1,1
cn.nc.user.ukey.facade.controller.GetUkeyBindHisDetailsController#getUkeyBindHisDetails,cn.nc.user.ukey.facade.controller.GetUkeyBindHisDetailsController,getUkeyBindHisDetails,1,1
cn.nc.channel.backend.facade.controller.InstitutionHistoricalFinancialController#doService,cn.nc.channel.backend.facade.controller.InstitutionHistoricalFinancialController,doService,3,6
cn.nc.user.thirduser.facade.controller.GetInstThirdUserRelDetailController#getThirdUserRelInstUserDetail,cn.nc.user.thirduser.facade.controller.GetInstThirdUserRelDetailController,getThirdUserRelInstUserDetail,1,1
cn.nc.issuance.book.dcm.query.facade.controller.querystatistics.QueryPublishBondInfoTotalController#handle,cn.nc.issuance.book.dcm.query.facade.controller.querystatistics.QueryPublishBondInfoTotalController,handle,1,1
cn.nc.channel.auth.outer.facade.controller.LogoutController#doService,cn.nc.channel.auth.outer.facade.controller.LogoutController,doService,2,5
cn.nc.channel.msg.facade.controller.NoticeOfficeWebsiteNoticeListController#doService,cn.nc.channel.msg.facade.controller.NoticeOfficeWebsiteNoticeListController,doService,2,1
cn.nc.issuance.common.facade.controller.RoleMenuRelationListController#handle,cn.nc.issuance.common.facade.controller.RoleMenuRelationListController,handle,1,1
cn.nc.user.centerorgquery.controller.CenterPositionRoleController#doService,cn.nc.user.centerorgquery.controller.CenterPositionRoleController,doService,12,21
cn.nc.issuance.bid.facade.controller.bidMgmtHomePage.ExportBidMgmtHpController#doService,cn.nc.issuance.bid.facade.controller.bidMgmtHomePage.ExportBidMgmtHpController,doService,3,39
cn.nc.channel.log.AuditLogQueryController#query,cn.nc.channel.log.AuditLogQueryController,query,1,1
cn.nc.channel.mix.controller.channel.selfbond.QueryInstitutionHistoricalFinancialBondsController#queryInstitutionHistoricalFinancialBonds,cn.nc.channel.mix.controller.channel.selfbond.QueryInstitutionHistoricalFinancialBondsController,queryInstitutionHistoricalFinancialBonds,1,1
cn.nc.channel.backend.facade.controller.PageSettingConfigSaveController#custLayoutConfigSaveOrUpdate,cn.nc.channel.backend.facade.controller.PageSettingConfigSaveController,custLayoutConfigSaveOrUpdate,1,1
cn.nc.user.ukey.facade.controller.ExportCenterUkeyExpressController#clientExportUkeyExpressExcel,cn.nc.user.ukey.facade.controller.ExportCenterUkeyExpressController,clientExportUkeyExpressExcel,4,9
cn.nc.user.cfaeacct.facade.controller.CenterCfaeAcctHisDetailController#centerCfaeAcctHisDetail,cn.nc.user.cfaeacct.facade.controller.CenterCfaeAcctHisDetailController,centerCfaeAcctHisDetail,1,1
cn.nc.issuance.book.dcm.query.facade.controller.purchaseorder.InvestorRoleOrgController#doService,cn.nc.issuance.book.dcm.query.facade.controller.purchaseorder.InvestorRoleOrgController,doService,2,1
cn.nc.issuance.bid.facade.controller.bondccdc.QueryTiCcdcBondInfoController#queryTiBondInfo,cn.nc.issuance.bid.facade.controller.bondccdc.QueryTiCcdcBondInfoController,queryTiBondInfo,1,1
cn.nc.issuance.book.dcm.query.facade.controller.enquirymanage.SelectEnquiryManageModifyDetailController#handle,cn.nc.issuance.book.dcm.query.facade.controller.enquirymanage.SelectEnquiryManageModifyDetailController,handle,1,1
cn.nc.channel.search.facade.controller.FullTextSearchController#doService,cn.nc.channel.search.facade.controller.FullTextSearchController,doService,3,29
cn.nc.channel.auth.outer.facade.controller.UserResetPwdController#doService,cn.nc.channel.auth.outer.facade.controller.UserResetPwdController,doService,3,12
cn.nc.issuance.book.dcm.query.facade.controller.bond.BillInfoQueryController#handle,cn.nc.issuance.book.dcm.query.facade.controller.bond.BillInfoQueryController,handle,1,1
cn.nc.issuance.book.dcm.facade.controller.job.threepartyunannouncedbond.IsemBondInitSourceController#doService,cn.nc.issuance.book.dcm.facade.controller.job.threepartyunannouncedbond.IsemBondInitSourceController,doService,2,2
cn.nc.issuance.book.dcm.query.facade.controller.querystatistics.BookProcessAdjustQueryController#doService,cn.nc.issuance.book.dcm.query.facade.controller.querystatistics.BookProcessAdjustQueryController,doService,3,2
cn.nc.issuance.book.dcm.query.facade.controller.bond.getProductRuleController#doService,cn.nc.issuance.book.dcm.query.facade.controller.bond.getProductRuleController,doService,2,1
cn.nc.user.staff.facade.controller.AuthOneCacheController#doService,cn.nc.user.staff.facade.controller.AuthOneCacheController,doService,2,1
cn.nc.channel.auth.outer.facade.controller.AppMobileLoginController#doService,cn.nc.channel.auth.outer.facade.controller.AppMobileLoginController,doService,7,45
cn.nc.issuance.book.dcm.query.facade.controller.purchaseorder.PurchaseOrderExportController#handle,cn.nc.issuance.book.dcm.query.facade.controller.purchaseorder.PurchaseOrderExportController,handle,1,1
cn.nc.issuance.book.dcm.query.facade.controller.groupSet.GroupQueryGroupListController#handle,cn.nc.issuance.book.dcm.query.facade.controller.groupSet.GroupQueryGroupListController,handle,1,1
cn.nc.pub.msg.facade.controller.send.StopSmsListenerController#doService,cn.nc.pub.msg.facade.controller.send.StopSmsListenerController,doService,3,9
cn.nc.issuance.book.dcm.facade.controller.enquirymanage.SaveEnquiryManageController#handle,cn.nc.issuance.book.dcm.facade.controller.enquirymanage.SaveEnquiryManageController,handle,1,1
cn.nc.user.conf.facade.controller.CenterConfDictionaryItemListController#doService,cn.nc.user.conf.facade.controller.CenterConfDictionaryItemListController,doService,3,2
cn.nc.user.ukey.facade.controller.UkeyExpressCenterAddSaveController#ukeyExpressAddSave,cn.nc.user.ukey.facade.controller.UkeyExpressCenterAddSaveController,ukeyExpressAddSave,1,1
cn.nc.channel.search.facade.controller.GuestFunctionSearchController#search,cn.nc.channel.search.facade.controller.GuestFunctionSearchController,search,1,1
cn.nc.issuance.book.dcm.query.facade.controller.unannounced.UnAnnounceBondExportController#handle,cn.nc.issuance.book.dcm.query.facade.controller.unannounced.UnAnnounceBondExportController,handle,1,1
cn.nc.user.reguser.facade.controller.BatchDeleteUserInfoHisController#doService,cn.nc.user.reguser.facade.controller.BatchDeleteUserInfoHisController,doService,2,7
cn.nc.issuance.book.dcm.facade.controller.pricingplacing.PricingPlacingAuditController#handle,cn.nc.issuance.book.dcm.facade.controller.pricingplacing.PricingPlacingAuditController,handle,1,1
cn.nc.issuance.dist.facade.controller.SimDistInfoBatchDelController#handle,cn.nc.issuance.dist.facade.controller.SimDistInfoBatchDelController,handle,1,1
cn.nc.channel.mix.controller.issuance.QueryContactInfoController#queryContactInfo,cn.nc.channel.mix.controller.issuance.QueryContactInfoController,queryContactInfo,1,1
cn.nc.user.staff.facade.controller.MenuUserPageMenuListController#doService,cn.nc.user.staff.facade.controller.MenuUserPageMenuListController,doService,2,2
cn.nc.issuance.common.facade.controller.BillingInformationDeleteController#doService,cn.nc.issuance.common.facade.controller.BillingInformationDeleteController,doService,3,9
cn.nc.pub.wkcl.facade.controller.trade.TradeCalDeleteController#doService,cn.nc.pub.wkcl.facade.controller.trade.TradeCalDeleteController,doService,5,6
cn.nc.issuance.book.dcm.facade.controller.automaticDisclosure.AutomaticDisclosureFileExistOrNotCheckController#handle,cn.nc.issuance.book.dcm.facade.controller.automaticDisclosure.AutomaticDisclosureFileExistOrNotCheckController,handle,1,1
cn.nc.channel.mix.controller.channel.fulltext.QueryFullTextFinancialBondsController#queryFullTextFinancialBonds,cn.nc.channel.mix.controller.channel.fulltext.QueryFullTextFinancialBondsController,queryFullTextFinancialBonds,1,1
cn.nc.pub.msg.facade.controller.parameterTemplate.ParameterTemplateBatchAgreeController#doService,cn.nc.pub.msg.facade.controller.parameterTemplate.ParameterTemplateBatchAgreeController,doService,2,14
cn.nc.user.clientorgquery.facade.controller.ClientOrgUserSelectViewController#doService,cn.nc.user.clientorgquery.facade.controller.ClientOrgUserSelectViewController,doService,13,24
cn.nc.channel.mix.controller.channel.statistic.QueryInstitutionFinancialBondIssuanceStatsController#doService,cn.nc.channel.mix.controller.channel.statistic.QueryInstitutionFinancialBondIssuanceStatsController,doService,3,25
cn.nc.channel.search.facade.controller.LoggedDcmSearchController#search,cn.nc.channel.search.facade.controller.LoggedDcmSearchController,search,1,1
cn.nc.user.cfaeacct.facade.controller.CenterCfaeAcctQueryListController#doService,cn.nc.user.cfaeacct.facade.controller.CenterCfaeAcctQueryListController,doService,3,2
cn.nc.issuance.book.dcm.facade.controller.modifyinterimbondinfo.ModifyInterimBondModifyModifyApplyController#doService,cn.nc.issuance.book.dcm.facade.controller.modifyinterimbondinfo.ModifyInterimBondModifyModifyApplyController,doService,12,28
cn.nc.pub.msg.facade.controller.parameterTemplate.ParameterTemplateImportController#importTemplate,cn.nc.pub.msg.facade.controller.parameterTemplate.ParameterTemplateImportController,importTemplate,1,1
cn.nc.issuance.book.dcm.query.facade.controller.directinvestor.QueryDirectInvestorAuthDetailController#doService,cn.nc.issuance.book.dcm.query.facade.controller.directinvestor.QueryDirectInvestorAuthDetailController,doService,3,2
cn.nc.issuance.book.dcm.query.facade.controller.bondAdd.BondPublishModeListController#handle,cn.nc.issuance.book.dcm.query.facade.controller.bondAdd.BondPublishModeListController,handle,1,1
cn.nc.issuance.book.dcm.query.facade.controller.dcmbondadmin.BondPublishQueryController#doService,cn.nc.issuance.book.dcm.query.facade.controller.dcmbondadmin.BondPublishQueryController,doService,2,1
cn.nc.issuance.book.dcm.query.facade.controller.hisinfoquery.OnlineReplyQueryController#doService,cn.nc.issuance.book.dcm.query.facade.controller.hisinfoquery.OnlineReplyQueryController,doService,3,15
cn.nc.user.cfaeacct.facade.controller.ClientCfaeAcctListController#doService,cn.nc.user.cfaeacct.facade.controller.ClientCfaeAcctListController,doService,3,3
cn.nc.channel.msg.facade.controller.MessageStatusDeleteBatchAddController#handle,cn.nc.channel.msg.facade.controller.MessageStatusDeleteBatchAddController,handle,1,1
cn.nc.user.position.facade.controller.center.CenterPositionHisAddController#doService,cn.nc.user.position.facade.controller.center.CenterPositionHisAddController,doService,2,4
cn.nc.issuance.bid.facade.controller.biddingManagement.queryBidding.BiddingQueryController#doService,cn.nc.issuance.bid.facade.controller.biddingManagement.queryBidding.BiddingQueryController,doService,3,6
cn.nc.user.external.facade.controller.InstOperIdsController#getInstUserIdsList,cn.nc.user.external.facade.controller.InstOperIdsController,getInstUserIdsList,1,1
cn.nc.channel.auth.outer.facade.controller.WebEmailLoginController#loginWebEmailUser,cn.nc.channel.auth.outer.facade.controller.WebEmailLoginController,loginWebEmailUser,1,1
cn.nc.user.ind.facade.controller.RegisterUserByPhoneController#doService,cn.nc.user.ind.facade.controller.RegisterUserByPhoneController,doService,12,39
cn.nc.user.ukey.facade.controller.QueryUkeyBindController#doService,cn.nc.user.ukey.facade.controller.QueryUkeyBindController,doService,4,7
cn.nc.user.ukey.facade.controller.UkeyBindHisCenterApprovalRefuseController#doService,cn.nc.user.ukey.facade.controller.UkeyBindHisCenterApprovalRefuseController,doService,2,3
cn.nc.channel.backend.facade.controller.ClientDownloadController#downloadClientFile,cn.nc.channel.backend.facade.controller.ClientDownloadController,downloadClientFile,1,1
cn.nc.issuance.dist.facade.controller.DistributionManageQueryAccountInfoController#doService,cn.nc.issuance.dist.facade.controller.DistributionManageQueryAccountInfoController,doService,6,30
cn.nc.channel.mix.controller.channel.issuedbond.QueryIssuedBondsController#doService,cn.nc.channel.mix.controller.channel.issuedbond.QueryIssuedBondsController,doService,3,2
cn.nc.pub.msg.facade.controller.outside.PubProductRuleCacheController#doService,cn.nc.pub.msg.facade.controller.outside.PubProductRuleCacheController,doService,2,16
cn.nc.pub.msg.facade.controller.setting.MsgBizSystemQueryController#doService,cn.nc.pub.msg.facade.controller.setting.MsgBizSystemQueryController,doService,3,4
cn.nc.issuance.bid.facade.controller.shchTenderMgmt.QueryTiBondEffectStatusAndNodeController#queryTiBondPublishFlowNode,cn.nc.issuance.bid.facade.controller.shchTenderMgmt.QueryTiBondEffectStatusAndNodeController,queryTiBondPublishFlowNode,1,1
cn.nc.channel.backend.facade.controller.IdentityMappingTabVerifyController#doService,cn.nc.channel.backend.facade.controller.IdentityMappingTabVerifyController,doService,3,5
cn.nc.user.index.facade.controller.GetStatisticsUserController#doService,cn.nc.user.index.facade.controller.GetStatisticsUserController,doService,3,5
cn.nc.channel.search.facade.controller.GuestDcmSearchController#search,cn.nc.channel.search.facade.controller.GuestDcmSearchController,search,1,1
cn.nc.channel.backend.facade.controller.PageLayoutRelSelectQueryController#doService,cn.nc.channel.backend.facade.controller.PageLayoutRelSelectQueryController,doService,3,5
cn.nc.channel.backend.facade.controller.ConcernCrmwController#doService,cn.nc.channel.backend.facade.controller.ConcernCrmwController,doService,4,8
cn.nc.user.cfaeacct.facade.controller.ClientCfaeAcctDetailController#doService,cn.nc.user.cfaeacct.facade.controller.ClientCfaeAcctDetailController,doService,2,2
cn.nc.issuance.book.dcm.facade.controller.unAnnounced.UnAnnounceBondSaveController#doService,cn.nc.issuance.book.dcm.facade.controller.unAnnounced.UnAnnounceBondSaveController,doService,2,1
cn.nc.issuance.dist.facade.controller.SimDistInfoQueryController#doService,cn.nc.issuance.dist.facade.controller.SimDistInfoQueryController,doService,4,17
cn.nc.issuance.dist.facade.controller.DistHisResultQueryController#handle,cn.nc.issuance.dist.facade.controller.DistHisResultQueryController,handle,1,1
cn.nc.issuance.common.facade.controller.SysDictionarySubAuditModifyController#handle,cn.nc.issuance.common.facade.controller.SysDictionarySubAuditModifyController,handle,1,1
cn.nc.issuance.book.dcm.query.facade.controller.purchaseorder.PurchaseConfirmListController#doService,cn.nc.issuance.book.dcm.query.facade.controller.purchaseorder.PurchaseConfirmListController,doService,2,1
cn.nc.channel.backend.facade.controller.InstitutionHistoricalCrmwController#institutionHistoricalCrmw,cn.nc.channel.backend.facade.controller.InstitutionHistoricalCrmwController,institutionHistoricalCrmw,1,1
cn.nc.issuance.book.dcm.query.facade.controller.issueamountadjust.AmountAdjustDetailController#handle,cn.nc.issuance.book.dcm.query.facade.controller.issueamountadjust.AmountAdjustDetailController,handle,1,1
cn.nc.issuance.dist.facade.controller.DistBondsQueryController#handle,cn.nc.issuance.dist.facade.controller.DistBondsQueryController,handle,1,1
cn.nc.channel.backend.facade.controller.LoginHomePageDispController#doService,cn.nc.channel.backend.facade.controller.LoginHomePageDispController,doService,2,32
cn.nc.issuance.bid.facade.controller.biddingresultMgmt.PaymentAmountEnterConfirmController#doService,cn.nc.issuance.bid.facade.controller.biddingresultMgmt.PaymentAmountEnterConfirmController,doService,4,7
cn.nc.issuance.book.dcm.query.facade.controller.groupSet.GroupQueryGroupListController#doService,cn.nc.issuance.book.dcm.query.facade.controller.groupSet.GroupQueryGroupListController,doService,3,2
cn.nc.user.staff.facade.controller.PermissionFindInfoController#handle,cn.nc.user.staff.facade.controller.PermissionFindInfoController,handle,1,1
cn.nc.user.clientorgquery.facade.controller.ClientOrgUserListController#clientOrgUserList,cn.nc.user.clientorgquery.facade.controller.ClientOrgUserListController,clientOrgUserList,1,1
cn.nc.channel.backend.facade.controller.InstitutionIssuingProductController#institutionIssuingProduct,cn.nc.channel.backend.facade.controller.InstitutionIssuingProductController,institutionIssuingProduct,1,1
cn.nc.pub.msg.facade.controller.parameterTemplate.ParameterTemplateExportController#export,cn.nc.pub.msg.facade.controller.parameterTemplate.ParameterTemplateExportController,export,1,1
cn.nc.issuance.common.facade.controller.BillDownLoadController#handle,cn.nc.issuance.common.facade.controller.BillDownLoadController,handle,1,0
cn.nc.issuance.bid.facade.controller.biddingManagement.bidInfoMgmt.QueryBidInfoMgmtHpController#doService,cn.nc.issuance.bid.facade.controller.biddingManagement.bidInfoMgmt.QueryBidInfoMgmtHpController,doService,9,23
cn.nc.starter.file.controller.FileStorageController#watermarkUpload,cn.nc.starter.file.controller.FileStorageController,watermarkUpload,1,9
cn.nc.issuance.book.dcm.facade.controller.group.InvestorDirectedInvestorListController#doService,cn.nc.issuance.book.dcm.facade.controller.group.InvestorDirectedInvestorListController,doService,1,1
cn.nc.issuance.book.dcm.query.facade.controller.systemadmin.BookAccountsDetailQueryController#handle,cn.nc.issuance.book.dcm.query.facade.controller.systemadmin.BookAccountsDetailQueryController,handle,1,1
cn.nc.channel.backend.facade.controller.DcmConcernBondSyncController#concernBond,cn.nc.channel.backend.facade.controller.DcmConcernBondSyncController,concernBond,1,1
cn.nc.user.position.facade.controller.client.ClientPositionPermissionListController#doService,cn.nc.user.position.facade.controller.client.ClientPositionPermissionListController,doService,4,7
cn.nc.channel.backend.facade.controller.QuickEntranceSaveController#doService,cn.nc.channel.backend.facade.controller.QuickEntranceSaveController,doService,5,14
cn.nc.channel.msg.facade.controller.NoticeTypeListController#handle,cn.nc.channel.msg.facade.controller.NoticeTypeListController,handle,1,1
cn.nc.issuance.dist.facade.controller.SimDistInfoModifyController#doService,cn.nc.issuance.dist.facade.controller.SimDistInfoModifyController,doService,4,11
cn.nc.issuance.bid.facade.controller.shchTenderMgmt.QueryTiBondFullNameMagnifierController#doService,cn.nc.issuance.bid.facade.controller.shchTenderMgmt.QueryTiBondFullNameMagnifierController,doService,6,29
cn.nc.issuance.bid.facade.controller.emergencycontact.QueryEbcInfoController#doService,cn.nc.issuance.bid.facade.controller.emergencycontact.QueryEbcInfoController,doService,3,2
cn.nc.issuance.book.dcm.query.facade.controller.querystatistics.BondGroupFeeAmountQueryController#bondGroupFeeQuery,cn.nc.issuance.book.dcm.query.facade.controller.querystatistics.BondGroupFeeAmountQueryController,bondGroupFeeQuery,1,1
cn.nc.issuance.book.dcm.query.facade.controller.purchaseorder.PurOrderMakeupListController#handle,cn.nc.issuance.book.dcm.query.facade.controller.purchaseorder.PurOrderMakeupListController,handle,1,1
cn.nc.pub.msg.facade.controller.product.ProductAgreeController#doService,cn.nc.pub.msg.facade.controller.product.ProductAgreeController,doService,2,5
cn.nc.issuance.book.dcm.query.facade.controller.InvestorQueryListController#doService,cn.nc.issuance.book.dcm.query.facade.controller.InvestorQueryListController,doService,3,2
cn.nc.operation.base.facade.controller.statistic.WorkloadStatisticController#doService,cn.nc.operation.base.facade.controller.statistic.WorkloadStatisticController,doService,2,3
cn.nc.issuance.book.dcm.query.facade.controller.systemadmin.AdvertisingPositionDetailExportController#handle,cn.nc.issuance.book.dcm.query.facade.controller.systemadmin.AdvertisingPositionDetailExportController,handle,1,1
cn.nc.user.seal.facade.controller.SealHisClientBatchApprovalPassController#sealHisApprovalPass,cn.nc.user.seal.facade.controller.SealHisClientBatchApprovalPassController,sealHisApprovalPass,1,1
cn.nc.user.ukey.facade.controller.UkeyExpressCenterDeleteController#doService,cn.nc.user.ukey.facade.controller.UkeyExpressCenterDeleteController,doService,5,18
cn.nc.issuance.book.dcm.query.facade.controller.systemadmin.RegtrationFilesToSHCHDetailController#handle,cn.nc.issuance.book.dcm.query.facade.controller.systemadmin.RegtrationFilesToSHCHDetailController,handle,1,1
cn.nc.issuance.bid.facade.controller.biddingManagement.bidInfoMgmt.ExportBidDetailController#handle,cn.nc.issuance.bid.facade.controller.biddingManagement.bidInfoMgmt.ExportBidDetailController,handle,1,1
cn.nc.channel.backend.facade.controller.PageSettingQueryCmptListController#queryCmptByClassicLayoutId,cn.nc.channel.backend.facade.controller.PageSettingQueryCmptListController,queryCmptByClassicLayoutId,1,1
cn.nc.issuance.book.dcm.query.facade.controller.directinvestor.whitelist.nx.BondInfoQueryController#bondInfoQuery,cn.nc.issuance.book.dcm.query.facade.controller.directinvestor.whitelist.nx.BondInfoQueryController,bondInfoQuery,1,1
cn.nc.issuance.book.dcm.query.facade.controller.querystatistics.BookProcessAdjustDetailQueryController#handle,cn.nc.issuance.book.dcm.query.facade.controller.querystatistics.BookProcessAdjustDetailQueryController,handle,1,1
cn.nc.channel.mix.controller.channel.subscribe.QueryCrmwSaleProductsController#queryCrmwSaleProducts,cn.nc.channel.mix.controller.channel.subscribe.QueryCrmwSaleProductsController,queryCrmwSaleProducts,1,1
cn.nc.channel.auth.inner.facade.controller.AuthLoginController#doService,cn.nc.channel.auth.inner.facade.controller.AuthLoginController,doService,5,29
cn.nc.channel.backend.facade.controller.InstitutionHistoricalBondController#doService,cn.nc.channel.backend.facade.controller.InstitutionHistoricalBondController,doService,3,6
cn.nc.channel.mix.controller.channel.subscribe.QueryInvestorBondsController#queryInvestorBonds,cn.nc.channel.mix.controller.channel.subscribe.QueryInvestorBondsController,queryInvestorBonds,1,1
cn.nc.issuance.book.dcm.query.facade.controller.bill.PrintPdfDownloadController#downloadProgress,cn.nc.issuance.book.dcm.query.facade.controller.bill.PrintPdfDownloadController,downloadProgress,3,7
cn.nc.channel.msg.facade.controller.MessagePushController#doService,cn.nc.channel.msg.facade.controller.MessagePushController,doService,2,1
cn.nc.issuance.book.dcm.facade.controller.external.DCMForExternalCallbackReportController#callbackReportGenerate,cn.nc.issuance.book.dcm.facade.controller.external.DCMForExternalCallbackReportController,callbackReportGenerate,1,1
cn.nc.issuance.book.dcm.facade.controller.bondAdd.BondManageModifyController#doService,cn.nc.issuance.book.dcm.facade.controller.bondAdd.BondManageModifyController,doService,2,2
cn.nc.pub.msg.facade.controller.productTag.ProductTagListQueryController#doService,cn.nc.pub.msg.facade.controller.productTag.ProductTagListQueryController,doService,2,5
cn.nc.issuance.bid.facade.controller.bondccdc.SaveBondInfoCcdcController#doService,cn.nc.issuance.bid.facade.controller.bondccdc.SaveBondInfoCcdcController,doService,2,7
cn.nc.issuance.book.dcm.query.facade.controller.hisinfoquery.PublishSolutionQueryController#handle,cn.nc.issuance.book.dcm.query.facade.controller.hisinfoquery.PublishSolutionQueryController,handle,1,1
cn.nc.operation.base.facade.controller.task.TaskQueryCompletedHisController#doService,cn.nc.operation.base.facade.controller.task.TaskQueryCompletedHisController,doService,3,5
cn.nc.channel.mix.controller.channel.dist.QueryDistRecordController#doService,cn.nc.channel.mix.controller.channel.dist.QueryDistRecordController,doService,3,2
cn.nc.operation.base.facade.controller.notice.NoticeGroupGetByIdController#doService,cn.nc.operation.base.facade.controller.notice.NoticeGroupGetByIdController,doService,5,10
cn.nc.issuance.book.dcm.query.facade.controller.groupSet.GroupRefreshGroupOperationController#handle,cn.nc.issuance.book.dcm.query.facade.controller.groupSet.GroupRefreshGroupOperationController,handle,1,1
cn.nc.issuance.book.dcm.query.facade.controller.directinvestor.DirectInvestorAuthDetailController#directInvestorAuthDetail,cn.nc.issuance.book.dcm.query.facade.controller.directinvestor.DirectInvestorAuthDetailController,directInvestorAuthDetail,1,1
cn.nc.user.seal.facade.controller.SealHisClientAddSaveController#doService,cn.nc.user.seal.facade.controller.SealHisClientAddSaveController,doService,5,28
cn.nc.issuance.book.dcm.facade.controller.systemadmin.AdvertisingPositionAuditController#doService,cn.nc.issuance.book.dcm.facade.controller.systemadmin.AdvertisingPositionAuditController,doService,9,38
cn.nc.pub.wkcl.facade.controller.trade.SwitchTradeDayController#doService,cn.nc.pub.wkcl.facade.controller.trade.SwitchTradeDayController,doService,7,18
